[1/1241] skip existing: lloyd
[2/1241] skip existing: kai
[3/1241] skip existing: jay
[4/1241] import: cole ('Cole')
[5/1241] import: zane ('Zane')
[6/1241] import: nya ('Nya')
[7/1241] import: wu ('Wu')
[8/1241] import: garmadon ('Garmadon')
[9/1241] import: pythor ('Pythor')
[10/1241] import: overlord ('The Overlord')
[11/1241] import: ace ('Ace')
[12/1241] import: acid-monsters ('Acid Monsters')
[13/1241] import: acidicus ('Acidicus')
[14/1241] import: acona ('Acona')
[15/1241] import: acronix ('Acronix')
[16/1241] import: adam ('Adam')
[17/1241] import: adara ('Adara')
[18/1241] import: admin-droid ('Admin Droid')
[19/1241] import: administration-agents ('Administration Agents')
[20/1241] import: adventure-ready-woman ('Adventure-Ready Woman')
[21/1241] import: akita ('Akita')
[22/1241] import: albert ('Albert')
[23/1241] import: alfonzo-frohicky ('Alfonzo Frohicky')
[24/1241] import: alfonzo-frohickys-mother ("Alfonzo Frohicky's mother")
[25/1241] import: algae-farmers ('Algae farmers')
[26/1241] import: algu ('Algu')
[27/1241] import: anacondrai ('Anacondrai')
[28/1241] import: anacondrai-cultists ('Anacondrai Cultists')
[29/1241] import: anacondrai-generals ('Anacondrai generals')
[30/1241] import: anacondrai-serpent ('Anacondrai serpent')
[31/1241] import: andrea-thomson ('Andrea Thomson')
[32/1241] import: andrew ('Andrew')
[33/1241] import: androids ('Androids')
[34/1241] import: angler ('Angler')
[35/1241] import: angler-goon ('Angler Goon')
[36/1241] import: announcer ('Announcer')
[37/1241] import: anthony-brutinelli ('Anthony Brutinelli')
[38/1241] import: antonia ('Antonia')
[39/1241] import: apprentice-male ('Apprentice Male')
[40/1241] import: arc-dragon-of-focus ('Arc Dragon of Focus')
[41/1241] import: arc-dragon-of-life ('Arc Dragon of Life')
[42/1241] import: arc-dragons ('Arc Dragons')
[43/1241] import: arccrack ('Arccrack')
[44/1241] import: arcturus ('Arcturus')
[45/1241] import: argus ('Argus')
[46/1241] skip existing: arin
[47/1241] import: arkade ('Arkade')
[48/1241] import: army-of-shintaro ('Army of Shintaro')
[49/1241] import: arrakore ('Arrakore')
[50/1241] import: aru ('Aru')
[51/1241] import: asa ('Asa')
[52/1241] import: ash ('Ash')
[53/1241] import: asimov ('Asimov')
[54/1241] import: aspheera ('Aspheera')
[55/1241] import: aspheeras-cellmates ("Aspheera's cellmates")
[56/1241] import: astro-parasites ('Astro parasites')
[57/1241] import: atta-the-ratta ('Atta the Ratta')
[58/1241] import: attacker-bots ('Attacker bots')
[59/1241] import: attila ('Attila')
[60/1241] import: auto ('Auto')
[61/1241] import: avatar-harumi ('Avatar Harumi')
[62/1241] import: avatar-pink-zane ('Avatar Pink Zane')
[63/1241] import: avatars ('Avatars')
[64/1241] import: bahn ('Bahn')
[65/1241] import: baker ('Baker')
[66/1241] import: balee ('Balee')
[67/1241] import: ballistic-missiles ('Ballistic Missiles')
[68/1241] import: balun ('Balun')
[69/1241] import: bandit ('Bandit')
[70/1241] import: bank-boss ('Bank Boss')
[71/1241] import: bansha ('Bansha')
[72/1241] import: barracudox ('Barracudox')
[73/1241] import: barry ('Barry')
[74/1241] import: battle-mechs ('Battle Mechs')
[75/1241] import: bears ('Bears')
[76/1241] import: beatrix ('Beatrix')
[77/1241] import: beavers ('Beavers')
[78/1241] import: bees ('Bees')
[79/1241] import: beetle-warriors ('Beetle warriors')
[80/1241] import: ben-shephard-character ('Ben Shephard (character)')
[81/1241] import: benny ('Benny')
[82/1241] import: benthomaar ('Benthomaar')
[83/1241] import: benton ('Benton')
[84/1241] import: beohernie ('Beohernie')
[85/1241] import: beta-jay-137 ('Beta Jay 137')
[86/1241] import: betsy ('Betsy')
[87/1241] import: betsys-baby ("Betsy's baby")
[88/1241] import: bezar ('Bezar')
[89/1241] import: big-dan ('Big Dan')
[90/1241] import: big-han ('Big Han')
[91/1241] import: bill ('Bill')
[92/1241] import: bizarro-cole ('Bizarro Cole')
[93/1241] import: bizarro-jay ('Bizarro Jay')
[94/1241] import: bizarro-kai ('Bizarro Kai')
[95/1241] import: bizarro-zane ('Bizarro Zane')
[96/1241] import: blacktron-fan ('Blacktron Fan')
[97/1241] import: blade-knight ('Blade Knight')
[98/1241] import: bladvic ('Bladvic')
[99/1241] import: blake-donovan ('Blake Donovan')
[100/1241] import: blazey-h-speed ('Blazey H. Speed')
[101/1241] import: bleckt ('Bleckt')
[102/1241] import: blizzard-archers ('Blizzard Archers')
[103/1241] import: blizzard-samurai ('Blizzard Samurai')
[104/1241] import: blizzard-sword-masters ('Blizzard Sword Masters')
[105/1241] import: blizzard-warriors ('Blizzard Warriors')
[106/1241] import: blue-dragon ('Blue Dragon')
[107/1241] import: blunck ('Blunck')
[108/1241] import: boa-destructors ('Boa Destructors')
[109/1241] import: boat-vendor ('Boat Vendor')
[110/1241] import: bob-the-lego-ninjago-movie ('Bob (The LEGO Ninjago Movie)')
[111/1241] import: bob-rattlebottom ('Bob Rattlebottom')
[112/1241] import: bob-the-intern ('Bob the Intern')
[113/1241] import: bob-bob ('Bob-Bob')
[114/1241] import: bolobo ('Bolobo')
[115/1241] import: bolsen ('Bolsen')
[116/1241] import: boma ('Boma')
[117/1241] import: bone-collectors ('Bone collectors')
[118/1241] import: bone-guards ('Bone Guards')
[119/1241] import: bone-hunters ('Bone Hunters')
[120/1241] import: bone-king ('Bone King')
[121/1241] import: bone-knights ('Bone Knights')
[122/1241] import: bone-scorpions ('Bone Scorpions')
[123/1241] import: bone-scorpios ('Bone Scorpios')
[124/1241] import: bone-warriors ('Bone Warriors')
[125/1241] import: bonepickers ('Bonepickers')
[126/1241] import: bonezai ('Bonezai')
[127/1241] import: bonnie ('Bonnie')
[128/1241] import: bonzle ('Bonzle')
[129/1241] import: boreal ('Boreal')
[130/1241] import: borg-store-employee ('Borg Store Employee')
[131/1241] import: brad-tudabone ('Brad Tudabone')
[132/1241] import: bragi-schut-character ('Bragi Schut (character)')
[133/1241] import: brayden-nelson-character ('Brayden Nelson (character)')
[134/1241] import: bridge-warriors ('Bridge Warriors')
[135/1241] import: brillies ('Brillies')
[136/1241] import: bron ('Bron')
[137/1241] import: brook ('Brook')
[138/1241] import: brutal-debbie ('Brutal Debbie')
[139/1241] import: buck-buck ('Buck Buck')
[140/1241] import: bucko ('Bucko')
[141/1241] import: buffer ('Buffer')
[142/1241] import: buffmillion ('Buffmillion')
[143/1241] import: bunch ('Bunch')
[144/1241] import: bunchu ('Bunchu')
[145/1241] import: burnt-generals ('Burnt Generals')
[146/1241] import: business-woman ('Business Woman')
[147/1241] import: butchie ('Butchie')
[148/1241] import: bytar ('Bytar')
[149/1241] import: captain-dragons-rising ('Captain (Dragons Rising)')
[150/1241] import: cardinsto ('Cardinsto')
[151/1241] import: caregiver-bot ('Caregiver bot')
[152/1241] import: carradi ('Carradi')
[153/1241] import: castaway ('Castaway')
[154/1241] import: cathy ('Cathy')
[155/1241] import: cats ('Cats')
[156/1241] import: cave-snake ('Cave Snake')
[157/1241] import: cece ('Cece')
[158/1241] import: cecil-putnam ('Cecil Putnam')
[159/1241] import: centipede-monster ('Centipede monster')
[160/1241] import: chad ('Chad')
[161/1241] import: chamille ('Chamille')
[162/1241] import: chan-kong-sang ('Chan Kong-Sang')
[163/1241] import: char ('Char')
[164/1241] import: charlie ('Charlie')
[165/1241] import: checkout-girl ('Checkout Girl')
[166/1241] import: chen ('Chen')
[167/1241] import: chew-toy ('Chew Toy')
[168/1241] import: chickens ('Chickens')
[169/1241] import: children-of-the-wolf ('Children of the Wolf')
[170/1241] import: chip-c-rumble ('Chip C. Rumble')
[171/1241] import: chironograx ('Chironograx')
[172/1241] import: chironograxs-clan ("Chironograx's clan")
[173/1241] import: chokun ('Chokun')
[174/1241] import: chompy ('Chompy')
[175/1241] import: chope ('Chope')
[176/1241] import: chopov ('Chopov')
[177/1241] import: chopper-maroon ('Chopper Maroon')
[178/1241] import: chris ('Chris')
[179/1241] import: christina ('Christina')
[180/1241] import: chrome-domes ('Chrome Domes')
[181/1241] import: chuck ('Chuck')
[182/1241] import: chuck-wus-teas ("Chuck (Wu's Teas)")
[183/1241] import: cinder ('Cinder')
[184/1241] import: circus-clown ('Circus Clown')
[185/1241] import: claire ('Claire')
[186/1241] import: clancee ('Clancee')
[187/1241] import: claw-generals ('Claw Generals')
[188/1241] import: claw-hunters ('Claw Hunters')
[189/1241] import: cliff-gordon ('Cliff Gordon')
[190/1241] import: clouse ('Clouse')
[191/1241] import: clutch-powers ('Clutch Powers')
[192/1241] import: clutch-powers-interns ("Clutch Powers' interns")
[193/1241] import: coast-guard ('Coast Guard')
[194/1241] import: cobra-mechanics ('Cobra Mechanics')
[195/1241] import: coconut-copy ('Coconut copy')
[196/1241] import: cole-the-lego-movie ('Cole (The LEGO Movie)')
[197/1241] import: cole-the-lego-ninjago-movie ('Cole (The LEGO Ninjago Movie)')
[198/1241] import: coles-family ("Cole's family")
[199/1241] import: colin ('Colin')
[200/1241] import: collins ('Collins')
[201/1241] import: colossus ('Colossus')
[202/1241] import: constrictai ('Constrictai')
[203/1241] import: construction-workers ('Construction workers')
[204/1241] import: cook ('Cook')
[205/1241] import: cooper ('Cooper')
[206/1241] import: corrupted-ones ('Corrupted Ones')
[207/1241] import: council-of-sources ('Council of Sources')
[208/1241] import: council-of-the-crystal-king ('Council of the Crystal King')
[209/1241] import: courthouse-civilian ('Courthouse civilian')
[210/1241] import: cowler ('Cowler')
[211/1241] import: cows ('Cows')
[212/1241] import: crab-monster ('Crab monster')
[213/1241] import: crabbed-beast ('Crabbed beast')
[214/1241] import: crabby ('Crabby')
[215/1241] import: crag-nor ('Crag-Nor')
[216/1241] import: cragger ('Cragger')
[217/1241] import: cruel-lord ('Cruel Lord')
[218/1241] import: cruel-lords-guards ("Cruel Lord's guards")
[219/1241] import: crusher ('Crusher')
[220/1241] import: crusty ('Crusty')
[221/1241] import: cryptor ('Cryptor')
[222/1241] import: crystal-army ('Crystal army')
[223/1241] import: crystal-warriors ('Crystal Warriors')
[224/1241] import: crystal-zombies ('Crystal zombies')
[225/1241] import: cyber-dragons ('Cyber Dragons')
[226/1241] import: cyber-giant ('Cyber Giant')
[227/1241] import: cyclops-gary ('Cyclops Gary')
[228/1241] import: cyclopses ('Cyclopses')
[229/1241] import: cyren ('Cyren')
[230/1241] import: cyrus ('Cyrus')
[231/1241] import: cyrus-borg ('Cyrus Borg')
[232/1241] import: daddy-no-legs ('Daddy No Legs')
[233/1241] import: daidan ('Daidan')
[234/1241] import: daidans-child ("Daidan's child")
[235/1241] import: daidarabotchi ('Daidarabotchi')
[236/1241] import: dale ('Dale')
[237/1241] import: dan-inmate ('Dan (inmate)')
[238/1241] import: dan-security-guard ('Dan (security guard)')
[239/1241] import: dan-and-kevin-hageman-characters ('Dan and Kevin Hageman (characters)')
[240/1241] import: dan-daniels ('Dan Daniels')
[241/1241] import: dan-vaapit ('Dan Vaapit')
[242/1241] import: dangerbuff-clan ('Dangerbuff clan')
[243/1241] import: dareth ('Dareth')
[244/1241] import: dark-samurai ('Dark Samurai')
[245/1241] import: darkleys-students ("Darkley's students")
[246/1241] import: death-wasps ('Death Wasps')
[247/1241] import: dee-jay-81 ('Dee-Jay 81')
[248/1241] import: delara ('Delara')
[249/1241] import: delphee ('Delphee')
[250/1241] import: delphees-mother ("Delphee's mother")
[251/1241] import: demolition-ace ('Demolition Ace')
[252/1241] import: denholt ('Denholt')
[253/1241] import: denza ('Denza')
[254/1241] import: destinys-bounty-pirates ("Destiny's Bounty pirates")
[255/1241] import: devonians ('Devonians')
[256/1241] import: dillon ('Dillon')
[257/1241] import: din ('Din')
[258/1241] import: dire-bats ('Dire Bats')
[259/1241] import: djinjagan-dragons ('Djinjagan Dragons')
[260/1241] import: djinns ('Djinns')
[261/1241] import: dogs ('Dogs')
[262/1241] import: dogshank ('Dogshank')
[263/1241] import: dojo-kid ('Dojo Kid')
[264/1241] import: dolphins ('Dolphins')
[265/1241] import: dom-de-la-woosh ('Dom de la Woosh')
[266/1241] import: dorama ('Dorama')
[267/1241] import: doramas-stagehands ("Dorama's stagehands")
[268/1241] import: doubloon ('Doubloon')
[269/1241] import: doves ('Doves')
[270/1241] import: dr-julien ('Dr. Julien')
[271/1241] import: dr-larow ('Dr. LaRow')
[272/1241] import: dragon-critters ('Dragon critters')
[273/1241] import: dragon-hunters ('Dragon Hunters')
[274/1241] import: dragon-keeper ('Dragon keeper')
[275/1241] import: dragon-mechs ('Dragon Mechs')
[276/1241] import: dragonhead ('Dragonhead')
[277/1241] import: dragonian-hunting-party ('Dragonian Hunting Party')
[278/1241] import: dragonian-scouts ('Dragonian Scouts')
[279/1241] import: dragonian-tourist ('Dragonian Tourist')
[280/1241] import: dragonian-trackers ('Dragonian Trackers')
[281/1241] import: dragonian-warriors ('Dragonian Warriors')
[282/1241] import: dragonians ('Dragonians')
[283/1241] import: dragonides ('Dragonides')
[284/1241] import: dragons ('Dragons')
[285/1241] import: dragons-of-fallen-leaves ('Dragons of Fallen Leaves')
[286/1241] import: dragons-of-the-northern-spiral ('Dragons of the Northern Spiral')
[287/1241] import: dream-chasers ('Dream Chasers')
[288/1241] import: dream-guyvers ('Dream-Guyvers')
[289/1241] import: drix ('Drix')
[290/1241] import: ducks ('Ducks')
[291/1241] import: dusk ('Dusk')
[292/1241] import: dwayne ('Dwayne')
[293/1241] import: earth-dragons-core ('Earth Dragons (Core)')
[294/1241] import: earth-dragons-first-land ('Earth Dragons (First Land)')
[295/1241] import: earth-monsters ('Earth Monsters')
[296/1241] import: echo-zane ('Echo Zane')
[297/1241] import: ed ('Ed')
[298/1241] import: ed-the-lego-ninjago-movie ('Ed (The LEGO Ninjago Movie)')
[299/1241] import: edna ('Edna')
[300/1241] import: edna-the-lego-ninjago-movie ('Edna (The LEGO Ninjago Movie)')
[301/1241] import: eels ('Eels')
[302/1241] import: egalt ('Egalt')
[303/1241] import: egon-the-extraordinary ('Egon the Extraordinary')
[304/1241] import: eileen ('Eileen')
[305/1241] import: electro-cobrai ('Electro-Cobrai')
[306/1241] import: elemental-alliance ('Elemental Alliance')
[307/1241] import: elemental-cobras ('Elemental Cobras')
[308/1241] import: elemental-fighters ('Elemental Fighters')
[309/1241] import: elemental-master-of-kismet ('Elemental Master of Kismet')
[310/1241] import: elemental-master-of-portals ('Elemental Master of Portals')
[311/1241] import: elemental-master-of-shockwave ('Elemental Master of Shockwave')
[312/1241] import: elemental-masters ('Elemental Masters')
[313/1241] import: elemental-monsters ('Elemental Monsters')
[314/1241] import: eliminators ('Eliminators')
[315/1241] import: ellie ('Ellie')
[316/1241] import: elway ('Elway')
[317/1241] import: emcee ('Emcee')
[318/1241] import: emperor-of-ninjago ('Emperor of Ninjago')
[319/1241] import: empire-dragon ('Empire Dragon')
[320/1241] import: empress-of-ninjago ('Empress of Ninjago')
[321/1241] import: engelbert ('Engelbert')
[322/1241] import: etha ('Etha')
[323/1241] import: euphrasia ('Euphrasia')
[324/1241] import: evil-ninja ('Evil ninja')
[325/1241] import: eyezor ('Eyezor')
[326/1241] import: faith ('Faith')
[327/1241] import: falcons-mate ("Falcon's mate")
[328/1241] import: fang-mouths ('Fang Mouths')
[329/1241] import: fang-suei ('Fang-Suei')
[330/1241] import: fangdam ('Fangdam')
[331/1241] import: fangfish ('Fangfish')
[332/1241] import: fangpyre ('Fangpyre')
[333/1241] import: fangtom ('Fangtom')
[334/1241] import: farbissina ('Farbissina')
[335/1241] import: fast-chickens ('Fast Chickens')
[336/1241] import: fear-factor ('Fear Factor')
[337/1241] import: fedulian ('Fedulian')
[338/1241] import: feisty ('Feisty')
[339/1241] import: fenwick ('Fenwick')
[340/1241] import: finders ('Finders')
[341/1241] import: fire-dragon-core ('Fire Dragon (Core)')
[342/1241] import: fire-dragon-dragons-rising ('Fire Dragon (Dragons Rising)')
[343/1241] import: fire-dragon-tribe ('Fire Dragon Tribe')
[344/1241] import: fire-dragons-first-land ('Fire Dragons (First Land)')
[345/1241] import: fire-eater ('Fire eater')
[346/1241] import: fire-fang ('Fire Fang')
[347/1241] import: fire-fiends ('Fire Fiends')
[348/1241] import: fire-master ('Fire Master')
[349/1241] import: fire-monsters ('Fire Monsters')
[350/1241] import: fire-spiders ('Fire spiders')
[351/1241] import: first-master-of-ice ('First Master of Ice')
[352/1241] import: first-mate ('First Mate')
[353/1241] import: first-spinjitzu-master ('First Spinjitzu Master')
[354/1241] import: first-spinjitzu-masters-guardians ("First Spinjitzu Master's guardians")
[355/1241] import: firstbourne ('Firstbourne')
[356/1241] import: fish ('Fish')
[357/1241] import: fisherman ('Fisherman')
[358/1241] import: flame ('Flame')
[359/1241] import: flameheart ('Flameheart')
[360/1241] import: fleetwood-mech ('Fleetwood Mech')
[361/1241] import: flerry-mcfloyster ('Flerry McFloyster')
[362/1241] import: flintlocke ('Flintlocke')
[363/1241] import: fluffy ('Fluffy')
[364/1241] import: forbidden-five ('Forbidden Five')
[365/1241] import: forest-dragons ('Forest Dragons')
[366/1241] import: formling-leader ('Formling Leader')
[367/1241] import: formlings ('Formlings')
[368/1241] import: four-eyes ('Four Eyes')
--- 2026-04-03T16:04:13-07:00 full reimport --force ---
[1/1241] import: lloyd ('Lloyd')
[369/1241] import: frak ('Frak')
[370/1241] import: fraks-mother ("Frak's mother")
[371/1241] import: frakjaw ('Frakjaw')
[2/1241] import: kai ('Kai')
[372/1241] import: francis ('Francis')
[373/1241] import: fred-finely ('Fred Finely')
[3/1241] import: jay ('Jay')
[374/1241] import: freya ('Freya')
[375/1241] import: fritz ('Fritz')
[4/1241] import: cole ('Cole')
[376/1241] import: frost-bite ('Frost-bite')
[377/1241] import: fuchsia-ninja ('Fuchsia Ninja')
[5/1241] import: zane ('Zane')
[378/1241] import: fuchsia-ninja-the-lego-ninjago-movie ('Fuchsia Ninja (The LEGO Ninjago Movie)')
[6/1241] import: nya ('Nya')
[379/1241] import: fugi-dove ('Fugi-Dove')
[380/1241] import: fugi-doves-brother ("Fugi-Dove's brother")
[7/1241] import: wu ('Wu')
[8/1241] import: garmadon ('Garmadon')
[9/1241] import: pythor ('Pythor')
[10/1241] import: overlord ('The Overlord')
[11/1241] import: ace ('Ace')
[12/1241] import: acid-monsters ('Acid Monsters')
[13/1241] import: acidicus ('Acidicus')
[14/1241] import: acona ('Acona')
[15/1241] import: acronix ('Acronix')
[16/1241] import: adam ('Adam')
[17/1241] import: adara ('Adara')
[18/1241] import: admin-droid ('Admin Droid')
[19/1241] import: administration-agents ('Administration Agents')
[20/1241] import: adventure-ready-woman ('Adventure-Ready Woman')
[21/1241] import: akita ('Akita')
[22/1241] import: albert ('Albert')
[23/1241] import: alfonzo-frohicky ('Alfonzo Frohicky')
[24/1241] import: alfonzo-frohickys-mother ("Alfonzo Frohicky's mother")
[25/1241] import: algae-farmers ('Algae farmers')
[26/1241] import: algu ('Algu')
[27/1241] import: anacondrai ('Anacondrai')
[28/1241] import: anacondrai-cultists ('Anacondrai Cultists')
[29/1241] import: anacondrai-generals ('Anacondrai generals')
[30/1241] import: anacondrai-serpent ('Anacondrai serpent')
[31/1241] import: andrea-thomson ('Andrea Thomson')
[32/1241] import: andrew ('Andrew')
[33/1241] import: androids ('Androids')
[34/1241] import: angler ('Angler')
[35/1241] import: angler-goon ('Angler Goon')
[36/1241] import: announcer ('Announcer')
[37/1241] import: anthony-brutinelli ('Anthony Brutinelli')
[38/1241] import: antonia ('Antonia')
[39/1241] import: apprentice-male ('Apprentice Male')
[40/1241] import: arc-dragon-of-focus ('Arc Dragon of Focus')
[41/1241] import: arc-dragon-of-life ('Arc Dragon of Life')
[42/1241] import: arc-dragons ('Arc Dragons')
[43/1241] import: arccrack ('Arccrack')
[44/1241] import: arcturus ('Arcturus')
[45/1241] import: argus ('Argus')
[46/1241] import: arin ('Arin')
[47/1241] import: arkade ('Arkade')
[48/1241] import: army-of-shintaro ('Army of Shintaro')
[49/1241] import: arrakore ('Arrakore')
[50/1241] import: aru ('Aru')
[51/1241] import: asa ('Asa')
[52/1241] import: ash ('Ash')
[53/1241] import: asimov ('Asimov')
[54/1241] import: aspheera ('Aspheera')
[55/1241] import: aspheeras-cellmates ("Aspheera's cellmates")
[56/1241] import: astro-parasites ('Astro parasites')
[57/1241] import: atta-the-ratta ('Atta the Ratta')
[58/1241] import: attacker-bots ('Attacker bots')
[59/1241] import: attila ('Attila')
[60/1241] import: auto ('Auto')
[61/1241] import: avatar-harumi ('Avatar Harumi')
[62/1241] import: avatar-pink-zane ('Avatar Pink Zane')
[63/1241] import: avatars ('Avatars')
[64/1241] import: bahn ('Bahn')
[65/1241] import: baker ('Baker')
[66/1241] import: balee ('Balee')
[67/1241] import: ballistic-missiles ('Ballistic Missiles')
[68/1241] import: balun ('Balun')
[69/1241] import: bandit ('Bandit')
[70/1241] import: bank-boss ('Bank Boss')
[71/1241] import: bansha ('Bansha')
[72/1241] import: barracudox ('Barracudox')
[73/1241] import: barry ('Barry')
[74/1241] import: battle-mechs ('Battle Mechs')
[75/1241] import: bears ('Bears')
[76/1241] import: beatrix ('Beatrix')
[77/1241] import: beavers ('Beavers')
[78/1241] import: bees ('Bees')
[79/1241] import: beetle-warriors ('Beetle warriors')
[80/1241] import: ben-shephard-character ('Ben Shephard (character)')
[81/1241] import: benny ('Benny')
[82/1241] import: benthomaar ('Benthomaar')
[83/1241] import: benton ('Benton')
[84/1241] import: beohernie ('Beohernie')
[85/1241] import: beta-jay-137 ('Beta Jay 137')
[86/1241] import: betsy ('Betsy')
[87/1241] import: betsys-baby ("Betsy's baby")
[88/1241] import: bezar ('Bezar')
[89/1241] import: big-dan ('Big Dan')
[90/1241] import: big-han ('Big Han')
[91/1241] import: bill ('Bill')
[92/1241] import: bizarro-cole ('Bizarro Cole')
[93/1241] import: bizarro-jay ('Bizarro Jay')
[94/1241] import: bizarro-kai ('Bizarro Kai')
[95/1241] import: bizarro-zane ('Bizarro Zane')
[96/1241] import: blacktron-fan ('Blacktron Fan')
[97/1241] import: blade-knight ('Blade Knight')
[98/1241] import: bladvic ('Bladvic')
[99/1241] import: blake-donovan ('Blake Donovan')
[100/1241] import: blazey-h-speed ('Blazey H. Speed')
[101/1241] import: bleckt ('Bleckt')
[102/1241] import: blizzard-archers ('Blizzard Archers')
[103/1241] import: blizzard-samurai ('Blizzard Samurai')
[104/1241] import: blizzard-sword-masters ('Blizzard Sword Masters')
[105/1241] import: blizzard-warriors ('Blizzard Warriors')
[106/1241] import: blue-dragon ('Blue Dragon')
[107/1241] import: blunck ('Blunck')
[108/1241] import: boa-destructors ('Boa Destructors')
[109/1241] import: boat-vendor ('Boat Vendor')
[110/1241] import: bob-the-lego-ninjago-movie ('Bob (The LEGO Ninjago Movie)')
[111/1241] import: bob-rattlebottom ('Bob Rattlebottom')
[112/1241] import: bob-the-intern ('Bob the Intern')
[113/1241] import: bob-bob ('Bob-Bob')
[114/1241] import: bolobo ('Bolobo')
[115/1241] import: bolsen ('Bolsen')
[116/1241] import: boma ('Boma')
[117/1241] import: bone-collectors ('Bone collectors')
[118/1241] import: bone-guards ('Bone Guards')
[119/1241] import: bone-hunters ('Bone Hunters')
[120/1241] import: bone-king ('Bone King')
[121/1241] import: bone-knights ('Bone Knights')
[122/1241] import: bone-scorpions ('Bone Scorpions')
[123/1241] import: bone-scorpios ('Bone Scorpios')
[124/1241] import: bone-warriors ('Bone Warriors')
[125/1241] import: bonepickers ('Bonepickers')
[126/1241] import: bonezai ('Bonezai')
[127/1241] import: bonnie ('Bonnie')
[128/1241] import: bonzle ('Bonzle')
[129/1241] import: boreal ('Boreal')
[130/1241] import: borg-store-employee ('Borg Store Employee')
[131/1241] import: brad-tudabone ('Brad Tudabone')
[132/1241] import: bragi-schut-character ('Bragi Schut (character)')
[133/1241] import: brayden-nelson-character ('Brayden Nelson (character)')
[134/1241] import: bridge-warriors ('Bridge Warriors')
[135/1241] import: brillies ('Brillies')
[136/1241] import: bron ('Bron')
[137/1241] import: brook ('Brook')
[138/1241] import: brutal-debbie ('Brutal Debbie')
[139/1241] import: buck-buck ('Buck Buck')
[140/1241] import: bucko ('Bucko')
[141/1241] import: buffer ('Buffer')
[142/1241] import: buffmillion ('Buffmillion')
[143/1241] import: bunch ('Bunch')
[144/1241] import: bunchu ('Bunchu')
[145/1241] import: burnt-generals ('Burnt Generals')
[146/1241] import: business-woman ('Business Woman')
[147/1241] import: butchie ('Butchie')
[148/1241] import: bytar ('Bytar')
[149/1241] import: captain-dragons-rising ('Captain (Dragons Rising)')
[150/1241] import: cardinsto ('Cardinsto')
[151/1241] import: caregiver-bot ('Caregiver bot')
[152/1241] import: carradi ('Carradi')
[153/1241] import: castaway ('Castaway')
[154/1241] import: cathy ('Cathy')
[155/1241] import: cats ('Cats')
[156/1241] import: cave-snake ('Cave Snake')
[157/1241] import: cece ('Cece')
[158/1241] import: cecil-putnam ('Cecil Putnam')
[159/1241] import: centipede-monster ('Centipede monster')
[160/1241] import: chad ('Chad')
[161/1241] import: chamille ('Chamille')
[162/1241] import: chan-kong-sang ('Chan Kong-Sang')
[163/1241] import: char ('Char')
[164/1241] import: charlie ('Charlie')
[165/1241] import: checkout-girl ('Checkout Girl')
[166/1241] import: chen ('Chen')
[167/1241] import: chew-toy ('Chew Toy')
[168/1241] import: chickens ('Chickens')
[169/1241] import: children-of-the-wolf ('Children of the Wolf')
[170/1241] import: chip-c-rumble ('Chip C. Rumble')
[171/1241] import: chironograx ('Chironograx')
[172/1241] import: chironograxs-clan ("Chironograx's clan")
[173/1241] import: chokun ('Chokun')
[174/1241] import: chompy ('Chompy')
[175/1241] import: chope ('Chope')
[176/1241] import: chopov ('Chopov')
[177/1241] import: chopper-maroon ('Chopper Maroon')
[178/1241] import: chris ('Chris')
[179/1241] import: christina ('Christina')
[180/1241] import: chrome-domes ('Chrome Domes')
[181/1241] import: chuck ('Chuck')
[182/1241] import: chuck-wus-teas ("Chuck (Wu's Teas)")
[183/1241] import: cinder ('Cinder')
[184/1241] import: circus-clown ('Circus Clown')
[185/1241] import: claire ('Claire')
[186/1241] import: clancee ('Clancee')
[187/1241] import: claw-generals ('Claw Generals')
[188/1241] import: claw-hunters ('Claw Hunters')
[189/1241] import: cliff-gordon ('Cliff Gordon')
[190/1241] import: clouse ('Clouse')
[191/1241] import: clutch-powers ('Clutch Powers')
[192/1241] import: clutch-powers-interns ("Clutch Powers' interns")
[193/1241] import: coast-guard ('Coast Guard')
[194/1241] import: cobra-mechanics ('Cobra Mechanics')
[195/1241] import: coconut-copy ('Coconut copy')
[196/1241] import: cole-the-lego-movie ('Cole (The LEGO Movie)')
[197/1241] import: cole-the-lego-ninjago-movie ('Cole (The LEGO Ninjago Movie)')
[198/1241] import: coles-family ("Cole's family")
[199/1241] import: colin ('Colin')
[200/1241] import: collins ('Collins')
[201/1241] import: colossus ('Colossus')
[202/1241] import: constrictai ('Constrictai')
[203/1241] import: construction-workers ('Construction workers')
[204/1241] import: cook ('Cook')
[205/1241] import: cooper ('Cooper')
[206/1241] import: corrupted-ones ('Corrupted Ones')
[207/1241] import: council-of-sources ('Council of Sources')
[208/1241] import: council-of-the-crystal-king ('Council of the Crystal King')
[209/1241] import: courthouse-civilian ('Courthouse civilian')
[210/1241] import: cowler ('Cowler')
[211/1241] import: cows ('Cows')
[212/1241] import: crab-monster ('Crab monster')
[213/1241] import: crabbed-beast ('Crabbed beast')
[214/1241] import: crabby ('Crabby')
[215/1241] import: crag-nor ('Crag-Nor')
[216/1241] import: cragger ('Cragger')
[217/1241] import: cruel-lord ('Cruel Lord')
[218/1241] import: cruel-lords-guards ("Cruel Lord's guards")
[219/1241] import: crusher ('Crusher')
[220/1241] import: crusty ('Crusty')
[221/1241] import: cryptor ('Cryptor')
[222/1241] import: crystal-army ('Crystal army')
[223/1241] import: crystal-warriors ('Crystal Warriors')
[224/1241] import: crystal-zombies ('Crystal zombies')
[225/1241] import: cyber-dragons ('Cyber Dragons')
[226/1241] import: cyber-giant ('Cyber Giant')
[227/1241] import: cyclops-gary ('Cyclops Gary')
[228/1241] import: cyclopses ('Cyclopses')
[229/1241] import: cyren ('Cyren')
[230/1241] import: cyrus ('Cyrus')
[231/1241] import: cyrus-borg ('Cyrus Borg')
[232/1241] import: daddy-no-legs ('Daddy No Legs')
[233/1241] import: daidan ('Daidan')
[234/1241] import: daidans-child ("Daidan's child")
[235/1241] import: daidarabotchi ('Daidarabotchi')
[236/1241] import: dale ('Dale')
[237/1241] import: dan-inmate ('Dan (inmate)')
[238/1241] import: dan-security-guard ('Dan (security guard)')
[239/1241] import: dan-and-kevin-hageman-characters ('Dan and Kevin Hageman (characters)')
[240/1241] import: dan-daniels ('Dan Daniels')
[241/1241] import: dan-vaapit ('Dan Vaapit')
[242/1241] import: dangerbuff-clan ('Dangerbuff clan')
[243/1241] import: dareth ('Dareth')
[244/1241] import: dark-samurai ('Dark Samurai')
[245/1241] import: darkleys-students ("Darkley's students")
[246/1241] import: death-wasps ('Death Wasps')
[247/1241] import: dee-jay-81 ('Dee-Jay 81')
[248/1241] import: delara ('Delara')
[249/1241] import: delphee ('Delphee')
[250/1241] import: delphees-mother ("Delphee's mother")
[251/1241] import: demolition-ace ('Demolition Ace')
[252/1241] import: denholt ('Denholt')
[253/1241] import: denza ('Denza')
[254/1241] import: destinys-bounty-pirates ("Destiny's Bounty pirates")
[255/1241] import: devonians ('Devonians')
[256/1241] import: dillon ('Dillon')
[257/1241] import: din ('Din')
[258/1241] import: dire-bats ('Dire Bats')
[259/1241] import: djinjagan-dragons ('Djinjagan Dragons')
[260/1241] import: djinns ('Djinns')
[261/1241] import: dogs ('Dogs')
[262/1241] import: dogshank ('Dogshank')
[263/1241] import: dojo-kid ('Dojo Kid')
[264/1241] import: dolphins ('Dolphins')
[265/1241] import: dom-de-la-woosh ('Dom de la Woosh')
[266/1241] import: dorama ('Dorama')
[267/1241] import: doramas-stagehands ("Dorama's stagehands")
[268/1241] import: doubloon ('Doubloon')
[269/1241] import: doves ('Doves')
[270/1241] import: dr-julien ('Dr. Julien')
[271/1241] import: dr-larow ('Dr. LaRow')
[272/1241] import: dragon-critters ('Dragon critters')
[273/1241] import: dragon-hunters ('Dragon Hunters')
[274/1241] import: dragon-keeper ('Dragon keeper')
[275/1241] import: dragon-mechs ('Dragon Mechs')
[276/1241] import: dragonhead ('Dragonhead')
[277/1241] import: dragonian-hunting-party ('Dragonian Hunting Party')
[278/1241] import: dragonian-scouts ('Dragonian Scouts')
[279/1241] import: dragonian-tourist ('Dragonian Tourist')
[280/1241] import: dragonian-trackers ('Dragonian Trackers')
[281/1241] import: dragonian-warriors ('Dragonian Warriors')
[282/1241] import: dragonians ('Dragonians')
[283/1241] import: dragonides ('Dragonides')
[284/1241] import: dragons ('Dragons')
[285/1241] import: dragons-of-fallen-leaves ('Dragons of Fallen Leaves')
[286/1241] import: dragons-of-the-northern-spiral ('Dragons of the Northern Spiral')
[287/1241] import: dream-chasers ('Dream Chasers')
[288/1241] import: dream-guyvers ('Dream-Guyvers')
[289/1241] import: drix ('Drix')
[290/1241] import: ducks ('Ducks')
[291/1241] import: dusk ('Dusk')
[292/1241] import: dwayne ('Dwayne')
[293/1241] import: earth-dragons-core ('Earth Dragons (Core)')
[294/1241] import: earth-dragons-first-land ('Earth Dragons (First Land)')
[295/1241] import: earth-monsters ('Earth Monsters')
[296/1241] import: echo-zane ('Echo Zane')
[297/1241] import: ed ('Ed')
[298/1241] import: ed-the-lego-ninjago-movie ('Ed (The LEGO Ninjago Movie)')
[299/1241] import: edna ('Edna')
[300/1241] import: edna-the-lego-ninjago-movie ('Edna (The LEGO Ninjago Movie)')
[301/1241] import: eels ('Eels')
[302/1241] import: egalt ('Egalt')
[303/1241] import: egon-the-extraordinary ('Egon the Extraordinary')
[304/1241] import: eileen ('Eileen')
[305/1241] import: electro-cobrai ('Electro-Cobrai')
[306/1241] import: elemental-alliance ('Elemental Alliance')
[307/1241] import: elemental-cobras ('Elemental Cobras')
[308/1241] import: elemental-fighters ('Elemental Fighters')
[309/1241] import: elemental-master-of-kismet ('Elemental Master of Kismet')
[310/1241] import: elemental-master-of-portals ('Elemental Master of Portals')
[311/1241] import: elemental-master-of-shockwave ('Elemental Master of Shockwave')
[312/1241] import: elemental-masters ('Elemental Masters')
[313/1241] import: elemental-monsters ('Elemental Monsters')
[314/1241] import: eliminators ('Eliminators')
[315/1241] import: ellie ('Ellie')
[316/1241] import: elway ('Elway')
[317/1241] import: emcee ('Emcee')
[318/1241] import: emperor-of-ninjago ('Emperor of Ninjago')
[319/1241] import: empire-dragon ('Empire Dragon')
[320/1241] import: empress-of-ninjago ('Empress of Ninjago')
[321/1241] import: engelbert ('Engelbert')
[322/1241] import: etha ('Etha')
[323/1241] import: euphrasia ('Euphrasia')
[324/1241] import: evil-ninja ('Evil ninja')
[325/1241] import: eyezor ('Eyezor')
[326/1241] import: faith ('Faith')
[327/1241] import: falcons-mate ("Falcon's mate")
[328/1241] import: fang-mouths ('Fang Mouths')
[329/1241] import: fang-suei ('Fang-Suei')
[330/1241] import: fangdam ('Fangdam')
[331/1241] import: fangfish ('Fangfish')
[332/1241] import: fangpyre ('Fangpyre')
[333/1241] import: fangtom ('Fangtom')
[334/1241] import: farbissina ('Farbissina')
[335/1241] import: fast-chickens ('Fast Chickens')
[336/1241] import: fear-factor ('Fear Factor')
[337/1241] import: fedulian ('Fedulian')
[338/1241] import: feisty ('Feisty')
[339/1241] import: fenwick ('Fenwick')
[340/1241] import: finders ('Finders')
[341/1241] import: fire-dragon-core ('Fire Dragon (Core)')
[342/1241] import: fire-dragon-dragons-rising ('Fire Dragon (Dragons Rising)')
[343/1241] import: fire-dragon-tribe ('Fire Dragon Tribe')
[344/1241] import: fire-dragons-first-land ('Fire Dragons (First Land)')
[345/1241] import: fire-eater ('Fire eater')
[346/1241] import: fire-fang ('Fire Fang')
[347/1241] import: fire-fiends ('Fire Fiends')
[348/1241] import: fire-master ('Fire Master')
[349/1241] import: fire-monsters ('Fire Monsters')
[350/1241] import: fire-spiders ('Fire spiders')
[351/1241] import: first-master-of-ice ('First Master of Ice')
[352/1241] import: first-mate ('First Mate')
[353/1241] import: first-spinjitzu-master ('First Spinjitzu Master')
[354/1241] import: first-spinjitzu-masters-guardians ("First Spinjitzu Master's guardians")
[355/1241] import: firstbourne ('Firstbourne')
[356/1241] import: fish ('Fish')
[357/1241] import: fisherman ('Fisherman')
[358/1241] import: flame ('Flame')
[359/1241] import: flameheart ('Flameheart')
[360/1241] import: fleetwood-mech ('Fleetwood Mech')
[361/1241] import: flerry-mcfloyster ('Flerry McFloyster')
[362/1241] import: flintlocke ('Flintlocke')
[363/1241] import: fluffy ('Fluffy')
[364/1241] import: forbidden-five ('Forbidden Five')
[365/1241] import: forest-dragons ('Forest Dragons')
[366/1241] import: formling-leader ('Formling Leader')
[367/1241] import: formlings ('Formlings')
[368/1241] import: four-eyes ('Four Eyes')
[369/1241] import: frak ('Frak')
[370/1241] import: fraks-mother ("Frak's mother")
[371/1241] import: frakjaw ('Frakjaw')
[372/1241] import: francis ('Francis')
[373/1241] import: fred-finely ('Fred Finely')
[374/1241] import: freya ('Freya')
[375/1241] import: fritz ('Fritz')
[376/1241] import: frost-bite ('Frost-bite')
[377/1241] import: fuchsia-ninja ('Fuchsia Ninja')
[378/1241] import: fuchsia-ninja-the-lego-ninjago-movie ('Fuchsia Ninja (The LEGO Ninjago Movie)')
[379/1241] import: fugi-dove ('Fugi-Dove')
[380/1241] import: fugi-doves-brother ("Fugi-Dove's brother")
[381/1241] import: fungus ('Fungus')
[382/1241] import: fuzz ('Fuzz')
[383/1241] import: gahrann ('Gahrann')
[384/1241] import: gamer-geek ('Gamer Geek')
[385/1241] import: gandalaria ('Gandalaria')
[386/1241] import: garmadon-the-lego-ninjago-movie ('Garmadon (The LEGO Ninjago Movie)')
[387/1241] import: garpo ('Garpo')
[388/1241] import: gayle-gossip ('Gayle Gossip')
[389/1241] import: geckle-paperworkers ('Geckle paperworkers')
[390/1241] import: geckles ('Geckles')
[391/1241] import: gene ('Gene')
[392/1241] import: genn ('Genn')
[393/1241] import: geo ('Geo')
[394/1241] import: geotomic-rock-monsters ('Geotomic Rock Monsters')
[395/1241] import: gertrude ('Gertrude')
[396/1241] import: ghost-dragons ('Ghost Dragons')
[397/1241] import: ghost-warriors ('Ghost Warriors')
[398/1241] import: ghosts ('Ghosts')
[399/1241] import: ghouls ('Ghouls')
[400/1241] import: ghoultar ('Ghoultar')
[401/1241] import: ghurka ('Ghurka')
[402/1241] import: giant-piranhas ('Giant piranhas')
[403/1241] import: giant-scorpion ('Giant scorpion')
[404/1241] import: giant-spiders ('Giant spiders')
[405/1241] import: giant-stone-warrior ('Giant Stone Warrior')
[406/1241] import: gimon-ogu ('Gimon-Ogu')
[407/1241] import: gingerbread-man ('Gingerbread Man')
[408/1241] import: ginkle ('Ginkle')
[409/1241] import: gleck ('Gleck')
[410/1241] import: gliff ('Gliff')
[411/1241] import: glutinous ('Glutinous')
[412/1241] import: gnippo ('Gnippo')
[413/1241] import: goats ('Goats')
[414/1241] import: golden-ninja-reimagined ('Golden Ninja (Reimagined)')
[415/1241] import: golden-vipers ('Golden Vipers')
[416/1241] import: gong-guitar-rocker ('Gong & Guitar Rocker')
[417/1241] import: gorge ('Gorge')
[418/1241] import: gorzan ('Gorzan')
[419/1241] import: gpl-tech ('GPL Tech')
[420/1241] import: grab-barg ('Grab-Barg')
[421/1241] import: grand-inquisitor ('Grand Inquisitor')
[422/1241] import: gravis ('Gravis')
[423/1241] import: great-devourer ('Great Devourer')
[424/1241] import: great-white ('Great White')
[425/1241] import: green-forest-dragon ('Green Forest Dragon')
[426/1241] import: green-ninja ('Green Ninja')
[427/1241] import: green-screen-gary ('Green Screen Gary')
[428/1241] import: greenbone-leader ('Greenbone Leader')
[429/1241] import: grief-bringer ('Grief-Bringer')
[430/1241] import: griffin-turner ('Griffin Turner')
[431/1241] import: grimfax ('Grimfax')
[432/1241] import: grimfaxs-advisor ("Grimfax's advisor")
[433/1241] import: grimkeepers ('Grimkeepers')
[434/1241] import: grimtak ('Grimtak')
[435/1241] import: grimwolves ('Grimwolves')
[436/1241] import: gripe ('Gripe')
[437/1241] import: groko ('Groko')
[438/1241] import: grouce ('Grouce')
[439/1241] import: guide-parrot ('Guide Parrot')
[440/1241] import: gulch ('Gulch')
[441/1241] import: gus ('Gus')
[442/1241] import: gus-mechanic ('Gus (mechanic)')
[443/1241] import: guy ('Guy')
[444/1241] import: gweeg ('Gweeg')
[445/1241] import: hackler ('Hackler')
[446/1241] import: hageman ('Hageman')
[447/1241] import: hai ('Hai')
[448/1241] import: hailmar ('Hailmar')
[449/1241] import: ham ('Ham')
[450/1241] import: hammer-head ('Hammer Head')
[451/1241] import: hana ('Hana')
[452/1241] import: hantro ('Hantro')
[453/1241] import: harumi ('Harumi')
[454/1241] import: harumis-parents ("Harumi's parents")
[455/1241] import: hayley-wolfe-character ('Hayley Wolfe (character)')
[456/1241] import: hazza-dur ("Hazza D'ur")
[457/1241] import: heatwave ('Heatwave')
[458/1241] import: henchmen ('Henchmen')
[459/1241] import: henjamin ('Henjamin')
[460/1241] import: henry ('Henry')
[461/1241] import: henry-yak ('Henry (yak)')
[462/1241] import: hermes ('Hermes')
[463/1241] import: hibernus ('Hibernus')
[464/1241] import: hibiki ('Hibiki')
[465/1241] import: hiroshi ('Hiroshi')
[466/1241] import: hiz-shadoh ('Hiz Shadoh')
[467/1241] import: horned-cat-tribe ('Horned Cat Tribe')
[468/1241] import: hostess ('Hostess')
[469/1241] import: hounddog-mcbrag ('Hounddog McBrag')
[470/1241] import: howla ('Howla')
[471/1241] import: humans ('Humans')
[472/1241] import: hunter-no-29 ('Hunter No. 29')
[473/1241] import: hutchins ('Hutchins')
[474/1241] import: hyper-sonic ('Hyper-Sonic')
[475/1241] import: hypno-vipers ('Hypno Vipers')
[476/1241] import: hypnobrai ('Hypnobrai')
[477/1241] import: ice-behemoth ('Ice Behemoth')
[478/1241] import: ice-birds ('Ice Birds')
[479/1241] import: ice-dragons-core ('Ice Dragons (Core)')
[480/1241] import: ice-dragons-first-land ('Ice Dragons (First Land)')
[481/1241] import: ice-emperor-npc ('Ice Emperor (NPC)')
[482/1241] import: ice-emperor-spinjitzu-virtues ('Ice Emperor (Spinjitzu Virtues)')
[483/1241] import: ice-fishers ('Ice Fishers')
[484/1241] import: ice-monsters ('Ice Monsters')
[485/1241] import: ignacian-villagers ('Ignacian Villagers')
[486/1241] import: imperial-sludge ('Imperial Sludge')
[487/1241] import: imperians ('Imperians')
[488/1241] import: imperium-guard-commanders ('Imperium Guard Commanders')
[489/1241] import: imperium-guards ('Imperium Guards')
[490/1241] import: imperium-teen-resistance-force ('Imperium Teen Resistance Force')
[491/1241] import: indi ('Indi')
[492/1241] import: insect-master ('Insect Master')
[493/1241] import: intelligent-george ('Intelligent George')
[494/1241] import: iriel ('Iriel')
[495/1241] import: iron-baron ('Iron Baron')
[496/1241] import: it-bat-nerd ('IT Bat Nerd')
[497/1241] import: ivy-walker ('Ivy Walker')
--- 2026-04-03T16:18:05-07:00 force reimport start ---
[1/1241] import: lloyd ('Lloyd')
[498/1241] import: izzie ('Izzie')
[499/1241] import: jack-the-rabbit-character ('Jack the Rabbit (character)')
[2/1241] import: kai ('Kai')
[500/1241] import: jacob-pevsner ('Jacob Pevsner')
[501/1241] import: jake ('Jake')
[3/1241] import: jay ('Jay')
[502/1241] import: jake-the-lego-ninjago-movie ('Jake (The LEGO Ninjago Movie)')
[503/1241] import: jakes-parents ("Jake's parents")
[4/1241] import: cole ('Cole')
[504/1241] import: jamanakai-villagers ('Jamanakai Villagers')
[505/1241] import: jan ('Jan')
[5/1241] import: zane ('Zane')
[506/1241] import: janet ('Janet')
[507/1241] import: jay-the-lego-movie ('Jay (The LEGO Movie)')
[6/1241] import: nya ('Nya')
[508/1241] import: jay-the-lego-ninjago-movie ('Jay (The LEGO Ninjago Movie)')
[509/1241] import: jay-vincent-character ('Jay Vincent (character)')
[7/1241] import: wu ('Wu')
--- Fri Apr  3 16:18:29 PDT 2026 single force reimport ---
[1/1241] import: lloyd ('Lloyd')
[2/1241] import: kai ('Kai')
[3/1241] import: jay ('Jay')
[4/1241] import: cole ('Cole')
[5/1241] import: zane ('Zane')
[6/1241] import: nya ('Nya')
[7/1241] import: wu ('Wu')
[8/1241] import: garmadon ('Garmadon')
[9/1241] import: pythor ('Pythor')
[10/1241] import: overlord ('The Overlord')
[11/1241] import: ace ('Ace')
[12/1241] import: acid-monsters ('Acid Monsters')
[13/1241] import: acidicus ('Acidicus')
[14/1241] import: acona ('Acona')
[15/1241] import: acronix ('Acronix')
[16/1241] import: adam ('Adam')
[17/1241] import: adara ('Adara')
[18/1241] import: admin-droid ('Admin Droid')
[19/1241] import: administration-agents ('Administration Agents')
[20/1241] import: adventure-ready-woman ('Adventure-Ready Woman')
[21/1241] import: akita ('Akita')
[22/1241] import: albert ('Albert')
[23/1241] import: alfonzo-frohicky ('Alfonzo Frohicky')
[24/1241] import: alfonzo-frohickys-mother ("Alfonzo Frohicky's mother")
[25/1241] import: algae-farmers ('Algae farmers')
[26/1241] import: algu ('Algu')
[27/1241] import: anacondrai ('Anacondrai')
[28/1241] import: anacondrai-cultists ('Anacondrai Cultists')
[29/1241] import: anacondrai-generals ('Anacondrai generals')
[30/1241] import: anacondrai-serpent ('Anacondrai serpent')
[31/1241] import: andrea-thomson ('Andrea Thomson')
[32/1241] import: andrew ('Andrew')
[33/1241] import: androids ('Androids')
[34/1241] import: angler ('Angler')
[35/1241] import: angler-goon ('Angler Goon')
[36/1241] import: announcer ('Announcer')
[37/1241] import: anthony-brutinelli ('Anthony Brutinelli')
[38/1241] import: antonia ('Antonia')
[39/1241] import: apprentice-male ('Apprentice Male')
[40/1241] import: arc-dragon-of-focus ('Arc Dragon of Focus')
[41/1241] import: arc-dragon-of-life ('Arc Dragon of Life')
[42/1241] import: arc-dragons ('Arc Dragons')
[43/1241] import: arccrack ('Arccrack')
[44/1241] import: arcturus ('Arcturus')
[45/1241] import: argus ('Argus')
[46/1241] import: arin ('Arin')
[47/1241] import: arkade ('Arkade')
[48/1241] import: army-of-shintaro ('Army of Shintaro')
[49/1241] import: arrakore ('Arrakore')
[50/1241] import: aru ('Aru')
[51/1241] import: asa ('Asa')
[52/1241] import: ash ('Ash')
[53/1241] import: asimov ('Asimov')
[54/1241] import: aspheera ('Aspheera')
[55/1241] import: aspheeras-cellmates ("Aspheera's cellmates")
[56/1241] import: astro-parasites ('Astro parasites')
[57/1241] import: atta-the-ratta ('Atta the Ratta')
[58/1241] import: attacker-bots ('Attacker bots')
[59/1241] import: attila ('Attila')
[60/1241] import: auto ('Auto')
[61/1241] import: avatar-harumi ('Avatar Harumi')
[62/1241] import: avatar-pink-zane ('Avatar Pink Zane')
[63/1241] import: avatars ('Avatars')
[64/1241] import: bahn ('Bahn')
[65/1241] import: baker ('Baker')
[66/1241] import: balee ('Balee')
[67/1241] import: ballistic-missiles ('Ballistic Missiles')
[68/1241] import: balun ('Balun')
[69/1241] import: bandit ('Bandit')
[70/1241] import: bank-boss ('Bank Boss')
[71/1241] import: bansha ('Bansha')
[72/1241] import: barracudox ('Barracudox')
[73/1241] import: barry ('Barry')
[74/1241] import: battle-mechs ('Battle Mechs')
[75/1241] import: bears ('Bears')
[76/1241] import: beatrix ('Beatrix')
[77/1241] import: beavers ('Beavers')
[78/1241] import: bees ('Bees')
[79/1241] import: beetle-warriors ('Beetle warriors')
[80/1241] import: ben-shephard-character ('Ben Shephard (character)')
[81/1241] import: benny ('Benny')
[82/1241] import: benthomaar ('Benthomaar')
[83/1241] import: benton ('Benton')
[84/1241] import: beohernie ('Beohernie')
[85/1241] import: beta-jay-137 ('Beta Jay 137')
[86/1241] import: betsy ('Betsy')
[87/1241] import: betsys-baby ("Betsy's baby")
[88/1241] import: bezar ('Bezar')
[89/1241] import: big-dan ('Big Dan')
[90/1241] import: big-han ('Big Han')
[91/1241] import: bill ('Bill')
[92/1241] import: bizarro-cole ('Bizarro Cole')
[93/1241] import: bizarro-jay ('Bizarro Jay')
[94/1241] import: bizarro-kai ('Bizarro Kai')
[95/1241] import: bizarro-zane ('Bizarro Zane')
[96/1241] import: blacktron-fan ('Blacktron Fan')
[97/1241] import: blade-knight ('Blade Knight')
[98/1241] import: bladvic ('Bladvic')
[99/1241] import: blake-donovan ('Blake Donovan')
[100/1241] import: blazey-h-speed ('Blazey H. Speed')
[101/1241] import: bleckt ('Bleckt')
[102/1241] import: blizzard-archers ('Blizzard Archers')
[103/1241] import: blizzard-samurai ('Blizzard Samurai')
[104/1241] import: blizzard-sword-masters ('Blizzard Sword Masters')
[105/1241] import: blizzard-warriors ('Blizzard Warriors')
[106/1241] import: blue-dragon ('Blue Dragon')
[107/1241] import: blunck ('Blunck')
[108/1241] import: boa-destructors ('Boa Destructors')
[109/1241] import: boat-vendor ('Boat Vendor')
[110/1241] import: bob-the-lego-ninjago-movie ('Bob (The LEGO Ninjago Movie)')
[111/1241] import: bob-rattlebottom ('Bob Rattlebottom')
[112/1241] import: bob-the-intern ('Bob the Intern')
[113/1241] import: bob-bob ('Bob-Bob')
[114/1241] import: bolobo ('Bolobo')
[115/1241] import: bolsen ('Bolsen')
[116/1241] import: boma ('Boma')
[117/1241] import: bone-collectors ('Bone collectors')
[118/1241] import: bone-guards ('Bone Guards')
[119/1241] import: bone-hunters ('Bone Hunters')
[120/1241] import: bone-king ('Bone King')
[121/1241] import: bone-knights ('Bone Knights')
[122/1241] import: bone-scorpions ('Bone Scorpions')
[123/1241] import: bone-scorpios ('Bone Scorpios')
[124/1241] import: bone-warriors ('Bone Warriors')
[125/1241] import: bonepickers ('Bonepickers')
[126/1241] import: bonezai ('Bonezai')
[127/1241] import: bonnie ('Bonnie')
[128/1241] import: bonzle ('Bonzle')
[129/1241] import: boreal ('Boreal')
[130/1241] import: borg-store-employee ('Borg Store Employee')
[131/1241] import: brad-tudabone ('Brad Tudabone')
[132/1241] import: bragi-schut-character ('Bragi Schut (character)')
[133/1241] import: brayden-nelson-character ('Brayden Nelson (character)')
[134/1241] import: bridge-warriors ('Bridge Warriors')
[135/1241] import: brillies ('Brillies')
[136/1241] import: bron ('Bron')
[137/1241] import: brook ('Brook')
[138/1241] import: brutal-debbie ('Brutal Debbie')
[139/1241] import: buck-buck ('Buck Buck')
[140/1241] import: bucko ('Bucko')
[141/1241] import: buffer ('Buffer')
[142/1241] import: buffmillion ('Buffmillion')
[143/1241] import: bunch ('Bunch')
[144/1241] import: bunchu ('Bunchu')
[145/1241] import: burnt-generals ('Burnt Generals')
[146/1241] import: business-woman ('Business Woman')
[147/1241] import: butchie ('Butchie')
[148/1241] import: bytar ('Bytar')
[149/1241] import: captain-dragons-rising ('Captain (Dragons Rising)')
[150/1241] import: cardinsto ('Cardinsto')
[151/1241] import: caregiver-bot ('Caregiver bot')
[152/1241] import: carradi ('Carradi')
[153/1241] import: castaway ('Castaway')
[154/1241] import: cathy ('Cathy')
[155/1241] import: cats ('Cats')
[156/1241] import: cave-snake ('Cave Snake')
[157/1241] import: cece ('Cece')
[158/1241] import: cecil-putnam ('Cecil Putnam')
[159/1241] import: centipede-monster ('Centipede monster')
[160/1241] import: chad ('Chad')
[161/1241] import: chamille ('Chamille')
[162/1241] import: chan-kong-sang ('Chan Kong-Sang')
[163/1241] import: char ('Char')
[164/1241] import: charlie ('Charlie')
[165/1241] import: checkout-girl ('Checkout Girl')
[166/1241] import: chen ('Chen')
[167/1241] import: chew-toy ('Chew Toy')
[168/1241] import: chickens ('Chickens')
[169/1241] import: children-of-the-wolf ('Children of the Wolf')
[170/1241] import: chip-c-rumble ('Chip C. Rumble')
[171/1241] import: chironograx ('Chironograx')
[172/1241] import: chironograxs-clan ("Chironograx's clan")
[173/1241] import: chokun ('Chokun')
[174/1241] import: chompy ('Chompy')
[175/1241] import: chope ('Chope')
[176/1241] import: chopov ('Chopov')
[177/1241] import: chopper-maroon ('Chopper Maroon')
[178/1241] import: chris ('Chris')
[179/1241] import: christina ('Christina')
[180/1241] import: chrome-domes ('Chrome Domes')
[181/1241] import: chuck ('Chuck')
[182/1241] import: chuck-wus-teas ("Chuck (Wu's Teas)")
[183/1241] import: cinder ('Cinder')
[184/1241] import: circus-clown ('Circus Clown')
[185/1241] import: claire ('Claire')
[186/1241] import: clancee ('Clancee')
[187/1241] import: claw-generals ('Claw Generals')
[188/1241] import: claw-hunters ('Claw Hunters')
[189/1241] import: cliff-gordon ('Cliff Gordon')
[190/1241] import: clouse ('Clouse')
[191/1241] import: clutch-powers ('Clutch Powers')
[192/1241] import: clutch-powers-interns ("Clutch Powers' interns")
[193/1241] import: coast-guard ('Coast Guard')
[194/1241] import: cobra-mechanics ('Cobra Mechanics')
[195/1241] import: coconut-copy ('Coconut copy')
[196/1241] import: cole-the-lego-movie ('Cole (The LEGO Movie)')
[197/1241] import: cole-the-lego-ninjago-movie ('Cole (The LEGO Ninjago Movie)')
[198/1241] import: coles-family ("Cole's family")
[199/1241] import: colin ('Colin')
[200/1241] import: collins ('Collins')
[201/1241] import: colossus ('Colossus')
[202/1241] import: constrictai ('Constrictai')
[203/1241] import: construction-workers ('Construction workers')
[204/1241] import: cook ('Cook')
[205/1241] import: cooper ('Cooper')
[206/1241] import: corrupted-ones ('Corrupted Ones')
[207/1241] import: council-of-sources ('Council of Sources')
[208/1241] import: council-of-the-crystal-king ('Council of the Crystal King')
[209/1241] import: courthouse-civilian ('Courthouse civilian')
[210/1241] import: cowler ('Cowler')
[211/1241] import: cows ('Cows')
[212/1241] import: crab-monster ('Crab monster')
[213/1241] import: crabbed-beast ('Crabbed beast')
[214/1241] import: crabby ('Crabby')
[215/1241] import: crag-nor ('Crag-Nor')
[216/1241] import: cragger ('Cragger')
[217/1241] import: cruel-lord ('Cruel Lord')
[218/1241] import: cruel-lords-guards ("Cruel Lord's guards")
[219/1241] import: crusher ('Crusher')
[220/1241] import: crusty ('Crusty')
[221/1241] import: cryptor ('Cryptor')
[222/1241] import: crystal-army ('Crystal army')
[223/1241] import: crystal-warriors ('Crystal Warriors')
[224/1241] import: crystal-zombies ('Crystal zombies')
[225/1241] import: cyber-dragons ('Cyber Dragons')
[226/1241] import: cyber-giant ('Cyber Giant')
[227/1241] import: cyclops-gary ('Cyclops Gary')
[228/1241] import: cyclopses ('Cyclopses')
[229/1241] import: cyren ('Cyren')
[230/1241] import: cyrus ('Cyrus')
[231/1241] import: cyrus-borg ('Cyrus Borg')
[232/1241] import: daddy-no-legs ('Daddy No Legs')
[233/1241] import: daidan ('Daidan')
[234/1241] import: daidans-child ("Daidan's child")
[235/1241] import: daidarabotchi ('Daidarabotchi')
[236/1241] import: dale ('Dale')
[237/1241] import: dan-inmate ('Dan (inmate)')
[238/1241] import: dan-security-guard ('Dan (security guard)')
[239/1241] import: dan-and-kevin-hageman-characters ('Dan and Kevin Hageman (characters)')
[240/1241] import: dan-daniels ('Dan Daniels')
[241/1241] import: dan-vaapit ('Dan Vaapit')
[242/1241] import: dangerbuff-clan ('Dangerbuff clan')
[243/1241] import: dareth ('Dareth')
[244/1241] import: dark-samurai ('Dark Samurai')
[245/1241] import: darkleys-students ("Darkley's students")
[246/1241] import: death-wasps ('Death Wasps')
[247/1241] import: dee-jay-81 ('Dee-Jay 81')
[248/1241] import: delara ('Delara')
[249/1241] import: delphee ('Delphee')
[250/1241] import: delphees-mother ("Delphee's mother")
[251/1241] import: demolition-ace ('Demolition Ace')
[252/1241] import: denholt ('Denholt')
[253/1241] import: denza ('Denza')
[254/1241] import: destinys-bounty-pirates ("Destiny's Bounty pirates")
[255/1241] import: devonians ('Devonians')
[256/1241] import: dillon ('Dillon')
[257/1241] import: din ('Din')
[258/1241] import: dire-bats ('Dire Bats')
[259/1241] import: djinjagan-dragons ('Djinjagan Dragons')
[260/1241] import: djinns ('Djinns')
[261/1241] import: dogs ('Dogs')
[262/1241] import: dogshank ('Dogshank')
[263/1241] import: dojo-kid ('Dojo Kid')
[264/1241] import: dolphins ('Dolphins')
[265/1241] import: dom-de-la-woosh ('Dom de la Woosh')
[266/1241] import: dorama ('Dorama')
[267/1241] import: doramas-stagehands ("Dorama's stagehands")
[268/1241] import: doubloon ('Doubloon')
[269/1241] import: doves ('Doves')
[270/1241] import: dr-julien ('Dr. Julien')
[271/1241] import: dr-larow ('Dr. LaRow')
[272/1241] import: dragon-critters ('Dragon critters')
[273/1241] import: dragon-hunters ('Dragon Hunters')
[274/1241] import: dragon-keeper ('Dragon keeper')
[275/1241] import: dragon-mechs ('Dragon Mechs')
[276/1241] import: dragonhead ('Dragonhead')
[277/1241] import: dragonian-hunting-party ('Dragonian Hunting Party')
[278/1241] import: dragonian-scouts ('Dragonian Scouts')
[279/1241] import: dragonian-tourist ('Dragonian Tourist')
[280/1241] import: dragonian-trackers ('Dragonian Trackers')
[281/1241] import: dragonian-warriors ('Dragonian Warriors')
[282/1241] import: dragonians ('Dragonians')
[283/1241] import: dragonides ('Dragonides')
[284/1241] import: dragons ('Dragons')
[285/1241] import: dragons-of-fallen-leaves ('Dragons of Fallen Leaves')
[286/1241] import: dragons-of-the-northern-spiral ('Dragons of the Northern Spiral')
[287/1241] import: dream-chasers ('Dream Chasers')
[288/1241] import: dream-guyvers ('Dream-Guyvers')
[289/1241] import: drix ('Drix')
[290/1241] import: ducks ('Ducks')
[291/1241] import: dusk ('Dusk')
[292/1241] import: dwayne ('Dwayne')
[293/1241] import: earth-dragons-core ('Earth Dragons (Core)')
[294/1241] import: earth-dragons-first-land ('Earth Dragons (First Land)')
[295/1241] import: earth-monsters ('Earth Monsters')
[296/1241] import: echo-zane ('Echo Zane')
[297/1241] import: ed ('Ed')
[298/1241] import: ed-the-lego-ninjago-movie ('Ed (The LEGO Ninjago Movie)')
[299/1241] import: edna ('Edna')
[300/1241] import: edna-the-lego-ninjago-movie ('Edna (The LEGO Ninjago Movie)')
[301/1241] import: eels ('Eels')
[302/1241] import: egalt ('Egalt')
[303/1241] import: egon-the-extraordinary ('Egon the Extraordinary')
[304/1241] import: eileen ('Eileen')
[305/1241] import: electro-cobrai ('Electro-Cobrai')
[306/1241] import: elemental-alliance ('Elemental Alliance')
[307/1241] import: elemental-cobras ('Elemental Cobras')
[308/1241] import: elemental-fighters ('Elemental Fighters')
[309/1241] import: elemental-master-of-kismet ('Elemental Master of Kismet')
[310/1241] import: elemental-master-of-portals ('Elemental Master of Portals')
[311/1241] import: elemental-master-of-shockwave ('Elemental Master of Shockwave')
[312/1241] import: elemental-masters ('Elemental Masters')
[313/1241] import: elemental-monsters ('Elemental Monsters')
[314/1241] import: eliminators ('Eliminators')
[315/1241] import: ellie ('Ellie')
[316/1241] import: elway ('Elway')
[317/1241] import: emcee ('Emcee')
[318/1241] import: emperor-of-ninjago ('Emperor of Ninjago')
[319/1241] import: empire-dragon ('Empire Dragon')
[320/1241] import: empress-of-ninjago ('Empress of Ninjago')
[321/1241] import: engelbert ('Engelbert')
[322/1241] import: etha ('Etha')
[323/1241] import: euphrasia ('Euphrasia')
[324/1241] import: evil-ninja ('Evil ninja')
[325/1241] import: eyezor ('Eyezor')
[326/1241] import: faith ('Faith')
[327/1241] import: falcons-mate ("Falcon's mate")
[328/1241] import: fang-mouths ('Fang Mouths')
[329/1241] import: fang-suei ('Fang-Suei')
[330/1241] import: fangdam ('Fangdam')
[331/1241] import: fangfish ('Fangfish')
[332/1241] import: fangpyre ('Fangpyre')
[333/1241] import: fangtom ('Fangtom')
[334/1241] import: farbissina ('Farbissina')
[335/1241] import: fast-chickens ('Fast Chickens')
[336/1241] import: fear-factor ('Fear Factor')
[337/1241] import: fedulian ('Fedulian')
[338/1241] import: feisty ('Feisty')
[339/1241] import: fenwick ('Fenwick')
[340/1241] import: finders ('Finders')
[341/1241] import: fire-dragon-core ('Fire Dragon (Core)')
[342/1241] import: fire-dragon-dragons-rising ('Fire Dragon (Dragons Rising)')
[343/1241] import: fire-dragon-tribe ('Fire Dragon Tribe')
[344/1241] import: fire-dragons-first-land ('Fire Dragons (First Land)')
[345/1241] import: fire-eater ('Fire eater')
[346/1241] import: fire-fang ('Fire Fang')
[347/1241] import: fire-fiends ('Fire Fiends')
[348/1241] import: fire-master ('Fire Master')
[349/1241] import: fire-monsters ('Fire Monsters')
[350/1241] import: fire-spiders ('Fire spiders')
[351/1241] import: first-master-of-ice ('First Master of Ice')
[352/1241] import: first-mate ('First Mate')
[353/1241] import: first-spinjitzu-master ('First Spinjitzu Master')
[354/1241] import: first-spinjitzu-masters-guardians ("First Spinjitzu Master's guardians")
[355/1241] import: firstbourne ('Firstbourne')
[356/1241] import: fish ('Fish')
[357/1241] import: fisherman ('Fisherman')
[358/1241] import: flame ('Flame')
[359/1241] import: flameheart ('Flameheart')
[360/1241] import: fleetwood-mech ('Fleetwood Mech')
[361/1241] import: flerry-mcfloyster ('Flerry McFloyster')
[362/1241] import: flintlocke ('Flintlocke')
[363/1241] import: fluffy ('Fluffy')
[364/1241] import: forbidden-five ('Forbidden Five')
[365/1241] import: forest-dragons ('Forest Dragons')
[366/1241] import: formling-leader ('Formling Leader')
[367/1241] import: formlings ('Formlings')
[368/1241] import: four-eyes ('Four Eyes')
[369/1241] import: frak ('Frak')
[370/1241] import: fraks-mother ("Frak's mother")
[371/1241] import: frakjaw ('Frakjaw')
[372/1241] import: francis ('Francis')
[373/1241] import: fred-finely ('Fred Finely')
[374/1241] import: freya ('Freya')
[375/1241] import: fritz ('Fritz')
[376/1241] import: frost-bite ('Frost-bite')
[377/1241] import: fuchsia-ninja ('Fuchsia Ninja')
[378/1241] import: fuchsia-ninja-the-lego-ninjago-movie ('Fuchsia Ninja (The LEGO Ninjago Movie)')
[379/1241] import: fugi-dove ('Fugi-Dove')
[380/1241] import: fugi-doves-brother ("Fugi-Dove's brother")
[381/1241] import: fungus ('Fungus')
[382/1241] import: fuzz ('Fuzz')
[383/1241] import: gahrann ('Gahrann')
[384/1241] import: gamer-geek ('Gamer Geek')
[385/1241] import: gandalaria ('Gandalaria')
[386/1241] import: garmadon-the-lego-ninjago-movie ('Garmadon (The LEGO Ninjago Movie)')
[387/1241] import: garpo ('Garpo')
[388/1241] import: gayle-gossip ('Gayle Gossip')
[389/1241] import: geckle-paperworkers ('Geckle paperworkers')
[390/1241] import: geckles ('Geckles')
[391/1241] import: gene ('Gene')
[392/1241] import: genn ('Genn')
[393/1241] import: geo ('Geo')
[394/1241] import: geotomic-rock-monsters ('Geotomic Rock Monsters')
[395/1241] import: gertrude ('Gertrude')
[396/1241] import: ghost-dragons ('Ghost Dragons')
[397/1241] import: ghost-warriors ('Ghost Warriors')
[398/1241] import: ghosts ('Ghosts')
[399/1241] import: ghouls ('Ghouls')
[400/1241] import: ghoultar ('Ghoultar')
[401/1241] import: ghurka ('Ghurka')
[402/1241] import: giant-piranhas ('Giant piranhas')
[403/1241] import: giant-scorpion ('Giant scorpion')
[404/1241] import: giant-spiders ('Giant spiders')
[405/1241] import: giant-stone-warrior ('Giant Stone Warrior')
[406/1241] import: gimon-ogu ('Gimon-Ogu')
[407/1241] import: gingerbread-man ('Gingerbread Man')
[408/1241] import: ginkle ('Ginkle')
[409/1241] import: gleck ('Gleck')
[410/1241] import: gliff ('Gliff')
[411/1241] import: glutinous ('Glutinous')
[412/1241] import: gnippo ('Gnippo')
[413/1241] import: goats ('Goats')
[414/1241] import: golden-ninja-reimagined ('Golden Ninja (Reimagined)')
[415/1241] import: golden-vipers ('Golden Vipers')
[416/1241] import: gong-guitar-rocker ('Gong & Guitar Rocker')
[417/1241] import: gorge ('Gorge')
[418/1241] import: gorzan ('Gorzan')
[419/1241] import: gpl-tech ('GPL Tech')
[420/1241] import: grab-barg ('Grab-Barg')
[421/1241] import: grand-inquisitor ('Grand Inquisitor')
[422/1241] import: gravis ('Gravis')
[423/1241] import: great-devourer ('Great Devourer')
[424/1241] import: great-white ('Great White')
[425/1241] import: green-forest-dragon ('Green Forest Dragon')
[426/1241] import: green-ninja ('Green Ninja')
[427/1241] import: green-screen-gary ('Green Screen Gary')
[428/1241] import: greenbone-leader ('Greenbone Leader')
[429/1241] import: grief-bringer ('Grief-Bringer')
[430/1241] import: griffin-turner ('Griffin Turner')
[431/1241] import: grimfax ('Grimfax')
[432/1241] import: grimfaxs-advisor ("Grimfax's advisor")
[433/1241] import: grimkeepers ('Grimkeepers')
[434/1241] import: grimtak ('Grimtak')
[435/1241] import: grimwolves ('Grimwolves')
[436/1241] import: gripe ('Gripe')
[437/1241] import: groko ('Groko')
[438/1241] import: grouce ('Grouce')
[439/1241] import: guide-parrot ('Guide Parrot')
[440/1241] import: gulch ('Gulch')
[441/1241] import: gus ('Gus')
[442/1241] import: gus-mechanic ('Gus (mechanic)')
[443/1241] import: guy ('Guy')
[444/1241] import: gweeg ('Gweeg')
[445/1241] import: hackler ('Hackler')
[446/1241] import: hageman ('Hageman')
[447/1241] import: hai ('Hai')
[448/1241] import: hailmar ('Hailmar')
[449/1241] import: ham ('Ham')
[450/1241] import: hammer-head ('Hammer Head')
[451/1241] import: hana ('Hana')
[452/1241] import: hantro ('Hantro')
[453/1241] import: harumi ('Harumi')
[454/1241] import: harumis-parents ("Harumi's parents")
[455/1241] import: hayley-wolfe-character ('Hayley Wolfe (character)')
[456/1241] import: hazza-dur ("Hazza D'ur")
[457/1241] import: heatwave ('Heatwave')
[458/1241] import: henchmen ('Henchmen')
[459/1241] import: henjamin ('Henjamin')
[460/1241] import: henry ('Henry')
[461/1241] import: henry-yak ('Henry (yak)')
[462/1241] import: hermes ('Hermes')
[463/1241] import: hibernus ('Hibernus')
[464/1241] import: hibiki ('Hibiki')
[465/1241] import: hiroshi ('Hiroshi')
[466/1241] import: hiz-shadoh ('Hiz Shadoh')
[467/1241] import: horned-cat-tribe ('Horned Cat Tribe')
[468/1241] import: hostess ('Hostess')
[469/1241] import: hounddog-mcbrag ('Hounddog McBrag')
[470/1241] import: howla ('Howla')
[471/1241] import: humans ('Humans')
[472/1241] import: hunter-no-29 ('Hunter No. 29')
[473/1241] import: hutchins ('Hutchins')
[474/1241] import: hyper-sonic ('Hyper-Sonic')
[475/1241] import: hypno-vipers ('Hypno Vipers')
[476/1241] import: hypnobrai ('Hypnobrai')
[477/1241] import: ice-behemoth ('Ice Behemoth')
[478/1241] import: ice-birds ('Ice Birds')
[479/1241] import: ice-dragons-core ('Ice Dragons (Core)')
[480/1241] import: ice-dragons-first-land ('Ice Dragons (First Land)')
[481/1241] import: ice-emperor-npc ('Ice Emperor (NPC)')
[482/1241] import: ice-emperor-spinjitzu-virtues ('Ice Emperor (Spinjitzu Virtues)')
[483/1241] import: ice-fishers ('Ice Fishers')
[484/1241] import: ice-monsters ('Ice Monsters')
[485/1241] import: ignacian-villagers ('Ignacian Villagers')
[486/1241] import: imperial-sludge ('Imperial Sludge')
[487/1241] import: imperians ('Imperians')
[488/1241] import: imperium-guard-commanders ('Imperium Guard Commanders')
[489/1241] import: imperium-guards ('Imperium Guards')
[490/1241] import: imperium-teen-resistance-force ('Imperium Teen Resistance Force')
[491/1241] import: indi ('Indi')
[492/1241] import: insect-master ('Insect Master')
[493/1241] import: intelligent-george ('Intelligent George')
[494/1241] import: iriel ('Iriel')
[495/1241] import: iron-baron ('Iron Baron')
[496/1241] import: it-bat-nerd ('IT Bat Nerd')
[497/1241] import: ivy-walker ('Ivy Walker')
[498/1241] import: izzie ('Izzie')
[499/1241] import: jack-the-rabbit-character ('Jack the Rabbit (character)')
[500/1241] import: jacob-pevsner ('Jacob Pevsner')
[501/1241] import: jake ('Jake')
[502/1241] import: jake-the-lego-ninjago-movie ('Jake (The LEGO Ninjago Movie)')
[503/1241] import: jakes-parents ("Jake's parents")
[504/1241] import: jamanakai-villagers ('Jamanakai Villagers')
[505/1241] import: jan ('Jan')
[506/1241] import: janet ('Janet')
[507/1241] import: jay-the-lego-movie ('Jay (The LEGO Movie)')
[508/1241] import: jay-the-lego-ninjago-movie ('Jay (The LEGO Ninjago Movie)')
[509/1241] import: jay-vincent-character ('Jay Vincent (character)')
[510/1241] import: jays-family ("Jay's family")
[511/1241] import: jaybird-64 ('Jaybird 64')
[512/1241] import: jaywalkin-238 ('Jaywalkin 238')
[513/1241] import: jean-paul-van-bamm ('Jean-Paul van Bamm')
[514/1241] import: jedd ('Jedd')
[515/1241] import: jeffy ('Jeffy')
[516/1241] import: jelena ('Jelena')
[517/1241] import: jelly ('Jelly')
[518/1241] import: jellyfish ('Jellyfish')
[519/1241] import: jenny ('Jenny')
[520/1241] import: jeremiah-bobblestein ('Jeremiah Bobblestein')
[521/1241] import: jesper ('Jesper')
[522/1241] import: jet-jack ('Jet Jack')
[523/1241] import: jimmy ('Jimmy')
[524/1241] import: jin ('Jin')
[525/1241] import: jiro ('Jiro')
[526/1241] import: joey ('Joey')
[527/1241] import: johnny ('Johnny')
[528/1241] import: johnny-courageous ('Johnny Courageous')
[529/1241] import: jolly ('Jolly')
[530/1241] import: jordana ('Jordana')
[531/1241] import: joshua-deck-character ('Joshua Deck (character)')
[532/1241] import: juggernaut ('Juggernaut')
[533/1241] import: julien-family ('Julien family')
[534/1241] import: jungle-dragons ('Jungle Dragons')
[535/1241] import: jungle-insects ('Jungle insects')
[536/1241] import: juno ('Juno')
[537/1241] import: kreel ('K.R.E.E.L.')
[538/1241] import: kabuki ('Kabuki')
[539/1241] import: kai-the-lego-movie ('Kai (The LEGO Movie)')
[540/1241] import: kai-the-lego-ninjago-movie ('Kai (The LEGO Ninjago Movie)')
[541/1241] import: kai-and-nyas-family ("Kai and Nya's family")
[542/1241] import: kaito ('Kaito')
[543/1241] import: kalmaar ('Kalmaar')
[544/1241] import: kapau ('Kapau')
[545/1241] import: karenn ('Karenn')
[546/1241] import: karit ('Karit')
[547/1241] import: karlof ('Karlof')
[548/1241] import: kataru ('Kataru')
[549/1241] import: kate-garraway-character ('Kate Garraway (character)')
[550/1241] import: kebaber ('Kebaber')
[551/1241] import: keepers ('Keepers')
[552/1241] import: kenji ('Kenji')
[553/1241] import: kenzo ('Kenzo')
[554/1241] import: khanjikhan ('Khanjikhan')
[555/1241] import: killow ('Killow')
[556/1241] import: kirchonn ('Kirchonn')
[557/1241] import: kizzy ('Kizzy')
[558/1241] import: klirba ('Klirba')
[559/1241] import: knuckles ('Knuckles')
[560/1241] import: koji ('Koji')
[561/1241] import: koko ('Koko')
[562/1241] import: komala ('Komala')
[563/1241] import: konrad ('Konrad')
[564/1241] import: korgran ('Korgran')
[565/1241] import: korgrans-father ("Korgran's father")
[566/1241] import: kozu ('Kozu')
[567/1241] import: krag ('Krag')
[568/1241] import: krait ('Krait')
[569/1241] import: krazi ('Krazi')
[570/1241] import: kreel-2 ('Kreel')
[571/1241] import: kruncha ('Kruncha')
[572/1241] import: krux ('Krux')
[573/1241] import: kryptarium-inmates ('Kryptarium inmates')
[574/1241] import: kuma ('Kuma')
[575/1241] import: kung-fu-cook ('Kung Fu Cook')
[576/1241] import: kur ('Kur')
[577/1241] import: kwon ('Kwon')
[578/1241] import: lan ('Lan')
[579/1241] import: lar ('Lar')
[580/1241] import: large-dragons ('Large dragons')
[581/1241] import: larry ('Larry')
[582/1241] import: lasha ('Lasha')
[583/1241] import: lauren ('Lauren')
[584/1241] import: laurens-groom ("Lauren's groom")
[585/1241] import: lava-dragons ('Lava Dragons')
[586/1241] import: lava-monsters ('Lava Monsters')
[587/1241] import: lava-tide-leader ('Lava-Tide Leader')
[588/1241] import: lava-tides ('Lava-Tides')
[589/1241] import: lava-todd-the-wise ('Lava-Todd the Wise')
[590/1241] import: lava-tony ('Lava-Tony')
[591/1241] import: lava-tonys-sous-chefs ("Lava-Tony's sous-chefs")
[592/1241] import: laval ('Laval')
[593/1241] import: laval-the-lego-ninjago-movie ('Laval (The LEGO Ninjago Movie)')
[594/1241] import: lead-loyalist ('Lead Loyalist')
[595/1241] import: leaf-blade ('Leaf Blade')
[596/1241] import: league-of-jay ('League of Jay')
[597/1241] import: lee ('Lee')
[598/1241] import: lee-lees-supplies ("Lee (Lee's Supplies)")
[599/1241] import: legendary-dragon ('Legendary Dragon')
[600/1241] import: leo ('Leo')
[601/1241] import: leroy ('Leroy')
[602/1241] import: levi ('Levi')
[603/1241] import: leviathans ('Leviathans')
[604/1241] import: levo ('Levo')
[605/1241] import: libber ('Libber')
[606/1241] import: life-dragons ('Life Dragons')
[607/1241] import: light-dragons ('Light Dragons')
[608/1241] import: lightning-dragon-mother ('Lightning Dragon Mother')
[609/1241] import: lightning-dragons-first-land ('Lightning Dragons (First Land)')
[610/1241] import: lightning-tide-defense ('Lightning-Tide Defense')
[611/1241] import: lightning-tide-prosecutor ('Lightning-Tide Prosecutor')
[612/1241] import: lightning-tides ('Lightning-Tides')
[613/1241] import: lilly ('Lilly')
[614/1241] import: list-of-characters ('List of characters')
[615/1241] import: list-of-ninjago-cast-and-characters ('List of Ninjago cast and characters')
[616/1241] import: list-of-ninjago-dragons-rising-cast-and-characters ('List of Ninjago: Dragons Rising cast and characters')
[617/1241] import: list-of-unseen-characters ('List of unseen characters')
[618/1241] import: living-diamonds ('Living Diamonds')
[619/1241] import: lizaru ('Lizaru')
[620/1241] import: lloyd-the-lego-movie ('Lloyd (The LEGO Movie)')
[621/1241] import: lloyd-the-lego-ninjago-movie ('Lloyd (The LEGO Ninjago Movie)')
[622/1241] import: lloyds-family ("Lloyd's family")
[623/1241] import: lobbo ('Lobbo')
[624/1241] import: logan ('Logan')
[625/1241] import: lokko ('Lokko')
[626/1241] import: lou ('Lou')
[627/1241] import: loyalists ('Loyalists')
[628/1241] import: lu ('Lu')
[629/1241] import: luke-cunningham ('Luke Cunningham')
[630/1241] import: lumberjacks ('Lumberjacks')
[631/1241] import: m4u-r1c3 ('M4U-R1C3')
[632/1241] import: maaray-guards ('Maaray Guards')
[633/1241] import: maaray-soldiers ('Maaray Soldiers')
[634/1241] import: machia ('Machia')
[635/1241] import: maggie ('Maggie')
[636/1241] import: magic-tides ('Magic-Tides')
[637/1241] import: magician ('Magician')
[638/1241] import: main-guard ('Main Guard')
[639/1241] import: mambo-v ('Mambo V')
[640/1241] import: mambos-advisor ("Mambo's advisor")
[641/1241] import: mammatus ('Mammatus')
[642/1241] import: mammatus-ancestor ("Mammatus' ancestor")
[643/1241] import: manram ('Manram')
[644/1241] import: manta-rays ('Manta rays')
[645/1241] import: marcus ('Marcus')
[646/1241] import: mariano ('Mariano')
[647/1241] import: marla ('Marla')
[648/1241] import: martin ('Martin')
[649/1241] import: mary-louises-captain ("Mary Louise's captain")
[650/1241] import: mascots ('Mascots')
[651/1241] import: mask-of-malice ('Mask of Malice')
[652/1241] import: master-of-gluing ('Master of Gluing')
[653/1241] import: mateo ('Mateo')
[654/1241] import: matriarch-of-fallen-leaves ('Matriarch of Fallen Leaves')
[655/1241] import: matriarch-of-the-mountain-dragons ('Matriarch of the Mountain Dragons')
[656/1241] import: max ('Max')
[657/1241] import: may-robsen ('May Robsen')
[658/1241] import: maya ('Maya')
[659/1241] import: mayors-advisor ("Mayor's Advisor")
[660/1241] import: mazu ('Mazu')
[661/1241] import: medical-bots ('Medical Bots')
[662/1241] import: megan ('Megan')
[663/1241] import: mei ('Mei')
[664/1241] import: melvin ('Melvin')
[665/1241] import: menkes ('Menkes')
[666/1241] import: meowthra ('Meowthra')
[667/1241] import: merlopians ('Merlopians')
[668/1241] import: messenger-dragons ('Messenger Dragons')
[669/1241] import: metal-rascal ('Metal Rascal')
[670/1241] import: metalonians ('Metalonians')
[671/1241] import: mezmo ('Mezmo')
[672/1241] import: mezmo-junior ('Mezmo Junior')
[673/1241] import: michael-kramer-character ('Michael Kramer (character)')
[674/1241] import: michael-strahan-character ('Michael Strahan (character)')
[675/1241] import: mike-boom ('Mike Boom')
[676/1241] import: mikloshe ('Mikloshe')
[677/1241] import: milton-dyer ('Milton Dyer')
[678/1241] import: min ('Min')
[679/1241] import: min-droid ('Min-Droid')
[680/1241] import: mina ('Mina')
[681/1241] import: mindaro ('Mindaro')
[682/1241] import: ming ('Ming')
[683/1241] import: minipix ('MiniPix')
[684/1241] import: minipix-seven ('MiniPix Seven')
[685/1241] import: minos ('Minos')
[686/1241] import: misako ('Misako')
[687/1241] import: miss-demeanor ('Miss Demeanor')
[688/1241] import: mister-f ('Mister F')
[689/1241] import: mister-whiskers ('Mister Whiskers')
[690/1241] import: model-shop-owner ('Model Shop Owner')
[691/1241] import: moe ('Moe')
[692/1241] import: mogra ('Mogra')
[693/1241] import: mohawk ('Mohawk')
[694/1241] import: monkey-wretch ('Monkey Wretch')
[695/1241] import: monks ('Monks')
[696/1241] import: monster-insects ('Monster insects')
[697/1241] import: monster-lion ('Monster lion')
[698/1241] import: monster-pig ('Monster pig')
[699/1241] import: monster-skull ('Monster Skull')
[700/1241] import: monster-sushi ('Monster sushi')
[701/1241] import: monsters ('Monsters')
[702/1241] import: moody ('Moody')
[703/1241] import: mord ('Mord')
[704/1241] import: morro ('Morro')
[705/1241] import: motorcycle-mechanic ('Motorcycle Mechanic')
[706/1241] import: mountain-dragons ('Mountain Dragons')
[707/1241] import: mr-abel ('Mr. Abel')
[708/1241] import: mr-e ('Mr. E')
[709/1241] import: mr-fussly-fussly ('Mr. Fussly Fussly')
[710/1241] import: mr-pale ('Mr. Pale')
[711/1241] import: mr-righty-tighty ('Mr. Righty Tighty')
[712/1241] import: mr-wise ('Mr. Wise')
[713/1241] import: mrs-abel ('Mrs. Abel')
[714/1241] import: mrs-castillo ('Mrs. Castillo')
[715/1241] import: mrs-dyer ('Mrs. Dyer')
[716/1241] import: mrs-park ('Mrs. Park')
[717/1241] import: mrs-r ('Mrs. R')
[718/1241] import: mrs-uchida ('Mrs. Uchida')
[719/1241] import: ms-laudita ('Ms. Laudita')
[720/1241] import: mucoids ('Mucoids')
[721/1241] import: mud-monsters ('Mud monsters')
[722/1241] import: mud-newts ('Mud newts')
[723/1241] import: mud-chief ('Mud-Chief')
[724/1241] import: mud-tide-warrior ('Mud-Tide Warrior')
[725/1241] import: mud-tides ('Mud-Tides')
[726/1241] import: munce-sentries ('Munce Sentries')
[727/1241] import: munce-warriors ('Munce Warriors')
[728/1241] import: murt ('Murt')
[729/1241] import: murtessa ('Murtessa')
[730/1241] import: museum-curator ('Museum Curator')
[731/1241] import: mutation-monsters ('Mutation Monsters')
[732/1241] import: muzzle ('Muzzle')
[733/1241] import: mystake ('Mystake')
[734/1241] import: mystery-dust ('Mystery Dust')
[735/1241] import: n-pop-girl ('N-POP Girl')
[736/1241] import: nadakhan ('Nadakhan')
[737/1241] import: nails ('Nails')
[738/1241] import: nancy ('Nancy')
[739/1241] import: neido ('Neido')
[740/1241] import: nelson ('Nelson')
[741/1241] import: neuro ('Neuro')
[742/1241] import: new-ninja ('New Ninja')
[743/1241] import: newbie-gamer ('Newbie Gamer')
[744/1241] import: news-reporter ('News Reporter')
[745/1241] import: niall ('Niall')
[746/1241] import: night-hunter ('Night Hunter')
[747/1241] import: night-terrors ('Night Terrors')
[748/1241] import: night-watchman ('Night Watchman')
[749/1241] import: nightmare-creatures ('Nightmare creatures')
[750/1241] import: nightmare-king ('Nightmare King')
[751/1241] import: nightstryk ('Nightstryk')
[752/1241] import: nimbus ('Nimbus')
[753/1241] import: nindroid-army ('Nindroid Army')
[754/1241] import: nindroid-drones ('Nindroid Drones')
[755/1241] import: nindroid-sentries ('Nindroid Sentries')
[756/1241] import: nindroid-warriors ('Nindroid Warriors')
[757/1241] import: nindroids ('Nindroids')
[758/1241] import: nineko ('Nineko')
[759/1241] import: ninja ('Ninja')
[760/1241] import: ninja-replacements ('Ninja Replacements')
[761/1241] import: ninjafaninfinity ('NinjaFanInfinity')
[762/1241] import: ninjago-setsminifigures ('Ninjago (sets)/Minifigures')
[763/1241] import: ninjago-city-council ('Ninjago City Council')
[764/1241] import: ninjago-citys-former-mayor ("Ninjago City's former mayor")
[765/1241] import: ninjago-citys-mayor-the-lego-ninjago-movie ("Ninjago City's mayor (The LEGO Ninjago Movie)")
[766/1241] import: ninjago-police ('Ninjago Police')
[767/1241] import: ninjago-soldiers ('Ninjago soldiers')
[768/1241] import: ninjago-wildlife ('Ninjago Wildlife')
[769/1241] import: nitro ('Nitro')
[770/1241] import: nived-family ('Nived family')
[771/1241] import: no-eyed-pete ('No-Eyed Pete')
[772/1241] import: noble ('Noble')
[773/1241] import: nobu ('Nobu')
[774/1241] import: nobu-spinjitzu-smash ('Nobu (Spinjitzu Smash!)')
[775/1241] import: nokt ('Nokt')
[776/1241] import: nomis ('Nomis')
[777/1241] import: noonan ('Noonan')
[778/1241] import: npcs ('NPCs')
[779/1241] import: nuckal ('Nuckal')
[780/1241] import: nya-the-lego-ninjago-movie ('Nya (The LEGO Ninjago Movie)')
[781/1241] import: nyad ('Nyad')
[782/1241] import: odoyle ("O'Doyle")
[783/1241] import: obachan ('Obachan')
[784/1241] import: obscuria ('Obscuria')
[785/1241] import: ocean-gang ('Ocean gang')
[786/1241] import: ocean-gang-leader ('Ocean gang leader')
[787/1241] import: octopus ('Octopus')
[788/1241] import: octopuses ('Octopuses')
[789/1241] import: okino ('Okino')
[790/1241] import: old-guard ('Old Guard')
[791/1241] import: old-lady-dragonians ('Old Lady Dragonians')
[792/1241] import: old-man-jiro ('Old Man Jiro')
[793/1241] import: olivia ('Olivia')
[794/1241] import: omar ('Omar')
[795/1241] import: oni ('Oni')
[796/1241] import: orange-ninja ('Orange Ninja')
[797/1241] import: order-of-felis ('Order of Felis')
[798/1241] import: order-of-the-sources ('Order of the Sources')
[799/1241] import: original-master-of-amber ('Original Master of Amber')
[800/1241] import: oroku ('Oroku')
[801/1241] import: otto-pilot ('Otto Pilot')
[802/1241] import: pixal ('P.I.X.A.L.')
[803/1241] import: pace-dragons ('Pace Dragons')
[804/1241] import: panda-suit-guy ('Panda Suit Guy')
[805/1241] import: paperboys ('Paperboys')
[806/1241] import: partygoer ('Partygoer')
[807/1241] import: pat ('Pat')
[808/1241] import: patriarch-of-the-northern-spiral ('Patriarch of the Northern Spiral')
[809/1241] import: patty-keys ('Patty Keys')
[810/1241] import: pebbles ('Pebbles')
[811/1241] import: penny-saunders ('Penny Saunders')
[812/1241] import: percy-shippelton ('Percy Shippelton')
[813/1241] import: peri ('Peri')
[814/1241] import: pet-dragon ('Pet dragon')
[815/1241] import: phantom-ninja ('Phantom Ninja')
[816/1241] import: phil ('Phil')
[817/1241] import: pilates-studio-owner ('Pilates Studio Owner')
[818/1241] import: pilly-wig ('Pilly-Wig')
[819/1241] import: pink-ninja ('Pink Ninja')
[820/1241] import: pitch ('Pitch')
[821/1241] import: plovar ('Plovar')
[822/1241] import: plundar ('Plundar')
[823/1241] import: pokee ('Pokee')
[824/1241] import: police-commissioner ('Police Commissioner')
[825/1241] import: police-officer ('Police Officer')
[826/1241] import: pontifex-magicus ('Pontifex Magicus')
[827/1241] import: postman ('Postman')
[828/1241] import: poulerik ('PoulErik')
[829/1241] import: powerlid ('Powerlid')
[830/1241] import: prentis ('Prentis')
[831/1241] import: prison-guards ('Prison guards')
[832/1241] import: private-puffer ('Private Puffer')
[833/1241] import: puffer ('Puffer')
[834/1241] import: puppets ('Puppets')
[835/1241] import: purple-bog-frogs ('Purple bog frogs')
[836/1241] import: pyro-destroyers ('Pyro Destroyers')
[837/1241] import: pyro-slayers ('Pyro Slayers')
[838/1241] import: pyro-vipers ('Pyro Vipers')
[839/1241] import: pyro-whippers ('Pyro Whippers')
[840/1241] import: pyrrhus ('Pyrrhus')
[841/1241] import: python-dynamite ('Python Dynamite')
[842/1241] import: quanish-the-elder ('Quanish the Elder')
[843/1241] import: quartet-of-villains ('Quartet of Villains')
[844/1241] import: quealiches ('Quealiches')
[845/1241] import: queen-of-monsters ('Queen of Monsters')
[846/1241] import: queen-of-the-monster-insects ('Queen of the monster insects')
[847/1241] import: rabbits ('Rabbits')
[848/1241] import: rachel-sparrow ('Rachel Sparrow')
[849/1241] import: radio-dj ('Radio DJ')
[850/1241] import: raggmunk ('Raggmunk')
[851/1241] import: ramirez ('Ramirez')
[852/1241] import: rapton ('Rapton')
[853/1241] import: ras ('Ras')
[854/1241] import: ras-master ("Ras' master")
[855/1241] import: rats ('Rats')
[856/1241] import: rattla ('Rattla')
[857/1241] import: ravtures ('Ravtures')
[858/1241] import: ray ('Ray')
[859/1241] import: ray-the-lego-ninjago-movie ('Ray (The LEGO Ninjago Movie)')
[860/1241] import: re-awakened ('Re-Awakened')
[861/1241] import: recon-nindroid ('Recon Nindroid')
[862/1241] import: red ('Red')
[863/1241] import: red-27 ('Red 27')
[864/1241] import: red-29 ('Red 29')
[865/1241] import: red-crows ('Red Crows')
[866/1241] import: red-vipers ('Red Vipers')
[867/1241] import: red-visors ('Red Visors')
[868/1241] import: reflectra ('Reflectra')
[869/1241] import: reginald-slitherbottom ('Reginald Slitherbottom')
[870/1241] import: renzo ('Renzo')
[871/1241] import: repo-man ('Repo Man')
[872/1241] import: restaurant-owner ('Restaurant Owner')
[873/1241] import: restaurant-worker ('Restaurant Worker')
[874/1241] import: retirement-general ('Retirement General')
[875/1241] import: rice-farmers ('Rice farmers')
[876/1241] import: richie ('Richie')
[877/1241] import: ripper-sharks ('Ripper Sharks')
[878/1241] import: ritchie ('Ritchie')
[879/1241] import: rivett ('Rivett')
[880/1241] import: riyu ('Riyu')
[881/1241] import: roake-fengxian ('Roake Fengxian')
[882/1241] import: robin-roberts-character ('Robin Roberts (character)')
[883/1241] import: robo-usher-3000 ('Robo Usher 3000')
[884/1241] import: robot-manager ('Robot Manager')
[885/1241] import: roby ('Roby')
[886/1241] import: rocky ('Rocky')
[887/1241] import: roderick-allen ('Roderick Allen')
[888/1241] import: rodrigo ('Rodrigo')
[889/1241] import: rogon ('Rogon')
[890/1241] import: roise ('Roise')
[891/1241] import: ronin ('Ronin')
[892/1241] import: rontu ('Rontu')
[893/1241] import: ross ('Ross')
[894/1241] import: rotten-rabbits ('Rotten Rabbits')
[895/1241] import: rowan-rockspine ('Rowan Rockspine')
[896/1241] import: rox ('Rox')
[897/1241] import: royal-family-of-imperium ('Royal Family of Imperium')
[898/1241] import: royal-family-of-merlopia ('Royal Family of Merlopia')
[899/1241] import: royal-family-of-ninjago ('Royal Family of Ninjago')
[900/1241] import: royal-family-of-shintaro ('Royal Family of Shintaro')
[901/1241] import: royal-guards ('Royal Guards')
[902/1241] import: royal-house-of-djinjago ('Royal house of Djinjago')
[903/1241] import: rufus-mccallister ('Rufus McCallister')
[904/1241] import: rumble-keepers ('Rumble Keepers')
[905/1241] import: runde ('Runde')
[906/1241] import: runje ('Runje')
[907/1241] import: runme ('Runme')
[908/1241] import: rusty ('Rusty')
[909/1241] import: saeko ('Saeko')
[910/1241] import: sage ('Sage')
[911/1241] import: sage-master ('Sage Master')
[912/1241] import: sally ('Sally')
[913/1241] import: sally-student ('Sally (student)')
[914/1241] import: sallys-parents ("Sally's parents")
[915/1241] import: sally-bob ('Sally-Bob')
[916/1241] import: sam ('Sam')
[917/1241] import: sammy ('Sammy')
[918/1241] import: samukai ('Samukai')
[919/1241] import: samurai-warrior ('Samurai warrior')
[920/1241] import: sand-eels ('Sand eels')
[921/1241] import: sand-warriors ('Sand warriors')
[922/1241] import: santa-claus ('Santa Claus')
[923/1241] import: satsue ('Satsue')
[924/1241] import: sawyer ('Sawyer')
[925/1241] import: scar-the-skullbreaker ('Scar the Skullbreaker')
[926/1241] import: scoop ('Scoop')
[927/1241] import: scooter ('Scooter')
[928/1241] import: scott ('Scott')
[929/1241] import: scott-decoteau-character ('Scott Decoteau (character)')
[930/1241] import: scroll-worms ('Scroll-Worms')
[931/1241] import: sea-lions ('Sea lions')
[932/1241] import: seafoam-green ('Seafoam Green')
[933/1241] import: seagulls ('Seagulls')
[934/1241] import: security-bots-kreels-junkyard ("Security Bots (Kreel's Junkyard)")
[935/1241] import: security-bots-temple-city ('Security Bots (Temple City)')
[936/1241] import: security-guards-borg-industries ('Security guards (Borg Industries)')
[937/1241] import: security-guards-explorers-club ("Security guards (Explorer's Club)")
[938/1241] import: security-guards-ninjago-city ('Security guards (Ninjago City)')
[939/1241] import: seliel ('Seliel')
[940/1241] import: seliels-father ("Seliel's father")
[941/1241] import: selma ('Selma')
[942/1241] import: sentry-general ('Sentry General')
[943/1241] import: serpentine ('Serpentine')
[944/1241] import: serpentine-generals ('Serpentine generals')
[945/1241] import: seven-deadly-butterflies-of-shaolin ('Seven Deadly Butterflies of Shaolin')
[946/1241] import: severin-black ('Severin Black')
[947/1241] import: shade ('Shade')
[948/1241] import: shadow-army ('Shadow Army')
[949/1241] import: shadow-banshees ('Shadow Banshees')
[950/1241] import: shadow-dragons ('Shadow Dragons')
[951/1241] import: shadow-garmadon ('Shadow Garmadon')
[952/1241] import: shadow-minions ('Shadow Minions')
[953/1241] import: shadow-wu ('Shadow Wu')
[954/1241] import: shard ('Shard')
[955/1241] import: shark-army ('Shark Army')
[956/1241] import: shark-army-gunner ('Shark Army Gunner')
[957/1241] import: shark-army-thug ('Shark Army Thug')
[958/1241] import: sharkeesha ('Sharkeesha')
[959/1241] import: sharkizuki ('Sharkizuki')
[960/1241] import: sharks ('Sharks')
[961/1241] import: shen ('Shen')
[962/1241] import: shen-li ('Shen-Li')
[963/1241] import: shezada ('Shezada')
[964/1241] import: shifty ('Shifty')
[965/1241] import: shin ('Shin')
[966/1241] import: shintaran-ridgebacks ('Shintaran Ridgebacks')
[967/1241] import: ship-captain ('Ship Captain')
[968/1241] import: shohei ('Shohei')
[969/1241] import: shu ('Shu')
[970/1241] import: simon ('Simon')
[971/1241] import: sir-chomps-a-lot ('Sir Chomps-A-Lot')
[972/1241] import: skales ('Skales')
[973/1241] import: skales-jr ('Skales Jr.')
[974/1241] import: skalidor ('Skalidor')
[975/1241] import: skeleton-army-the-lego-ninjago-movie ('Skeleton Army (The LEGO Ninjago Movie)')
[976/1241] import: skeleton-figurehead ('Skeleton figurehead')
[977/1241] import: skids ('Skids')
[978/1241] import: skinnet ('Skinnet')
[979/1241] import: skip-vicious ('Skip Vicious')
[980/1241] import: skreemers ('Skreemers')
[981/1241] import: skulkin ('Skulkin')
[982/1241] import: skulkin-robots ('Skulkin robots')
[983/1241] import: sky-folk ('Sky Folk')
[984/1241] import: sky-pirates ('Sky Pirates')
[985/1241] import: skylor ('Skylor')
[986/1241] import: skylors-mother ("Skylor's mother")
[987/1241] import: slab ('Slab')
[988/1241] import: slackjaw ('Slackjaw')
[989/1241] import: sleven ('Sleven')
[990/1241] import: slithraa ('Slithraa')
[991/1241] import: slug-merchants ('Slug Merchants')
[992/1241] import: slugs ('Slugs')
[993/1241] import: sly-vipers ('Sly Vipers')
[994/1241] import: smith-daryll ('Smith Daryll')
[995/1241] import: smoke-creatures ('Smoke creatures')
[996/1241] import: smythe ('Smythe')
[997/1241] import: snake-army ('Snake Army')
[998/1241] import: snake-villain ('Snake villain')
[999/1241] import: snake-warriors ('Snake warriors')
[1000/1241] import: snakes ('Snakes')
[1001/1241] import: snappa ('Snappa')
[1002/1241] import: sneak ('Sneak')
[1003/1241] import: sneaky-snakes ('Sneaky Snakes')
[1004/1241] import: snickers ('Snickers')
[1005/1241] import: snike ('Snike')
[1006/1241] import: snivel ('Snivel')
[1007/1241] import: sono ('Sono')
[1008/1241] import: sons-of-garmadon ('Sons of Garmadon')
[1009/1241] import: soon ('Soon')
[1010/1241] import: sora ('Sora')
[1011/1241] import: soras-parents ("Sora's parents")
[1012/1241] import: sorla ('Sorla')
[1013/1241] import: soto ('Soto')
[1014/1241] import: soul-archer ('Soul Archer')
[1015/1241] import: source-dragon-acolytes ('Source Dragon acolytes')
[1016/1241] import: source-dragon-of-balance ('Source Dragon of Balance')
[1017/1241] import: source-dragon-of-energy ('Source Dragon of Energy')
[1018/1241] import: source-dragon-of-flow ('Source Dragon of Flow')
[1019/1241] import: source-dragon-of-focus ('Source Dragon of Focus')
[1020/1241] import: source-dragon-of-life ('Source Dragon of Life')
[1021/1241] import: source-dragon-of-motion ('Source Dragon of Motion')
[1022/1241] import: source-dragon-of-strength ('Source Dragon of Strength')
[1023/1241] import: source-dragons ('Source Dragons')
[1024/1241] import: sparky ('Sparky')
[1025/1241] import: spectral-dragonians ('Spectral Dragonians')
[1026/1241] import: sphinxes ('Sphinxes')
[1027/1241] import: spider-hacker ('Spider Hacker')
[1028/1241] import: spiders ('Spiders')
[1029/1241] import: spin-harmony ('Spin Harmony')
[1030/1241] import: spinjago-citizen ('Spinjago Citizen')
[1031/1241] import: spinjitzufordays99 ('SpinjitzuForDays99')
[1032/1241] import: spirit-dragons ('Spirit Dragons')
[1033/1241] import: spirit-of-the-temple ('Spirit of the Temple')
[1034/1241] import: spirits ('Spirits')
[1035/1241] import: spitta ('Spitta')
[1036/1241] import: spitz ('Spitz')
[1037/1241] import: spokes ('Spokes')
[1038/1241] import: spyder ('Spyder')
[1039/1241] import: spykor ('Spykor')
[1040/1241] import: sqiffy ('Sqiffy')
[1041/1241] import: squirrels ('Squirrels')
[1042/1241] import: ssssssss-underwood ('SsssSsss Underwood')
[1043/1241] import: starteeth ('Starteeth')
[1044/1241] import: steve ('Steve')
[1045/1241] import: stone-army ('Stone Army')
[1046/1241] import: stone-guardians ('Stone Guardians')
[1047/1241] import: stone-hawk ('Stone Hawk')
[1048/1241] import: stone-scouts ('Stone Scouts')
[1049/1241] import: stone-swordsmen ('Stone Swordsmen')
[1050/1241] import: stone-turtles ('Stone turtles')
[1051/1241] import: stone-warriors ('Stone Warriors')
[1052/1241] import: stormbringer ('Stormbringer')
[1053/1241] import: stormbringers-baby ("Stormbringer's baby")
[1054/1241] import: stranded-ninja ('Stranded ninja')
[1055/1241] import: strangle-weed ('Strangle Weed')
[1056/1241] import: street-vendor ('Street Vendor')
[1057/1241] import: strike ('Strike')
[1058/1241] import: stuart-the-mildly-wonderful ('Stuart the Mildly Wonderful')
[1059/1241] import: successful-samurai ('Successful Samurai')
[1060/1241] import: suetonius ('Suetonius')
[1061/1241] import: susan ('Susan')
[1062/1241] import: sushi-chef ('Sushi Chef')
[1063/1241] import: sushimi ('Sushimi')
[1064/1241] import: sushimi-chef ('Sushimi Chef')
[1065/1241] import: sushimis-sushi-chefs ("Sushimi's sushi chefs")
[1066/1241] import: suzie-wheeler ('Suzie Wheeler')
[1067/1241] import: swamp-rats ('Swamp rats')
[1068/1241] import: sweep ('Sweep')
[1069/1241] import: sweeper ('Sweeper')
[1070/1241] import: tai-d ('Tai-D')
[1071/1241] import: takanagi ('Takanagi')
[1072/1241] import: takuma ('Takuma')
[1073/1241] import: talon ('Talon')
[1074/1241] import: tanabrax ('Tanabrax')
[1075/1241] import: tannin ('Tannin')
[1076/1241] import: tarcila ('Tarcila')
[1077/1241] import: targle ('Targle')
[1078/1241] import: tea-vendor ('Tea Vendor')
[1079/1241] import: teal-ninja ('Teal Ninja')
[1080/1241] import: teelk ('Teelk')
[1081/1241] import: ten-speed ('Ten-Speed')
[1082/1241] import: tentacled-beasts ('Tentacled beasts')
[1083/1241] import: terri ('Terri')
[1084/1241] import: the-administrator ('The Administrator')
[1085/1241] import: the-beast ('The Beast')
[1086/1241] import: the-chroma ('The Chroma')
[1087/1241] import: the-fold-characters ('The Fold (characters)')
[1088/1241] import: the-grays ('The Grays')
[1089/1241] import: the-mechanic ('The Mechanic')
[1090/1241] import: the-milk-man ('The Milk Man')
[1091/1241] import: the-needles ('The Needles')
[1092/1241] import: the-ninjagos ('The Ninjagos')
[1093/1241] import: the-omega ('The Omega')
[1094/1241] import: the-overlord ('The Overlord')
[1095/1241] import: the-preeminent ('The Preeminent')
[1096/1241] import: the-resistance-crystalized ('The Resistance (Crystalized)')
[1097/1241] import: the-resistance-hunted ('The Resistance (Hunted)')
[1098/1241] import: the-resistance-imperium ('The Resistance (Imperium)')
[1099/1241] import: the-resistance-never-realm ('The Resistance (Never-Realm)')
[1100/1241] import: the-rolling-bones ('The Rolling Bones')
[1101/1241] import: the-royal-blacksmiths ('The Royal Blacksmiths')
[1102/1241] import: the-wu ('The Wu')
[1103/1241] import: thunder-dragon ('Thunder Dragon')
[1104/1241] import: thunder-keepers ('Thunder Keepers')
[1105/1241] import: thunderfang ('Thunderfang')
[1106/1241] import: tide-folk ('Tide-Folk')
[1107/1241] import: tiger-widows ('Tiger Widows')
[1108/1241] import: tigers ('Tigers')
[1109/1241] import: time-ninja ('Time Ninja')
[1110/1241] import: time-twins ('Time Twins')
[1111/1241] import: tito ('Tito')
[1112/1241] import: tommy ('Tommy')
[1113/1241] import: tommy-student ('Tommy (student)')
[1114/1241] import: tommy-the-lego-ninjago-movie ('Tommy (The LEGO Ninjago Movie)')
[1115/1241] import: tommy-andreasen-character ('Tommy Andreasen (character)')
[1116/1241] import: tony ('Tony')
[1117/1241] import: tope-epot ('Tope-Epot')
[1118/1241] import: toque ('Toque')
[1119/1241] import: torben ('Torben')
[1120/1241] import: torex ('Torex')
[1121/1241] import: tour-guide ('Tour Guide')
[1122/1241] import: tourist-kid ('Tourist Kid')
[1123/1241] import: tourist-kids-parents ("Tourist Kid's parents")
[1124/1241] import: tox ('Tox')
[1125/1241] import: toxic-vipers ('Toxic Vipers')
[1126/1241] import: training-dummy ('Training dummy')
[1127/1241] import: translucent-blue-viper ('Translucent Blue Viper')
[1128/1241] import: translucent-orange-viper ('Translucent Orange Viper')
[1129/1241] import: translucent-purple-vipers ('Translucent Purple Vipers')
[1130/1241] import: treble-makers ('Treble Makers')
[1131/1241] import: treehorn-queen ('Treehorn queen')
[1132/1241] import: treehorns ('Treehorns')
[1133/1241] import: treg ('Treg')
[1134/1241] import: trexxs ('Trexxs')
[1135/1241] import: trimaar ('Trimaar')
[1136/1241] import: trimaars-ancestor ("Trimaar's ancestor")
[1137/1241] import: tween-lloyd ('Tween Lloyd')
[1138/1241] import: twitchy-tim ('Twitchy Tim')
[1139/1241] import: two-moon-village-commandos ('Two Moon Village Commandos')
[1140/1241] import: two-moon-villagers ('Two Moon villagers')
[1141/1241] import: tyr ('Tyr')
[1142/1241] import: uchida ('Uchida')
[1143/1241] import: ultra-dragon ('Ultra Dragon')
[1144/1241] import: ultra-violet ('Ultra Violet')
[1145/1241] import: ulysses-trustable ('Ulysses Trustable')
[1146/1241] import: ume ('Ume')
[1147/1241] import: unagami ('Unagami')
[1148/1241] import: unagamis-army ("Unagami's army")
[1149/1241] import: undead-mino ('Undead Mino')
[1150/1241] import: underhill ('Underhill')
[1151/1241] import: unknown-elemental-master-geckle ('Unknown Elemental Master (Geckle)')
[1152/1241] import: unknown-elemental-master-greenbone-warrior ('Unknown Elemental Master (Greenbone Warrior)')
[1153/1241] import: unknown-elemental-master-hypnobrai ('Unknown Elemental Master (Hypnobrai)')
[1154/1241] import: upply ('Upply')
[1155/1241] import: urd-leatherwing ('Urd Leatherwing')
[1156/1241] import: uthaug ('Uthaug')
[1157/1241] import: vangelis ('Vangelis')
[1158/1241] import: vania ('Vania')
[1159/1241] import: vastodectrus-venemous ('Vastodectrus Venemous')
[1160/1241] import: vengestone-brutes ('Vengestone Brutes')
[1161/1241] import: vengestone-guards ('Vengestone Guards')
[1162/1241] import: vengestone-seller ('Vengestone seller')
[1163/1241] import: vengestone-warriors ('Vengestone Warriors')
[1164/1241] import: venomari ('Venomari')
[1165/1241] import: vermillion ('Vermillion')
[1166/1241] import: vermin ('Vermin')
[1167/1241] import: vex ('Vex')
[1168/1241] import: vinny-folson ('Vinny Folson')
[1169/1241] import: violet ('Violet')
[1170/1241] import: viper-flyers ('Viper Flyers')
[1171/1241] import: vipers ('Vipers')
[1172/1241] import: vlad-tutu ('Vlad Tutu')
[1173/1241] import: wail ('Wail')
[1174/1241] import: wallopers ('Wallopers')
[1175/1241] import: warby ('Warby')
[1176/1241] import: warriors-of-felis ('Warriors of Felis')
[1177/1241] import: water-dragon-core ('Water Dragon (Core)')
[1178/1241] import: water-dragons-dragons-rising ('Water Dragons (Dragons Rising)')
[1179/1241] import: water-tides ('Water-Tides')
[1180/1241] import: whack-rats ('Whack Rats')
[1181/1241] import: whales ('Whales')
[1182/1241] import: whiplash ('Whiplash')
[1183/1241] import: whoosh ('Whoosh')
[1184/1241] import: wild-bill-ticktock ('Wild Bill TickTock')
[1185/1241] import: will ('Will')
[1186/1241] import: william-toughbutt ('William Toughbutt')
[1187/1241] import: wind-dragons ('Wind Dragons')
[1188/1241] import: winged-monkeys ('Winged monkeys')
[1189/1241] import: wisp ('Wisp')
[1190/1241] import: wizard-guard ('Wizard Guard')
[1191/1241] import: wizards ('Wizards')
[1192/1241] import: wojira ('Wojira')
[1193/1241] import: wolf-clan ('Wolf Clan')
[1194/1241] import: wolf-mask-general ('Wolf Mask General')
[1195/1241] import: wolf-mask-guards ('Wolf Mask Guards')
[1196/1241] import: wolf-mask-warriors ('Wolf Mask Warriors')
[1197/1241] import: wolf-warriors ('Wolf warriors')
[1198/1241] import: wolves ('Wolves')
[1199/1241] import: wooo ('Wooo')
[1200/1241] import: workshop-mechanic ('Workshop Mechanic')
[1201/1241] import: wrayth ('Wrayth')
[1202/1241] import: writers-of-destiny ('Writers of Destiny')
[1203/1241] import: wu-the-lego-ninjago-movie ('Wu (The LEGO Ninjago Movie)')
[1204/1241] import: wu-and-garmadons-parents ("Wu and Garmadon's parents")
[1205/1241] import: wus-academy-students ("Wu's Academy students")
[1206/1241] import: wus-chicken ("Wu's chicken")
[1207/1241] import: wus-dog ("Wu's dog")
[1208/1241] import: wyldfyre ('Wyldfyre')
[1209/1241] import: wyldfyres-family ("Wyldfyre's family")
[1210/1241] import: wylie ('Wylie')
[1211/1241] import: wyplash ('Wyplash')
[1212/1241] import: xerot ('Xerot')
[1213/1241] import: yaks ('Yaks')
[1214/1241] import: yana ('Yana')
[1215/1241] import: yang ('Yang')
[1216/1241] import: yangs-students ("Yang's students")
[1217/1241] import: yello-beez ('Yello Beez')
[1218/1241] import: yellow-ninja ('Yellow Ninja')
[1219/1241] import: yeti ('Yeti')
[1220/1241] import: yinyang-dragons ('YinYang Dragons')
[1221/1241] import: yokai ('Yokai')
[1222/1241] import: young-lloyd ('Young Lloyd')
[1223/1241] import: z-blob ('Z-Blob')
[1224/1241] import: zaiden-kane ('Zaiden Kane')
[1225/1241] import: zane-the-lego-movie ('Zane (The LEGO Movie)')
[1226/1241] import: zane-the-lego-ninjago-movie ('Zane (The LEGO Ninjago Movie)')
[1227/1241] import: zanes-mino ("Zane's Mino")
[1228/1241] import: zant-tanz ('Zant-Tanz')
[1229/1241] import: zanth ('Zanth')
[1230/1241] import: zarkar ('Zarkar')
[1231/1241] import: zarkt ('Zarkt')
[1232/1241] import: zeatrix ('Zeatrix')
[1233/1241] import: zian ('Zian')
[1234/1241] import: zilvar ('Zilvar')
[1235/1241] import: zippy ('Zippy')
[1236/1241] import: zippys-uncle ("Zippy's uncle")
[1237/1241] import: zoey ('Zoey')
[1238/1241] import: zoltar ('Zoltar')
[1239/1241] import: zugu ('Zugu')
[1240/1241] import: zur ('Zur')
[1241/1241] import: zuri ('Zuri')
Done. imported=1241 skipped=0 failed=0 (of 1241 processed; 1241 in file).
