[1] Ninjago (TV series) → /pages/ninjago-tv-series
[2] Ninjago → /pages/ninjago
[3] Season 15: Crystalized → /pages/season-15-crystalized
[4] Season 3 (Dragons Rising) → /pages/season-3-dragons-rising
[5] Ninjago Magazine → /pages/ninjago-magazine
[6] Season 2 (Dragons Rising) → /pages/season-2-dragons-rising
[7] Ninjago City → /pages/ninjago-city
[8] Season 11: Secrets of the Forbidden Spinjitzu → /pages/season-11-secrets-of-the-forbidden-spinjitzu
[9] Season 14: Seabound → /pages/season-14-seabound
[10] Season 1 (Dragons Rising) → /pages/season-1-dragons-rising
[11] Season 4: Tournament of Elements → /pages/season-4-tournament-of-elements
[12] Season 8: Sons of Garmadon → /pages/season-8-sons-of-garmadon
[13] Season 9: Hunted → /pages/season-9-hunted
[14] Elemental Powers → /pages/elemental-powers
[15] Day of the Departed (special) → /pages/day-of-the-departed-special
[16] Season 6: Skybound → /pages/season-6-skybound
[17] The LEGO Ninjago Movie → /pages/the-lego-ninjago-movie
[18] Season 2: Legacy of the Green Ninja → /pages/season-2-legacy-of-the-green-ninja
[19] Types of gi → /pages/types-of-gi
[20] Death → /pages/death
[21] Season 1: Rise of the Snakes → /pages/season-1-rise-of-the-snakes
[22] The Merge → /pages/the-merge
[23] Season 12: Prime Empire → /pages/season-12-prime-empire
[24] Monastery of Spinjitzu → /pages/monastery-of-spinjitzu
[25] Season 3: Rebooted → /pages/season-3-rebooted
[26] Season 7: The Hands of Time → /pages/season-7-the-hands-of-time
[27] First Land → /pages/first-land
[28] Roots → /pages/roots
[29] Tournament of the Sources → /pages/tournament-of-the-sources
[30] Spinjitzu → /pages/spinjitzu
[31] Season 10: March of the Oni → /pages/season-10-march-of-the-oni
[32] Tommy Andreasen → /pages/tommy-andreasen
[33] Season 13: Master of the Mountain → /pages/season-13-master-of-the-mountain
[34] Kryptarium Prison → /pages/kryptarium-prison
[35] Departed Realm → /pages/departed-realm
[36] Season 5: Possession → /pages/season-5-possession
[37] Destiny's Bounty → /pages/destinys-bounty
[38] Dragon Form (episode) → /pages/dragon-form-episode
[39] Cursed Realm → /pages/cursed-realm
[40] Chaos Reigns → /pages/chaos-reigns
[41] LEGO Ninjago: Shadow of Ronin → /pages/lego-ninjago-shadow-of-ronin
[42] Fire → /pages/fire
[43] The Invitation → /pages/the-invitation
[44] Prime Empire → /pages/prime-empire
[45] Merged Realms → /pages/merged-realms
[46] Wyldness → /pages/wyldness
[47] Green Destiny → /pages/green-destiny
[48] Ice → /pages/ice
[49] Elements of Betrayal → /pages/elements-of-betrayal
[50] The LEGO Ninjago Movie Videogame → /pages/the-lego-ninjago-movie-videogame
[51] Chris "Doc" Wyatt → /pages/chris-doc-wyatt
[52] Spellbound → /pages/spellbound
[53] The Corridor of Elders → /pages/the-corridor-of-elders
[54] Endless Sea → /pages/endless-sea
[55] The Final Game → /pages/the-final-game
[56] Water → /pages/water
[57] Season 4 (Dragons Rising) → /pages/season-4-dragons-rising
[58] The Turn of the Tide → /pages/the-turn-of-the-tide
[59] Munce → /pages/munce
[60] Casket of Bones (episode) → /pages/casket-of-bones-episode
[61] The Hollow Ones → /pages/the-hollow-ones
[62] Lightning → /pages/lightning
[63] Serpentine War → /pages/serpentine-war
[64] Curseworld, Part II → /pages/curseworld-part-ii
[65] Earth → /pages/earth
[66] Never-Realm → /pages/never-realm
[67] Way of the Departed → /pages/way-of-the-departed
[68] The Darkness Comes → /pages/the-darkness-comes
[69] Prime Empire Original Shorts → /pages/prime-empire-original-shorts
[70] Endings → /pages/endings
[71] Golden Weapons → /pages/golden-weapons
[72] The Island → /pages/the-island
[73] The Curse of the Golden Master → /pages/the-curse-of-the-golden-master
[74] Concept art → /pages/concept-art
[75] Decoded → /pages/decoded
[76] Sons of the First Spinjitzu Master → /pages/sons-of-the-first-spinjitzu-master
[77] Tales from the Monastery of Spinjitzu → /pages/tales-from-the-monastery-of-spinjitzu
[78] They Gather for the Feast → /pages/they-gather-for-the-feast
[79] The Sword Shatters → /pages/the-sword-shatters
[80] Strike of the Serpentine → /pages/strike-of-the-serpentine
[81] The Power Within → /pages/the-power-within
[82] The Titanium Ninja → /pages/the-titanium-ninja
[83] Enter the City of Temples → /pages/enter-the-city-of-temples
[84] The Greatest Fear of All → /pages/the-greatest-fear-of-all
[85] The Shape of Motion → /pages/the-shape-of-motion
[86] Iron & Stone → /pages/iron-stone
[87] The Shatter Dragon → /pages/the-shatter-dragon
[88] Pilot episodes → /pages/pilot-episodes
[89] The Gilded Path → /pages/the-gilded-path
[90] Under the Light of a Mechanical Moon → /pages/under-the-light-of-a-mechanical-moon
[91] Underworld → /pages/underworld
[92] The Day Ninjago Stood Still → /pages/the-day-ninjago-stood-still
[93] The Splinter in the Blind Man's Eye → /pages/the-splinter-in-the-blind-mans-eye
[94] Awakenings → /pages/awakenings
[95] Enkrypted → /pages/enkrypted
[96] Radio Free Ninjago → /pages/radio-free-ninjago
[97] Shintaro → /pages/shintaro
[98] The Missing → /pages/the-missing
[99] Crossroads → /pages/crossroads
[100] Double Trouble → /pages/double-trouble
[101] Inside the Maze → /pages/inside-the-maze
[102] Wyldly Inappropriate → /pages/wyldly-inappropriate
[103] Wu's Teas → /pages/wus-teas
[104] I Alone Can Save Them → /pages/i-alone-can-save-them
[105] Ninjago - Dream Team → /pages/ninjago-dream-team
[106] Pirates vs. Ninja → /pages/pirates-vs-ninja
[107] The Blood Moon → /pages/the-blood-moon
[108] Misfortune Rising → /pages/misfortune-rising
[109] The Surge → /pages/the-surge
[110] When Doves Cry → /pages/when-doves-cry
[111] Firstbourne (episode) → /pages/firstbourne-episode
[112] For Whom the Bell Tolls → /pages/for-whom-the-bell-tolls
[113] How to Build a Dragon → /pages/how-to-build-a-dragon
[114] Ninjago Museum of History → /pages/ninjago-museum-of-history
[115] City of Temples → /pages/city-of-temples
[116] Infamous → /pages/infamous
[117] The Merge: Part 1 → /pages/the-merge-part-1
[118] True Potential → /pages/true-potential
[119] Shatterspin → /pages/shatterspin
[120] Fugitives From Madness → /pages/fugitives-from-madness
[121] The Stone Army → /pages/the-stone-army
[122] Katana → /pages/katana
[123] Saving Faith → /pages/saving-faith
[124] The Mask of Deception → /pages/the-mask-of-deception
[125] Day of the Great Devourer → /pages/day-of-the-great-devourer
[126] Magic → /pages/magic
[127] The Vault of Focus → /pages/the-vault-of-focus
[128] Tick Tock → /pages/tick-tock
[129] Borg Tower → /pages/borg-tower
[130] United We Fall → /pages/united-we-fall
[131] Garmadon (comic series) → /pages/garmadon-comic-series
[132] Imperium → /pages/imperium
[133] The Royal Blacksmiths (episode) → /pages/the-royal-blacksmiths-episode
[134] The Spell at the Waterfall → /pages/the-spell-at-the-waterfall
[135] Wasted True Potential → /pages/wasted-true-potential
[136] Beyond the Phantasm Cave → /pages/beyond-the-phantasm-cave
[137] Cloud Kingdom → /pages/cloud-kingdom
[138] Game Over → /pages/game-over
[139] The Virtues of Spinjitzu → /pages/the-virtues-of-spinjitzu
[140] The Way Back → /pages/the-way-back
[141] Pause and Effect → /pages/pause-and-effect
[142] Lost in Time → /pages/lost-in-time
[143] Mysterium → /pages/mysterium
[144] Ninjaball Run (episode) → /pages/ninjaball-run-episode
[145] The Calm Before the Storm → /pages/the-calm-before-the-storm
[146] Can of Worms → /pages/can-of-worms
[147] Chaos Unchained → /pages/chaos-unchained
[148] Destruction → /pages/destruction
[149] Farewell the Sea → /pages/farewell-the-sea
[150] Rise of the Spinjitzu Master → /pages/rise-of-the-spinjitzu-master
[151] Wind → /pages/wind
[152] Curseworld, Part I → /pages/curseworld-part-i
[153] Explorer's Club → /pages/explorers-club
[154] Two Lies, One Truth → /pages/two-lies-one-truth
[155] Darkness → /pages/darkness
[156] Master of the Sea → /pages/master-of-the-sea
[157] Operation Land Ho! → /pages/operation-land-ho
[158] Souls → /pages/souls
[159] Truth and Lies → /pages/truth-and-lies
[160] Golden Power → /pages/golden-power
[161] The Day of the Dragon → /pages/the-day-of-the-dragon
[162] The Hatching → /pages/the-hatching
[163] The Oni and the Dragon → /pages/the-oni-and-the-dragon
[164] A Big Splash → /pages/a-big-splash
[165] Return of the Ice Emperor → /pages/return-of-the-ice-emperor
[166] Wu's Academy → /pages/wus-academy
[167] Questing for Quests → /pages/questing-for-quests
[168] Rising Ninja → /pages/rising-ninja
[169] Stiix and Stones → /pages/stiix-and-stones
[170] The Forgotten Element → /pages/the-forgotten-element
[171] The Spectral Lands → /pages/the-spectral-lands
[172] They Call It Doom → /pages/they-call-it-doom
[173] Realm Crystal → /pages/realm-crystal
[174] The Temple of the Dragon Cores → /pages/the-temple-of-the-dragon-cores
[175] Alternate timeline → /pages/alternate-timeline
[176] An Issue of Trust → /pages/an-issue-of-trust
[177] Kingdom of Shintaro → /pages/kingdom-of-shintaro
[178] Level Thirteen → /pages/level-thirteen
[179] Storm Amulet → /pages/storm-amulet
[180] Clues and Suspects → /pages/clues-and-suspects
[181] Land of Monsters → /pages/land-of-monsters
[182] All of Nothing → /pages/all-of-nothing
[183] Crashing Together → /pages/crashing-together
[184] Lessons for a Master → /pages/lessons-for-a-master
[185] Ninjago City vs. Ninja → /pages/ninjago-city-vs-ninja
[186] Vengestone → /pages/vengestone
[187] Versus → /pages/versus
[188] Big Trouble, Little Ninjago → /pages/big-trouble-little-ninjago
[189] Darkness Shall Rise → /pages/darkness-shall-rise
[190] Final prophecy of Quanish the Elder → /pages/final-prophecy-of-quanish-the-elder
[191] Shattered Dreams → /pages/shattered-dreams
[192] The Whispering Wood → /pages/the-whispering-wood
[193] Only One Can Remain → /pages/only-one-can-remain
[194] Public Enemies 1, 2, 3, 4 and 5! → /pages/public-enemies-1-2-3-4-and-5
[195] The Battle of the Second Monastery → /pages/the-battle-of-the-second-monastery
[196] Crossroads Carnival (episode) → /pages/crossroads-carnival-episode
[197] Human Resources → /pages/human-resources
[198] Stiix → /pages/stiix
[199] True Potential (episode) → /pages/true-potential-episode
[200] Child's Play → /pages/childs-play
[201] Island of the Keepers → /pages/island-of-the-keepers
[202] The Last Resort → /pages/the-last-resort
[203] Absolute Power → /pages/absolute-power
[204] Fallen Wishes → /pages/fallen-wishes
[205] Public Enemy Number One → /pages/public-enemy-number-one
[206] The Forest of Spirits → /pages/the-forest-of-spirits
[207] The Last Voyage → /pages/the-last-voyage
[208] The Ultimate Object of Admiration → /pages/the-ultimate-object-of-admiration
[209] Djinjago → /pages/djinjago
[210] LEGO Dimensions → /pages/lego-dimensions
[211] Ninjago history mural → /pages/ninjago-history-mural
[212] Riddle of the Sphinx → /pages/riddle-of-the-sphinx
[213] The Son of Lilly → /pages/the-son-of-lilly
[214] Winds of Change → /pages/winds-of-change
[215] Compatible → /pages/compatible
[216] Ninjago (The LEGO Ninjago Movie) → /pages/ninjago-the-lego-ninjago-movie
[217] Quest for the Lost Powers → /pages/quest-for-the-lost-powers
[218] Snakebit → /pages/snakebit
[219] The Speedway Five-Billion → /pages/the-speedway-five-billion
[220] Between You and Lee (episode) → /pages/between-you-and-lee-episode
[221] Dread on Arrival → /pages/dread-on-arrival
[222] Gangs of the Sea → /pages/gangs-of-the-sea
[223] Home → /pages/home
[224] The Screaming Earth → /pages/the-screaming-earth
[225] Force From the East → /pages/force-from-the-east
[226] Rise of the Snakes → /pages/rise-of-the-snakes
[227] Ritual of the Blood Moon → /pages/ritual-of-the-blood-moon
[228] Scrolls of Forbidden Spinjitzu → /pages/scrolls-of-forbidden-spinjitzu
[229] Spy for a Spy → /pages/spy-for-a-spy
[230] Their Draconic Majesty's Request → /pages/their-draconic-majestys-request
[231] Wishmasters → /pages/wishmasters
[232] Creation → /pages/creation
[233] LEGO → /pages/lego
[234] Never Trust a Snake → /pages/never-trust-a-snake
[235] Ninjago City (The LEGO Ninjago Movie) → /pages/ninjago-city-the-lego-ninjago-movie
[236] Once Bitten, Twice Shy → /pages/once-bitten-twice-shy
[237] Secrets Discovered → /pages/secrets-discovered
[238] Spectral Lands → /pages/spectral-lands
[239] Tournament of Elements → /pages/tournament-of-elements
[240] Dark Island → /pages/dark-island
[241] Ninja Roll → /pages/ninja-roll
[242] The Art of the Silent Fist → /pages/the-art-of-the-silent-fist
[243] Way of the Ninja → /pages/way-of-the-ninja
[244] 71861 The Old Town → /pages/71861-the-old-town
[245] Birthright → /pages/birthright
[246] Crystastrophe → /pages/crystastrophe
[247] Dark Island Trilogy → /pages/dark-island-trilogy
[248] LEGO Ninjago: Tournament → /pages/lego-ninjago-tournament
[249] Nether-Space → /pages/nether-space
[250] Brave But Foolish → /pages/brave-but-foolish
[251] City of Imperium → /pages/city-of-imperium
[252] Technology → /pages/technology
[253] Mindless Beasts → /pages/mindless-beasts
[254] On a Wish and a Prayer → /pages/on-a-wish-and-a-prayer
[255] Snaketastrophy → /pages/snaketastrophy
[256] The Administration (episode) → /pages/the-administration-episode
[257] Blackout → /pages/blackout
[258] The Lair of Tanabrax → /pages/the-lair-of-tanabrax
[259] The Weakest Link → /pages/the-weakest-link
[260] Codename: Arcturus → /pages/codename-arcturus
[261] Land of Lost Things (episode) → /pages/land-of-lost-things-episode
[262] Merlopia → /pages/merlopia
[263] One Step Forward, Two Steps Back → /pages/one-step-forward-two-steps-back
[264] Papergirl → /pages/papergirl
[265] Secrets of the Wyldness → /pages/secrets-of-the-wyldness
[266] The Jade Princess → /pages/the-jade-princess
[267] To Mysterium → /pages/to-mysterium
[268] WildBrain → /pages/wildbrain
[269] A Lesson in Anger → /pages/a-lesson-in-anger
[270] Chen's Island → /pages/chens-island
[271] Claws of Imperium → /pages/claws-of-imperium
[272] Prismatic Blades → /pages/prismatic-blades
[273] Snake Jaguar → /pages/snake-jaguar
[274] The Explorers Club → /pages/the-explorers-club
[275] The Snake King → /pages/the-snake-king
[276] A Time of Traitors → /pages/a-time-of-traitors
[277] Kingdom Come → /pages/kingdom-come
[278] Let's Dance → /pages/lets-dance
[279] The Elemental Mechs → /pages/the-elemental-mechs
[280] The Lean of a Tree → /pages/the-lean-of-a-tree
[281] Writers of Destiny (episode) → /pages/writers-of-destiny-episode
[282] A Sinister Shadow → /pages/a-sinister-shadow
[283] Day of the Departed → /pages/day-of-the-departed
[284] My Dinner With Nadakhan → /pages/my-dinner-with-nadakhan
[285] Return of the Overlord → /pages/return-of-the-overlord
[286] Shatterspin (comic series) → /pages/shatterspin-comic-series
[287] Speedway Five-Billion → /pages/speedway-five-billion
[288] The Temple on Haunted Hill → /pages/the-temple-on-haunted-hill
[289] Darkness Within → /pages/darkness-within
[290] Golden Master → /pages/golden-master
[291] Heat → /pages/heat
[292] The Tale of Benthomaar → /pages/the-tale-of-benthomaar
[293] Corridor of Elders → /pages/corridor-of-elders
[294] Djinn Blade → /pages/djinn-blade
[295] Ghost Story → /pages/ghost-story
[296] Chaos → /pages/chaos
[297] Great Flood → /pages/great-flood
[298] Hollow Ones → /pages/hollow-ones
[299] The Administration → /pages/the-administration
[300] The Calm Inside → /pages/the-calm-inside
[301] The Merge: Part 2 → /pages/the-merge-part-2
[302] We Are All Dragons → /pages/we-are-all-dragons
[303] Ancient History → /pages/ancient-history
[304] Game of Masks → /pages/game-of-masks
[305] Into the Dark → /pages/into-the-dark
[306] The Great Zane Robbery → /pages/the-great-zane-robbery
[307] The Tooth of Wojira → /pages/the-tooth-of-wojira
[308] Would You Like to Enter Prime Empire? → /pages/would-you-like-to-enter-prime-empire
[309] 71741 Ninjago City Gardens → /pages/71741-ninjago-city-gardens
[310] Amber → /pages/amber
[311] Assault on Ninjago City → /pages/assault-on-ninjago-city
[312] Character Encyclopedia New Edition → /pages/character-encyclopedia-new-edition
[313] Dead Man's Squall → /pages/dead-mans-squall
[314] Quittin' Time! → /pages/quittin-time
[315] Return to Imperium → /pages/return-to-imperium
[316] Temple of Airjitzu → /pages/temple-of-airjitzu
[317] The Council of the Crystal King → /pages/the-council-of-the-crystal-king
[318] Distress Calls → /pages/distress-calls
[319] Energy → /pages/energy
[320] Jamanakai Village → /pages/jamanakai-village
[321] Kryptarium Prison Blues → /pages/kryptarium-prison-blues
[322] Mega Weapon → /pages/mega-weapon
[323] A Fragile Hope → /pages/a-fragile-hope
[324] Freebooters → /pages/freebooters
[325] Possession (ability) → /pages/possession-ability
[326] Powerless → /pages/powerless
[327] The Quiet One → /pages/the-quiet-one
[328] I Will Be the Danger → /pages/i-will-be-the-danger
[329] Safe Haven → /pages/safe-haven
[330] The Rise of the Great Devourer → /pages/the-rise-of-the-great-devourer
[331] Time → /pages/time
[332] 71799 Ninjago City Markets → /pages/71799-ninjago-city-markets
[333] Curiosity → /pages/curiosity
[334] Ed & Edna's Scrap N Junk → /pages/ed-ednas-scrap-n-junk
[335] Fangblades → /pages/fangblades
[336] Secret Ninja Force → /pages/secret-ninja-force
[337] Sins of the Past → /pages/sins-of-the-past
[338] The Green Ninja → /pages/the-green-ninja
[339] Legacy → /pages/legacy
[340] LEGO Brawls → /pages/lego-brawls
[341] List of LEGO hair pieces → /pages/list-of-lego-hair-pieces
[342] The Worst Rescue Ever → /pages/the-worst-rescue-ever
[343] Weapons of Destiny → /pages/weapons-of-destiny
[344] A Painful Promise → /pages/a-painful-promise
[345] Grave Danger → /pages/grave-danger
[346] Ninjago (realm) → /pages/ninjago-realm
[347] Tea → /pages/tea
[348] The Call of the Deep → /pages/the-call-of-the-deep
[349] The Storm Amulet → /pages/the-storm-amulet
[350] Under Siege → /pages/under-siege
[351] A Line in the Sand → /pages/a-line-in-the-sand
[352] Greenbone Warriors → /pages/greenbone-warriors
[353] King of Shadows → /pages/king-of-shadows
[354] Return to Primeval's Eye → /pages/return-to-primevals-eye
[355] Scavengers → /pages/scavengers
[356] The Golden Weapon → /pages/the-golden-weapon
[357] The Hands of Time → /pages/the-hands-of-time
[358] Greatest Battles → /pages/greatest-battles
[359] LEGO Ninjago Trading Card Game → /pages/lego-ninjago-trading-card-game
[360] LEGO Ninjago Trading Card Game/Series 1 → /pages/lego-ninjago-trading-card-gameseries-1
[361] Michael Adamthwaite → /pages/michael-adamthwaite
[362] Nyad (episode) → /pages/nyad-episode
[363] Superstar Rockin' Jay → /pages/superstar-rockin-jay
[364] The Absolute Worst → /pages/the-absolute-worst
[365] The Void → /pages/the-void
[366] Two Moon Village (Garmadon) → /pages/two-moon-village-garmadon
[367] Uncharted → /pages/uncharted
[368] Vincent Tong → /pages/vincent-tong
[369] Dragon energy → /pages/dragon-energy
[370] Dragon Form → /pages/dragon-form
[371] Island of Darkness → /pages/island-of-darkness
[372] Mini-movies → /pages/mini-movies
[373] Out of the Fire and Into the Boiling Sea → /pages/out-of-the-fire-and-into-the-boiling-sea
[374] The Curse of the Cat-Eye Jewel → /pages/the-curse-of-the-cat-eye-jewel
[375] The Weekend Drill → /pages/the-weekend-drill
[376] Blue Lightning → /pages/blue-lightning
[377] LEGO.com → /pages/legocom
[378] Paul Dobson → /pages/paul-dobson
[379] Shapeshifting → /pages/shapeshifting
[380] Tall Tales → /pages/tall-tales
[381] The Fall → /pages/the-fall
[382] The Message → /pages/the-message
[383] The News Never Sleeps! → /pages/the-news-never-sleeps
[384] Wrong Place, Wrong Time → /pages/wrong-place-wrong-time
[385] Falcon → /pages/falcon
[386] Grief-Bringer (episode) → /pages/grief-bringer-episode
[387] The Attack → /pages/the-attack
[388] The Gift of Jay → /pages/the-gift-of-jay
[389] The Wyldness → /pages/the-wyldness
[390] Trial By Mino → /pages/trial-by-mino
[391] Christofern (episode) → /pages/christofern-episode
[392] Crystal Island → /pages/crystal-island
[393] Peak-a-Boo → /pages/peak-a-boo
[394] Rising Dragon → /pages/rising-dragon
[395] Skull of Hazza D'ur → /pages/skull-of-hazza-dur
[396] The Meaning of Victory → /pages/the-meaning-of-victory
[397] Dark Matter → /pages/dark-matter
[398] Green and Gold → /pages/green-and-gold
[399] Ninjago Confidential → /pages/ninjago-confidential
[400] Quake → /pages/quake
[401] Seed and Soil → /pages/seed-and-soil
[402] The Never-Realm → /pages/the-never-realm
[403] The Snake in the Garden → /pages/the-snake-in-the-garden
[404] The Upply Strike Back! → /pages/the-upply-strike-back
[405] The Weekend Whip (15th Anniversary mix) → /pages/the-weekend-whip-15th-anniversary-mix
[406] 71837 Ninjago City Workshops → /pages/71837-ninjago-city-workshops
[407] Dungeons of Shintaro → /pages/dungeons-of-shintaro
[408] Just Under the Surface → /pages/just-under-the-surface
[409] Once and for All → /pages/once-and-for-all
[410] Ouroboros → /pages/ouroboros
[411] Shintaro Mountain → /pages/shintaro-mountain
[412] Sound → /pages/sound
[413] The Coming of the King → /pages/the-coming-of-the-king
[414] The Fifth Villain → /pages/the-fifth-villain
[415] The Shape of Nya → /pages/the-shape-of-nya
[416] Beyond Madness → /pages/beyond-madness
[417] Chima → /pages/chima
[418] Ninjago's Most Wanted → /pages/ninjagos-most-wanted
[419] Shockwave → /pages/shockwave
[420] Spinjitzu Brothers → /pages/spinjitzu-brothers
[421] The Fall of the Monastery → /pages/the-fall-of-the-monastery
[422] The Keepers of the Amulet → /pages/the-keepers-of-the-amulet
[423] The Land of Monsters → /pages/the-land-of-monsters
[424] The Lycan King → /pages/the-lycan-king
[425] The Temple of Madness → /pages/the-temple-of-madness
[426] Airjitzu → /pages/airjitzu
[427] Brian Drummond → /pages/brian-drummond
[428] Dragon Masters → /pages/dragon-masters
[429] Kuma (Garmadon) → /pages/kuma-garmadon
[430] Long Live the King → /pages/long-live-the-king
[431] Newspaper warehouse → /pages/newspaper-warehouse
[432] Nya/History → /pages/nyahistory
[433] Samurai X Cave → /pages/samurai-x-cave
[434] Slither Pit → /pages/slither-pit
[435] Sword of Sanctuary → /pages/sword-of-sanctuary
[436] A Mayor Problem → /pages/a-mayor-problem
[437] Beginnings → /pages/beginnings
[438] Hounddog McBrag (episode) → /pages/hounddog-mcbrag-episode
[439] Kai/History → /pages/kaihistory
[440] Second Serpentine War → /pages/second-serpentine-war
[441] Secret of the Wolf → /pages/secret-of-the-wolf
[442] The Last Djinn → /pages/the-last-djinn
[443] The Two Blades → /pages/the-two-blades
[444] Tonight We Hunt Monsters → /pages/tonight-we-hunt-monsters
[445] Wolf Masks → /pages/wolf-masks
[446] Beasts and Dragons → /pages/beasts-and-dragons
[447] Bo staff → /pages/bo-staff
[448] Enter the Digiverse → /pages/enter-the-digiverse
[449] Fire Maker → /pages/fire-maker
[450] Hangar bay → /pages/hangar-bay
[451] Light → /pages/light
[452] Lloyd/History → /pages/lloydhistory
[453] My Enemy, My Friend → /pages/my-enemy-my-friend
[454] Samurai Mech → /pages/samurai-mech
[455] Smoke → /pages/smoke
[456] The Final Battle → /pages/the-final-battle
[457] The Last Hope → /pages/the-last-hope
[458] The Wrath of Kalmaar → /pages/the-wrath-of-kalmaar
[459] Vengeance is Mine! → /pages/vengeance-is-mine
[460] Elemental Dragons → /pages/elemental-dragons
[461] Five Thousand Fathoms Down → /pages/five-thousand-fathoms-down
[462] Jungle Escape! → /pages/jungle-escape
[463] Portal gates → /pages/portal-gates
[464] Stone Cold → /pages/stone-cold
[465] Amber Spiral → /pages/amber-spiral
[466] Dyer Island (episode) → /pages/dyer-island-episode
[467] Land of Lee → /pages/land-of-lee
[468] Land of Madness → /pages/land-of-madness
[469] LEGO Ninjago: Nindroids → /pages/lego-ninjago-nindroids
[470] Racer Seven (episode) → /pages/racer-seven-episode
[471] Sacred Flutes → /pages/sacred-flutes
[472] The Call of Home → /pages/the-call-of-home
[473] The Crooked Path → /pages/the-crooked-path
[474] The Darkest Hour → /pages/the-darkest-hour
[475] The Last of the Formlings → /pages/the-last-of-the-formlings
[476] A Cold Goodbye → /pages/a-cold-goodbye
[477] Dungeon Party! → /pages/dungeon-party
[478] Forbidden Spinjitzu → /pages/forbidden-spinjitzu
[479] Gayle Gossip: A Closer Look → /pages/gayle-gossip-a-closer-look
[480] Iron Doom → /pages/iron-doom
[481] Land of Lost Things → /pages/land-of-lost-things
[482] Misfortune's Keep → /pages/misfortunes-keep
[483] Samurai X-Treme → /pages/samurai-x-treme
[484] Temple of Light → /pages/temple-of-light
[485] The Ascent → /pages/the-ascent
[486] The Maze of the Sphinx → /pages/the-maze-of-the-sphinx
[487] Ultra Sonic Raider → /pages/ultra-sonic-raider
[488] Corruption → /pages/corruption
[489] Form → /pages/form
[490] Never Trust a Human → /pages/never-trust-a-human
[491] Nindroid crisis → /pages/nindroid-crisis
[492] Shadow Dojo → /pages/shadow-dojo
[493] Spinjitzu Burst → /pages/spinjitzu-burst
[494] Teapot of Tyrahn → /pages/teapot-of-tyrahn
[495] The Real Fall → /pages/the-real-fall
[496] Unsinkable → /pages/unsinkable
[497] Wu-Cru → /pages/wu-cru
[498] A Pain in the Mech! → /pages/a-pain-in-the-mech
[499] A Rocky Start → /pages/a-rocky-start
[500] Dark Magic → /pages/dark-magic
[501] Dying to Live → /pages/dying-to-live
[502] Gong of Shattering → /pages/gong-of-shattering
[503] I am Okino → /pages/i-am-okino
[504] Mega Monster Amusement Park → /pages/mega-monster-amusement-park
[505] Ninjago City in Danger! (2025) → /pages/ninjago-city-in-danger-2025
[506] Sword of Fire → /pages/sword-of-fire
[507] The Elemental Masters → /pages/the-elemental-masters
[508] Tomb of the Stone Army → /pages/tomb-of-the-stone-army
[509] Birchwood Forest → /pages/birchwood-forest
[510] Fire Temple → /pages/fire-temple
[511] Foreign casts/German → /pages/foreign-castsgerman
[512] Ninjaball Run → /pages/ninjaball-run
[513] Oni's invasion → /pages/onis-invasion
[514] Scythe of Quakes → /pages/scythe-of-quakes
[515] Staff of Elements → /pages/staff-of-elements
[516] The Spider's Design → /pages/the-spiders-design
[517] Brent Miller → /pages/brent-miller
[518] Caves of Despair → /pages/caves-of-despair
[519] Crossroads' Crosstalk (series) → /pages/crossroads-crosstalk-series
[520] Into the Breach → /pages/into-the-breach
[521] Masters Never Quit → /pages/masters-never-quit
[522] Reflex → /pages/reflex
[523] Sea of Sand → /pages/sea-of-sand
[524] Wailing Alps → /pages/wailing-alps
[525] Wisdom → /pages/wisdom
[526] A Team Divided → /pages/a-team-divided
[527] Balance (mini-movie) → /pages/balance-mini-movie
[528] Dungeon Crawl! → /pages/dungeon-crawl
[529] Master Class → /pages/master-class
[530] Primeval's Eye → /pages/primevals-eye
[531] Tales from the Merged Realms → /pages/tales-from-the-merged-realms
[532] The Chroma's Clutches → /pages/the-chromas-clutches
[533] The Kaiju Protocol → /pages/the-kaiju-protocol
[534] Time Blades → /pages/time-blades
[535] Tomb of the Fangpyre → /pages/tomb-of-the-fangpyre
[536] Allied Armor of Azure → /pages/allied-armor-of-azure
[537] An Unlikely Ally → /pages/an-unlikely-ally
[538] Dragon Armor → /pages/dragon-armor
[539] Elemental Rider → /pages/elemental-rider
[540] Fusion → /pages/fusion
[541] Hydro Bounty → /pages/hydro-bounty
[542] Manifestation Gate → /pages/manifestation-gate
[543] Portals → /pages/portals
[544] Roto Jets → /pages/roto-jets
[545] Conduits → /pages/conduits
[546] Dark Island Trilogy - Part 1 → /pages/dark-island-trilogy-part-1
[547] Eridany → /pages/eridany
[548] Homecoming → /pages/homecoming
[549] Kreel's Junkyard → /pages/kreels-junkyard
[550] NGTV → /pages/ngtv
[551] Nunchucks of Lightning → /pages/nunchucks-of-lightning
[552] Percival Tartigrade → /pages/percival-tartigrade
[553] Pyramid of Mambo V → /pages/pyramid-of-mambo-v
[554] Steep Wisdom → /pages/steep-wisdom
[555] The Book of Elemental Powers → /pages/the-book-of-elemental-powers
[556] The Maze of the Red Dragon → /pages/the-maze-of-the-red-dragon
[557] Two Moon Village → /pages/two-moon-village
[558] Wyldfyre/History → /pages/wyldfyrehistory
[559] 70620 Ninjago City → /pages/70620-ninjago-city
[560] 71019 The LEGO Ninjago Movie Series → /pages/71019-the-lego-ninjago-movie-series
[561] Chen's Noodle House → /pages/chens-noodle-house
[562] Crowns of Horns → /pages/crowns-of-horns
[563] Dark Island Trilogy - Part 3 → /pages/dark-island-trilogy-part-3
[564] Dragon power → /pages/dragon-power
[565] In the Land of Monsters → /pages/in-the-land-of-monsters
[566] Lighthouse Island → /pages/lighthouse-island
[567] MergeQuake Storm → /pages/mergequake-storm
[568] Ninjago Wiki:Manual of Style/Image policy → /pages/ninjago-wikimanual-of-styleimage-policy
[569] Oni Mask of Hatred → /pages/oni-mask-of-hatred
[570] Size → /pages/size
[571] The Grand Inquisition → /pages/the-grand-inquisition
[572] The Hageman Brothers → /pages/the-hageman-brothers
[573] Upgrade → /pages/upgrade
[574] Yang Tavern → /pages/yang-tavern
[575] Biggest Mech Fight in History → /pages/biggest-mech-fight-in-history
[576] Djinjago (reconstruction) → /pages/djinjago-reconstruction
[577] Dragon Cores → /pages/dragon-cores
[578] Escape from Merlopia → /pages/escape-from-merlopia
[579] Four Weapons Blacksmith → /pages/four-weapons-blacksmith
[580] Garmadon Rulez! → /pages/garmadon-rulez
[581] Golden Hour → /pages/golden-hour
[582] Photacs → /pages/photacs
[583] Shadow → /pages/shadow
[584] Sora/History → /pages/sorahistory
[585] Stop, Drop and Side Scroll → /pages/stop-drop-and-side-scroll
[586] The New Heroes → /pages/the-new-heroes
[587] The Skull Sorcerer → /pages/the-skull-sorcerer
[588] War of Oni and Dragon → /pages/war-of-oni-and-dragon
[589] WILFilm ApS → /pages/wilfilm-aps
[590] Boobytraps and How to Survive Them → /pages/boobytraps-and-how-to-survive-them
[591] Character Encyclopedia Updated and Expanded → /pages/character-encyclopedia-updated-and-expanded
[592] Craglings → /pages/craglings
[593] Destinies → /pages/destinies
[594] Great Devourer's venom → /pages/great-devourers-venom
[595] Mallet of Shattering → /pages/mallet-of-shattering
[596] Ninja vs Lava → /pages/ninja-vs-lava
[597] The Book of Spinjitzu → /pages/the-book-of-spinjitzu
[598] Toxic Bogs → /pages/toxic-bogs
[599] Traveler's Tea → /pages/travelers-tea
[600] A Wonder of the Merged Lands → /pages/a-wonder-of-the-merged-lands
[601] Aspheera's staff → /pages/aspheeras-staff
[602] Benny's Arcade Emporium → /pages/bennys-arcade-emporium
[603] Blue Prismatic Blade → /pages/blue-prismatic-blade
[604] Courage → /pages/courage
[605] Crystal Spiders → /pages/crystal-spiders
[606] Foreign casts/French → /pages/foreign-castsfrench
[607] Garmadon! → /pages/garmadon-2
[608] It's Time For Spinjitzu! → /pages/its-time-for-spinjitzu
[609] Life → /pages/life
[610] Ninjago Harbor → /pages/ninjago-harbor
[611] Ninjago Spinners → /pages/ninjago-spinners
[612] Pythor's Revenge → /pages/pythors-revenge
[613] The Mech Master → /pages/the-mech-master
[614] Figment → /pages/figment
[615] Hypnobrai hypnosis → /pages/hypnobrai-hypnosis
[616] Laughy's → /pages/laughys
[617] LEGO Fortnite Odyssey → /pages/lego-fortnite-odyssey
[618] Metal → /pages/metal
[619] Metal Mayhem! → /pages/metal-mayhem
[620] Monstrosity → /pages/monstrosity
[621] Mother Earth → /pages/mother-earth
[622] Shurikens of Ice → /pages/shurikens-of-ice
[623] Sparks → /pages/sparks
[624] 70657 Ninjago City Docks → /pages/70657-ninjago-city-docks
[625] 71814 Tournament Temple City → /pages/71814-tournament-temple-city
[626] Aeroblades → /pages/aeroblades
[627] Battle for All Time → /pages/battle-for-all-time
[628] Dark Island Trilogy - Part 2 → /pages/dark-island-trilogy-part-2
[629] Legend of the Brown Ninja → /pages/legend-of-the-brown-ninja
[630] Mind → /pages/mind
[631] Poison → /pages/poison
[632] Queen of the Munce → /pages/queen-of-the-munce
[633] Returning Blade → /pages/returning-blade
[634] Temple of Wojira → /pages/temple-of-wojira
[635] The Glitch → /pages/the-glitch
[636] 70670 Monastery of Spinjitzu → /pages/70670-monastery-of-spinjitzu
[637] Advanced Systems Lab → /pages/advanced-systems-lab
[638] Balance → /pages/balance
[639] Castle of Ice → /pages/castle-of-ice
[640] Community of Lee → /pages/community-of-lee
[641] Golden Mech → /pages/golden-mech
[642] Great Lake → /pages/great-lake
[643] LEGO Party! → /pages/lego-party
[644] Library of Domu → /pages/library-of-domu
[645] Scrolls of Airjitzu → /pages/scrolls-of-airjitzu
[646] Techno Blades → /pages/techno-blades
[647] The Realm of Shadows → /pages/the-realm-of-shadows
[648] World Forest → /pages/world-forest
[649] 70751 Temple of Airjitzu → /pages/70751-temple-of-airjitzu
[650] Borg Industries → /pages/borg-industries
[651] Dark Island Trilogy, Part 3 → /pages/dark-island-trilogy-part-3-2
[652] Foreign casts/Spanish (Latin America) → /pages/foreign-castsspanish-latin-america
[653] Ghost invasion → /pages/ghost-invasion
[654] Helmet of Shadows → /pages/helmet-of-shadows
[655] Kingdom of the Snakes → /pages/kingdom-of-the-snakes
[656] Liberation of Ninjago → /pages/liberation-of-ninjago
[657] Nature → /pages/nature
[658] Oni Mask of Deception → /pages/oni-mask-of-deception
[659] Ronin's monster → /pages/ronins-monster
[660] Sky Pirates (book) → /pages/sky-pirates-book
[661] Temporal vortex → /pages/temporal-vortex
[662] The Benefit of Grief → /pages/the-benefit-of-grief
[663] 71795 Temple of the Dragon Energy Cores → /pages/71795-temple-of-the-dragon-energy-cores
[664] Battle for Shintaro Mountain → /pages/battle-for-shintaro-mountain
[665] Cards → /pages/cards
[666] Dark Forces! → /pages/dark-forces
[667] Decay → /pages/decay
[668] Elemental Blades → /pages/elemental-blades
[669] Fangpyre Tomb → /pages/fangpyre-tomb
[670] Fired Generals → /pages/fired-generals
[671] Foreign casts/Hungarian → /pages/foreign-castshungarian
[672] Honesty → /pages/honesty
[673] Infectious crystals → /pages/infectious-crystals
[674] Kirby Morrow → /pages/kirby-morrow
[675] Lava Wastes → /pages/lava-wastes
[676] Ninja vs. Garmadon! The Big Finale! → /pages/ninja-vs-garmadon-the-big-finale
[677] Ninjargon → /pages/ninjargon
[678] Riots Erupt in Temple City! → /pages/riots-erupt-in-temple-city
[679] Spinjitzu! → /pages/spinjitzu-2
[680] The Prodigal Father → /pages/the-prodigal-father
[681] Tiger Tribe → /pages/tiger-tribe
[682] Types of gi/Other outfits → /pages/types-of-giother-outfits
[683] Blade Cup → /pages/blade-cup
[684] BorgWatch → /pages/borgwatch
[685] Farmers' village → /pages/farmers-village
[686] Golden Ultra Dragon → /pages/golden-ultra-dragon
[687] LEGO Battles: Ninjago → /pages/lego-battles-ninjago
[688] Mech Master 5000 → /pages/mech-master-5000
[689] Noodle factory → /pages/noodle-factory
[690] Propulsion → /pages/propulsion
[691] Secrets of the Blacksmith → /pages/secrets-of-the-blacksmith
[692] Spinjitzu Smash! → /pages/spinjitzu-smash
[693] Surface Tension → /pages/surface-tension
[694] The Belly of the Beast → /pages/the-belly-of-the-beast
[695] The Epic Dragon Rescue! → /pages/the-epic-dragon-rescue
[696] The Traveler's Tree → /pages/the-travelers-tree
[697] Thunderfang's prison → /pages/thunderfangs-prison
[698] Visions → /pages/visions
[699] Well of the Lost → /pages/well-of-the-lost
[700] What the Mech? → /pages/what-the-mech
[701] Yellow Prismatic Blade → /pages/yellow-prismatic-blade
[702] 9450 Epic Dragon Battle → /pages/9450-epic-dragon-battle
[703] Abracalabria → /pages/abracalabria
[704] Battle of Nine Days → /pages/battle-of-nine-days
[705] Elemental Cup → /pages/elemental-cup
[706] False Light → /pages/false-light
[707] Fangpyre bite → /pages/fangpyre-bite
[708] Garmatron → /pages/garmatron
[709] Generosity → /pages/generosity
[710] Golden Dragon → /pages/golden-dragon
[711] Ian James Corlett → /pages/ian-james-corlett
[712] Jadeblades → /pages/jadeblades
[713] Jay's Ninja Dream! → /pages/jays-ninja-dream
[714] Kathleen Barr → /pages/kathleen-barr
[715] Legendary Places → /pages/legendary-places
[716] Masters and Students → /pages/masters-and-students
[717] Morro's dragon → /pages/morros-dragon
[718] Museum → /pages/museum
[719] Nindroid MechDragon → /pages/nindroid-mechdragon
[720] Ninjago City Aquarium → /pages/ninjago-city-aquarium
[721] Queen of Monsters! → /pages/queen-of-monsters-2
[722] School for Crooks → /pages/school-for-crooks
[723] Tartarus Trench → /pages/tartarus-trench
[724] 2012 blooper reel → /pages/2012-blooper-reel
[725] Battle Between Brothers (mini-movie) → /pages/battle-between-brothers-mini-movie
[726] City Bank → /pages/city-bank
[727] Creatures of Sonaria → /pages/creatures-of-sonaria
[728] Forest of Tranquility → /pages/forest-of-tranquility
[729] Forward Time Blade → /pages/forward-time-blade
[730] Ghost Attack on the High Seas → /pages/ghost-attack-on-the-high-seas
[731] Gravity → /pages/gravity
[732] Hall of Villainy → /pages/hall-of-villainy
[733] Hiroshi's Labyrinth → /pages/hiroshis-labyrinth
[734] Kai's Monstrous Journey → /pages/kais-monstrous-journey
[735] Manhunt → /pages/manhunt
[736] Mother Garden → /pages/mother-garden
[737] Ninja vs. Fangpyre → /pages/ninja-vs-fangpyre
[738] Return to the Fire Temple → /pages/return-to-the-fire-temple
[739] Royal Palace → /pages/royal-palace
[740] Serpentine's underground fortress → /pages/serpentines-underground-fortress
[741] Snakes on a Train! → /pages/snakes-on-a-train
[742] Spear → /pages/spear
[743] Spinjitzu Smash DX → /pages/spinjitzu-smash-dx
[744] The Echo! → /pages/the-echo
[745] The Heartbeat of all the Realms → /pages/the-heartbeat-of-all-the-realms
[746] The Legend's Return! → /pages/the-legends-return
[747] Tiger Widow venom → /pages/tiger-widow-venom
[748] Titan Mech → /pages/titan-mech
[749] Two Moon Tea → /pages/two-moon-tea
[750] 71859 The Dragon of Life → /pages/71859-the-dragon-of-life
[751] Are You Ready to Rumble? → /pages/are-you-ready-to-rumble
[752] Glimwillow Woods → /pages/glimwillow-woods
[753] Grundles → /pages/grundles
[754] Ian Hanlin → /pages/ian-hanlin
[755] Jailbreak! (2021) → /pages/jailbreak-2021
[756] Magical flutes → /pages/magical-flutes
[757] Monster Hunt Chaos! → /pages/monster-hunt-chaos
[758] Ninjago NXT → /pages/ninjago-nxt
[759] Prison Break! → /pages/prison-break
[760] Prophecy of the Green Ninja → /pages/prophecy-of-the-green-ninja
[761] Reversal Time Blade → /pages/reversal-time-blade
[762] Rock-Bottom → /pages/rock-bottom
[763] Skills and Powers → /pages/skills-and-powers
[764] The Balance → /pages/the-balance
[765] The Cliffs of Hysteria → /pages/the-cliffs-of-hysteria
[766] Tiger Widow Island → /pages/tiger-widow-island
[767] Tomb of the First Spinjitzu Master → /pages/tomb-of-the-first-spinjitzu-master
[768] Vehicles and Mechs → /pages/vehicles-and-mechs
[769] Venom! → /pages/venom
[770] Venomari Venom → /pages/venomari-venom
[771] Zane's scepter → /pages/zanes-scepter
[772] 4002021 The Temple of Celebrations → /pages/4002021-the-temple-of-celebrations
[773] 5004817 Ninjago Collection → /pages/5004817-ninjago-collection
[774] 70655 The Dragon Pit → /pages/70655-the-dragon-pit
[775] 71775 Nya's Samurai X MECH → /pages/71775-nyas-samurai-x-mech
[776] 71822 Source Dragon of Motion → /pages/71822-source-dragon-of-motion
[777] A New Adventure! → /pages/a-new-adventure
[778] Blood Moon → /pages/blood-moon
[779] Cave of Bells (Mysterium) → /pages/cave-of-bells-mysterium
[780] Christofern → /pages/christofern
[781] Convention! → /pages/convention
[782] Dagger → /pages/dagger
[783] Day of Destruction! → /pages/day-of-destruction
[784] Digital Overlord → /pages/digital-overlord
[785] Digiverse → /pages/digiverse
[786] Dragon Fury! → /pages/dragon-fury
[787] Dragon Ivory → /pages/dragon-ivory
[788] Dragonbone Blade → /pages/dragonbone-blade
[789] Flight of the Dragon Ninja → /pages/flight-of-the-dragon-ninja
[790] Jillian Michaels → /pages/jillian-michaels
[791] LEGO Ninjago: Wu-Cru → /pages/lego-ninjago-wu-cru
[792] Liberation of Imperium → /pages/liberation-of-imperium
[793] Misfortune → /pages/misfortune
[794] Ninja Beware! → /pages/ninja-beware
[795] Ninjago High School → /pages/ninjago-high-school
[796] Oni Masks → /pages/oni-masks
[797] Sobrient Stone → /pages/sobrient-stone
[798] Spectral invasions → /pages/spectral-invasions
[799] Speed → /pages/speed
[800] The New Ninja → /pages/the-new-ninja
[801] The Stowaway → /pages/the-stowaway
[802] Tornado of Creation → /pages/tornado-of-creation
[803] Viper Smash → /pages/viper-smash
[804] B-Team → /pages/b-team
[805] Battle of the Spectral Lands → /pages/battle-of-the-spectral-lands
[806] Blades of Deliverance → /pages/blades-of-deliverance
[807] Brute Force → /pages/brute-force
[808] Cole/History → /pages/colehistory
[809] Constrictai Tomb → /pages/constrictai-tomb
[810] D.B. Express → /pages/db-express
[811] Djinn → /pages/djinn
[812] Earth Driller → /pages/earth-driller
[813] Foreign casts/Polish → /pages/foreign-castspolish
[814] Grand Sensei Dareth's Mojo Dojo → /pages/grand-sensei-dareths-mojo-dojo
[815] Ignacia → /pages/ignacia
[816] Jay: Ninja of Lightning → /pages/jay-ninja-of-lightning
[817] Naginata → /pages/naginata
[818] Ninjago City Police Station → /pages/ninjago-city-police-station
[819] Object Spinjitzu → /pages/object-spinjitzu
[820] Purple Dragon Core → /pages/purple-dragon-core
[821] Rise of Garmadon → /pages/rise-of-garmadon
[822] Sacred Flute → /pages/sacred-flute
[823] Sam Vincent → /pages/sam-vincent
[824] Storm Village → /pages/storm-village
[825] Temple City Museum → /pages/temple-city-museum
[826] The Ruins! → /pages/the-ruins
[827] The Tall Tale of Doubloon → /pages/the-tall-tale-of-doubloon
[828] Theroxian → /pages/theroxian
[829] Titanium Dragon → /pages/titanium-dragon
[830] Triple Tiger Sashay → /pages/triple-tiger-sashay
[831] Villains Take Revenge! → /pages/villains-take-revenge
[832] Zane/History → /pages/zanehistory
[833] An Underworldly Takeover → /pages/an-underworldly-takeover
[834] Desert of Doom → /pages/desert-of-doom
[835] Deven Mack → /pages/deven-mack
[836] Dieselnaut → /pages/dieselnaut
[837] Enter the Ninjago → /pages/enter-the-ninjago
[838] Island Attack! → /pages/island-attack
[839] Kalmaar's trident → /pages/kalmaars-trident
[840] Mega Mech! → /pages/mega-mech
[841] Monastery of Gates → /pages/monastery-of-gates
[842] Monastery of Imperium → /pages/monastery-of-imperium
[843] On the Hunt! → /pages/on-the-hunt
[844] Reveal Blades → /pages/reveal-blades
[845] Slow-Mo Time Blade → /pages/slow-mo-time-blade
[846] Soul absorption → /pages/soul-absorption
[847] Swarm → /pages/swarm
[848] The Digiverse and Beyond → /pages/the-digiverse-and-beyond
[849] The Tall Tale of Clancee → /pages/the-tall-tale-of-clancee
[850] Third Samurai X Mech → /pages/third-samurai-x-mech
[851] Timeline → /pages/timeline
[852] Trading Card Game → /pages/trading-card-game
[853] Trident → /pages/trident
[854] Xentrix Studios → /pages/xentrix-studios
[855] 70594 The Lighthouse Siege → /pages/70594-the-lighthouse-siege
[856] 71708 Gamer's Market → /pages/71708-gamers-market
[857] 71834 Zane's Ultra Combiner Mech → /pages/71834-zanes-ultra-combiner-mech
[858] Andrew Francis → /pages/andrew-francis
[859] Buddy's Pizza → /pages/buddys-pizza
[860] Chen's ferry → /pages/chens-ferry
[861] Control implant → /pages/control-implant
[862] Evil Unleashed! → /pages/evil-unleashed
[863] Garma Mecha Man → /pages/garma-mecha-man
[864] Golden Armor → /pages/golden-armor
[865] New Villains! → /pages/new-villains
[866] Pink Dragon Core → /pages/pink-dragon-core
[867] Pirate Problem! → /pages/pirate-problem
[868] Purple Key-Tana → /pages/purple-key-tana
[869] Samurai Storm! → /pages/samurai-storm
[870] Shurikens → /pages/shurikens
[871] Storm → /pages/storm
[872] The Battle of the Elemental Masters! → /pages/the-battle-of-the-elemental-masters
[873] The Biggest Ninja Mission of All Time! → /pages/the-biggest-ninja-mission-of-all-time
[874] Viper Smash ZX → /pages/viper-smash-zx
[875] Water Dragon! → /pages/water-dragon
[876] Wave Amulet → /pages/wave-amulet
[877] Who is the Phantom Ninja? → /pages/who-is-the-phantom-ninja
[878] 70678 Castle of the Forsaken Emperor → /pages/70678-castle-of-the-forsaken-emperor
[879] 71746 Jungle Dragon → /pages/71746-jungle-dragon
[880] 71796 Elemental Dragon vs. The Empress Mech → /pages/71796-elemental-dragon-vs-the-empress-mech
[881] 71836 Arc Dragon of Focus → /pages/71836-arc-dragon-of-focus
[882] Battle of the City of Temples → /pages/battle-of-the-city-of-temples
[883] Can Jay Save Nya? → /pages/can-jay-save-nya
[884] Cat-Eye Jewel → /pages/cat-eye-jewel
[885] Cave of Bells (Djinjago) → /pages/cave-of-bells-djinjago
[886] Danger! (2022) → /pages/danger-2022
[887] Dragon stables → /pages/dragon-stables
[888] Exile of the Forbidden Five → /pages/exile-of-the-forbidden-five
[889] Fallen Master → /pages/fallen-master
[890] Fury of the Storm → /pages/fury-of-the-storm
[891] Golden Dragon Jet → /pages/golden-dragon-jet
[892] Jinxed Ninja in Trouble! → /pages/jinxed-ninja-in-trouble
[893] Land of the Three Mountains → /pages/land-of-the-three-mountains
[894] Monster Panic! → /pages/monster-panic
[895] Most Ultimate Extreme Ninja Challenge Ever → /pages/most-ultimate-extreme-ninja-challenge-ever
[896] Plants → /pages/plants
[897] Portal Panic! → /pages/portal-panic
[898] Prime controllers → /pages/prime-controllers
[899] Return to the Wyldness → /pages/return-to-the-wyldness
[900] Soul Suckers → /pages/soul-suckers
[901] Source Dragons' void → /pages/source-dragons-void
[902] Spinjitzu Smash Party → /pages/spinjitzu-smash-party
[903] The Keytana Quest → /pages/the-keytana-quest
[904] The Party → /pages/the-party
[905] Wyldfyre: Return to the Wyldness → /pages/wyldfyre-return-to-the-wyldness
[906] 70627 Dragon's Forge → /pages/70627-dragons-forge
[907] 71722 Skull Sorcerer's Dungeons → /pages/71722-skull-sorcerers-dungeons
[908] 71832 Thunderfang Dragon of Chaos → /pages/71832-thunderfang-dragon-of-chaos
[909] 71848 The Temple Bounty → /pages/71848-the-temple-bounty
[910] Attack of the Ravenous Creatures! → /pages/attack-of-the-ravenous-creatures
[911] Boobytraps and How to Survive Them (episode) → /pages/boobytraps-and-how-to-survive-them-episode
[912] Celebration! → /pages/celebration
[913] Dragon Hook → /pages/dragon-hook
[914] Dragonians Attack! → /pages/dragonians-attack
[915] Final Battle! → /pages/final-battle
[916] Floating Ruins → /pages/floating-ruins
[917] Forest of Spirits → /pages/forest-of-spirits
[918] Forge of the Forgotten → /pages/forge-of-the-forgotten
[919] Frost Wolves → /pages/frost-wolves
[920] Glacier Barrens → /pages/glacier-barrens
[921] Lilly's necklace → /pages/lillys-necklace
[922] Mary Louise → /pages/mary-louise
[923] Ninja's Dragon Battle! → /pages/ninjas-dragon-battle
[924] Ninja vs. Venomari → /pages/ninja-vs-venomari
[925] Ninjago Talent → /pages/ninjago-talent
[926] Oldies → /pages/oldies
[927] Samurai X suit → /pages/samurai-x-suit
[928] Scott McNeil → /pages/scott-mcneil
[929] Season 13 blooper reel → /pages/season-13-blooper-reel
[930] Techno Clash! → /pages/techno-clash
[931] Terra Technica → /pages/terra-technica
[932] Visual Dictionary New Edition → /pages/visual-dictionary-new-edition
[933] 40429 Ninjago World → /pages/40429-ninjago-world
[934] 70596 Samurai X Cave Chaos → /pages/70596-samurai-x-cave-chaos
[935] 70643 Temple of Resurrection → /pages/70643-temple-of-resurrection
[936] 70738 Final Flight of Destiny's Bounty → /pages/70738-final-flight-of-destinys-bounty
[937] 71721 Skull Sorcerer's Dragon → /pages/71721-skull-sorcerers-dragon
[938] 71793 Heatwave Transforming Lava Dragon → /pages/71793-heatwave-transforming-lava-dragon
[939] 71797 Destiny's Bounty - race against time → /pages/71797-destinys-bounty-race-against-time
[940] Aerial drones → /pages/aerial-drones
[941] Algae farmers' village → /pages/algae-farmers-village
[942] Anacondrai Blades → /pages/anacondrai-blades
[943] Battle of the Second Monastery → /pages/battle-of-the-second-monastery
[944] Character Encyclopedia → /pages/character-encyclopedia
[945] Chen's Palace → /pages/chens-palace
[946] Chronosteel → /pages/chronosteel
[947] Father vs Son! → /pages/father-vs-son
[948] Fear → /pages/fear
[949] Frogs → /pages/frogs
[950] Fusion Dragon → /pages/fusion-dragon
[951] Games Plaza → /pages/games-plaza
[952] Golden Legend → /pages/golden-legend
[953] Grand Finale → /pages/grand-finale
[954] Happy Birthday to You! → /pages/happy-birthday-to-you
[955] Hypnobrai Staff → /pages/hypnobrai-staff
[956] I Just Had the Weirdest Dream → /pages/i-just-had-the-weirdest-dream
[957] Icon of the Source Dragon of Strength → /pages/icon-of-the-source-dragon-of-strength
[958] Island Challenge! → /pages/island-challenge
[959] J. Jesús Fernández → /pages/j-jesús-fernández
[960] Long Winter → /pages/long-winter
[961] Metalonia → /pages/metalonia
[962] Mountains of Impossible Height → /pages/mountains-of-impossible-height
[963] N line → /pages/n-line
[964] Ninja vs. Constrictai → /pages/ninja-vs-constrictai
[965] Ninjago Skybound → /pages/ninjago-skybound
[966] Scott's garage → /pages/scotts-garage
[967] Ship Wrecked! → /pages/ship-wrecked
[968] Storm belt → /pages/storm-belt
[969] Temple of the Dragon Cores → /pages/temple-of-the-dragon-cores
[970] Terra Karana → /pages/terra-karana
[971] Tests and Trials → /pages/tests-and-trials
[972] The Lost Tomb! → /pages/the-lost-tomb
[973] Vermillion eggs → /pages/vermillion-eggs
[974] Village in the valley → /pages/village-in-the-valley
[975] Will you enter the Dream World? → /pages/will-you-enter-the-dream-world
[976] Yikes! → /pages/yikes
[977] Yin Blade → /pages/yin-blade
[978] 2505 Garmadon's Dark Fortress → /pages/2505-garmadons-dark-fortress
[979] 70653 Firstbourne → /pages/70653-firstbourne
[980] 71711 Jay's Cyber Dragon → /pages/71711-jays-cyber-dragon
[981] 71719 Zane's Mino Creature → /pages/71719-zanes-mino-creature
[982] 71755 Temple of the Endless Sea → /pages/71755-temple-of-the-endless-sea
[983] 71756 Hydro Bounty → /pages/71756-hydro-bounty
[984] 71809 Egalt the Master Dragon → /pages/71809-egalt-the-master-dragon
[985] 71813 Wolf Mask Shadow Dojo → /pages/71813-wolf-mask-shadow-dojo
[986] Arin/History → /pages/arinhistory
[987] Clash of Masters! → /pages/clash-of-masters
[988] Departed Blades → /pages/departed-blades
[989] Firstbourne's nest → /pages/firstbournes-nest
[990] Garbage depot → /pages/garbage-depot
[991] Garmadon Attack! → /pages/garmadon-attack
[992] Geckle Strong-Cave → /pages/geckle-strong-cave
[993] Harpoon guns → /pages/harpoon-guns
[994] Hunted! → /pages/hunted
[995] Imperium Sword → /pages/imperium-sword
[996] Legendary Ninja Battles → /pages/legendary-ninja-battles
[997] LEGO Life → /pages/lego-life
[998] Lloyd's treehouse fortress → /pages/lloyds-treehouse-fortress
[999] Magic Mischief! → /pages/magic-mischief
[1000] Mark Oliver → /pages/mark-oliver
[1001] Mask of the Sensei → /pages/mask-of-the-sensei
[1002] Monastery of Spinjitzu/Rooms → /pages/monastery-of-spinjitzurooms
[1003] Mystery! → /pages/mystery
[1004] Ninjago (sets) → /pages/ninjago-sets
[1005] Ninjago Possession → /pages/ninjago-possession
[1006] Noodle trucks → /pages/noodle-trucks
[1007] Northern Spiral → /pages/northern-spiral
[1008] Obsidian Glaive → /pages/obsidian-glaive
[1009] Ocean Escape! → /pages/ocean-escape
[1010] Ocean Invaders! → /pages/ocean-invaders
[1011] Puffy Potsticker → /pages/puffy-potsticker
[1012] Queen of RAGE! → /pages/queen-of-rage
[1013] Rattlercopter → /pages/rattlercopter
[1014] Shadows → /pages/shadows
[1015] Showdown in the Sky! → /pages/showdown-in-the-sky
[1016] Source Dragon Icons → /pages/source-dragon-icons
[1017] Temple of Fragile Foundations → /pages/temple-of-fragile-foundations
[1018] The Masked Menace! → /pages/the-masked-menace
[1019] The Tall Tale of Flintlocke → /pages/the-tall-tale-of-flintlocke
[1020] Thunderblade → /pages/thunderblade
[1021] Time to get Red → /pages/time-to-get-red
[1022] Tomorrow's Tea → /pages/tomorrows-tea
[1023] Trapped Ninja! → /pages/trapped-ninja
[1024] Ultimate Weapon → /pages/ultimate-weapon
[1025] Under Arrest! → /pages/under-arrest
[1026] Warriors of Stone → /pages/warriors-of-stone
[1027] 2507 Fire Temple → /pages/2507-fire-temple
[1028] 3856 Ninjago → /pages/3856-ninjago
[1029] 5004938 NINJAGO Minifigure Collection → /pages/5004938-ninjago-minifigure-collection
[1030] 70652 Stormbringer → /pages/70652-stormbringer
[1031] 71735 Tournament of Elements → /pages/71735-tournament-of-elements
[1032] 71819 Dragon Stone Shrine → /pages/71819-dragon-stone-shrine
[1033] A maze of reflections → /pages/a-maze-of-reflections
[1034] A spectral battle → /pages/a-spectral-battle
[1035] All-Realm Antiques Emporium → /pages/all-realm-antiques-emporium
[1036] Anacondrai invisibility → /pages/anacondrai-invisibility
[1037] Arcade cabinets → /pages/arcade-cabinets
[1038] Art of the Silent Fist → /pages/art-of-the-silent-fist
[1039] Brutal Battle! → /pages/brutal-battle
[1040] Conspiracy! → /pages/conspiracy
[1041] Crossroads Carnival → /pages/crossroads-carnival
[1042] Dead's End → /pages/deads-end
[1043] Department of Reassignment → /pages/department-of-reassignment
[1044] Destiny's Bounty (Dragons Rising) → /pages/destinys-bounty-dragons-rising
[1045] Dorama's puppet → /pages/doramas-puppet
[1046] Dyer Island → /pages/dyer-island
[1047] Earth Punch → /pages/earth-punch
[1048] Energy Dragon → /pages/energy-dragon
[1049] Foreign casts/Czech → /pages/foreign-castsczech
[1050] Frak/History → /pages/frakhistory
[1051] Hammer → /pages/hammer
[1052] Hearth Fire → /pages/hearth-fire
[1053] Invincible Beast → /pages/invincible-beast
[1054] Ivory Blade of Deliverance → /pages/ivory-blade-of-deliverance
[1055] Kai's Monstrous Journey (comic) → /pages/kais-monstrous-journey-comic
[1056] Keepers' Village → /pages/keepers-village
[1057] Kelly Metzger → /pages/kelly-metzger
[1058] Land Bounty → /pages/land-bounty
[1059] MergeQuake weapon → /pages/mergequake-weapon
[1060] Merlopian Palace → /pages/merlopian-palace
[1061] Michael Knap → /pages/michael-knap
[1062] Mortal avatars → /pages/mortal-avatars
[1063] Moss-milk → /pages/moss-milk
[1064] Mountain of a Million Steps → /pages/mountain-of-a-million-steps
[1065] Ninja Ultra Combo Mech → /pages/ninja-ultra-combo-mech
[1066] Ninjago Rush → /pages/ninjago-rush
[1067] Noodle Truck of Crime → /pages/noodle-truck-of-crime
[1068] Ocean Beasts! → /pages/ocean-beasts
[1069] Oni Mask of Vengeance → /pages/oni-mask-of-vengeance
[1070] Outer space → /pages/outer-space
[1071] Prismatic Steel → /pages/prismatic-steel
[1072] R.E.X. → /pages/rex
[1073] Robo-arm → /pages/robo-arm
[1074] Secret Mission! (2018) → /pages/secret-mission-2018
[1075] Serpentine village → /pages/serpentine-village
[1076] ShuriCopter → /pages/shuricopter
[1077] Silver Dark Blade → /pages/silver-dark-blade
[1078] Skull Truck → /pages/skull-truck
[1079] Snake Surprise! → /pages/snake-surprise
[1080] Spirit Coves → /pages/spirit-coves
[1081] Steeper Wisdom → /pages/steeper-wisdom
[1082] Stone Wars → /pages/stone-wars
[1083] Stuck in Prison → /pages/stuck-in-prison
[1084] Temple of Madness → /pages/temple-of-madness
[1085] The Forest of Teeth! → /pages/the-forest-of-teeth
[1086] The Pit → /pages/the-pit
[1087] To Become a Monster → /pages/to-become-a-monster
[1088] Venomari Tomb → /pages/venomari-tomb
[1089] Village of the Formlings → /pages/village-of-the-formlings
[1090] 70605 Misfortune's Keep → /pages/70605-misfortunes-keep
[1091] 70732 City of Stiix → /pages/70732-city-of-stiix
[1092] 70734 Master Wu Dragon → /pages/70734-master-wu-dragon
[1093] 71748 Catamaran Sea Battle → /pages/71748-catamaran-sea-battle
[1094] 71767 Ninja Dojo Temple → /pages/71767-ninja-dojo-temple
[1095] 71774 Lloyd's Golden Ultra Dragon → /pages/71774-lloyds-golden-ultra-dragon
[1096] 71844 Ninja Combat Vehicle → /pages/71844-ninja-combat-vehicle
[1097] 71845 Lloyd's Jet Mech → /pages/71845-lloyds-jet-mech
[1098] 9449 Ultra Sonic Raider → /pages/9449-ultra-sonic-raider
[1099] Battle of the Beasts and Bikers! → /pages/battle-of-the-beasts-and-bikers
[1100] BorgPad → /pages/borgpad
[1101] Central crystal → /pages/central-crystal
[1102] Crystalized → /pages/crystalized
[1103] Dark Island Trilogy, Part 2 → /pages/dark-island-trilogy-part-2-2
[1104] Dojo Danger! (2017) → /pages/dojo-danger-2017
[1105] Elemental creations → /pages/elemental-creations
[1106] Fallen Leaves → /pages/fallen-leaves
[1107] Fallen Ninja! → /pages/fallen-ninja
[1108] Farm of Fear → /pages/farm-of-fear
[1109] Fire Dragon (Elemental Dragon) → /pages/fire-dragon-elemental-dragon
[1110] Gold Rush → /pages/gold-rush
[1111] Golden Ninja → /pages/golden-ninja
[1112] Good Morning NINJAGO → /pages/good-morning-ninjago
[1113] Green Ninja to the Rescue! → /pages/green-ninja-to-the-rescue
[1114] Heart of the Mountain → /pages/heart-of-the-mountain
[1115] Hypnobrai Tomb → /pages/hypnobrai-tomb
[1116] Imperium Prison → /pages/imperium-prison
[1117] Kapow! → /pages/kapow
[1118] Key-Tanas → /pages/key-tanas
[1119] Master of Technology → /pages/master-of-technology
[1120] Michael Dobson → /pages/michael-dobson
[1121] New Ninja Shock! → /pages/new-ninja-shock
[1122] Night of the Nindroids → /pages/night-of-the-nindroids
[1123] Ninjago (franchise) → /pages/ninjago-franchise
[1124] Ninjago Doomsday Comix → /pages/ninjago-doomsday-comix
[1125] Ninjago Spinners/Wave 1 → /pages/ninjago-spinnerswave-1
[1126] Order of the Deep Shadow → /pages/order-of-the-deep-shadow
[1127] Prime Empire (online game) → /pages/prime-empire-online-game
[1128] Pyramid of the Sphinx → /pages/pyramid-of-the-sphinx
[1129] Red Prismatic Blade → /pages/red-prismatic-blade
[1130] Rise of the Serpentine → /pages/rise-of-the-serpentine
[1131] Sword of Sanctuary! → /pages/sword-of-sanctuary-2
[1132] The Big Clean-Up → /pages/the-big-clean-up
[1133] The Challenge of Samukai → /pages/the-challenge-of-samukai
[1134] The Nastiest of the Nasty! → /pages/the-nastiest-of-the-nasty
[1135] The New Masters of Spinjitzu → /pages/the-new-masters-of-spinjitzu
[1136] The Tall Tale of Sqiffy and Bucko → /pages/the-tall-tale-of-sqiffy-and-bucko
[1137] Trouble! → /pages/trouble
[1138] Ultra Hunt → /pages/ultra-hunt
[1139] Unbidden Storm → /pages/unbidden-storm
[1140] Whispering Wood → /pages/whispering-wood
[1141] Yellow Dragon Core → /pages/yellow-dragon-core
[1142] Yellow Key-Tana → /pages/yellow-key-tana
[1143] 70591 Kryptarium Prison Breakout → /pages/70591-kryptarium-prison-breakout
[1144] 70617 Temple of the Ultimate Ultimate Weapon → /pages/70617-temple-of-the-ultimate-ultimate-weapon
[1145] 70626 Dawn of Iron Doom → /pages/70626-dawn-of-iron-doom
[1146] 70654 Dieselnaut → /pages/70654-dieselnaut
[1147] 70674 Fire Fang → /pages/70674-fire-fang
[1148] 70677 Land Bounty → /pages/70677-land-bounty
[1149] 70750 Ninja DB X → /pages/70750-ninja-db-x
[1150] 71712 Empire Temple of Madness → /pages/71712-empire-temple-of-madness
[1151] 71747 The Keepers' Village → /pages/71747-the-keepers-village
[1152] 71771 The Crystal King Temple → /pages/71771-the-crystal-king-temple
[1153] 71792 Sora's Transforming Mech Bike Racer → /pages/71792-soras-transforming-mech-bike-racer
[1154] 71818 Tournament Battle Arena → /pages/71818-tournament-battle-arena
[1155] 71842 Rontu the Master Dragon → /pages/71842-rontu-the-master-dragon
[1156] 71843 Rogue's Mech Dragon Rider → /pages/71843-rogues-mech-dragon-rider
[1157] 71860 Lloyd's Titan Mech → /pages/71860-lloyds-titan-mech
[1158] Amulets of Wojira → /pages/amulets-of-wojira
[1159] Anacondrai Tomb → /pages/anacondrai-tomb
[1160] Bragi Schut → /pages/bragi-schut
[1161] Canyon of General Unhappiness → /pages/canyon-of-general-unhappiness
[1162] Cavern Run → /pages/cavern-run
[1163] Cell one → /pages/cell-one
[1164] Crystal weapons → /pages/crystal-weapons
[1165] Curious! → /pages/curious
[1166] Cursed! → /pages/cursed
[1167] Dragons in Danger! → /pages/dragons-in-danger
[1168] Energy cubes → /pages/energy-cubes
[1169] Fengxian family → /pages/fengxian-family
[1170] Golden Ninja! → /pages/golden-ninja-2
[1171] Green Ninja Mech Dragon → /pages/green-ninja-mech-dragon
[1172] Green Prismatic Blade → /pages/green-prismatic-blade
[1173] Healing elixir → /pages/healing-elixir
[1174] Hover chariots → /pages/hover-chariots
[1175] Imperium Warrior → /pages/imperium-warrior
[1176] Jungle Warrior! → /pages/jungle-warrior
[1177] Krag's Lament → /pages/krags-lament
[1178] Lloyd's sword → /pages/lloyds-sword
[1179] Lobbo's Totally Rad Arcade, Lobbo-Lobbo → /pages/lobbos-totally-rad-arcade-lobbo-lobbo
[1180] Lost City of Generals → /pages/lost-city-of-generals
[1181] Magical storagehouse → /pages/magical-storagehouse
[1182] Martial arts → /pages/martial-arts
[1183] Massive Critters! → /pages/massive-critters
[1184] Mech Dragon → /pages/mech-dragon
[1185] Ninja Style → /pages/ninja-style
[1186] Ninjago News Center → /pages/ninjago-news-center
[1187] Ninjago XXL Magazine → /pages/ninjago-xxl-magazine
[1188] Pause Time Blade → /pages/pause-time-blade
[1189] Play Stories → /pages/play-stories
[1190] Prison trains → /pages/prison-trains
[1191] Race Through Ninjago City! → /pages/race-through-ninjago-city
[1192] Rift of Return → /pages/rift-of-return
[1193] Riyu/History → /pages/riyuhistory
[1194] SA Mark 01 → /pages/sa-mark-01
[1195] Scythe → /pages/scythe
[1196] Sewers → /pages/sewers
[1197] Shark Mech → /pages/shark-mech
[1198] Shintaro wings → /pages/shintaro-wings
[1199] Starfarer → /pages/starfarer
[1200] Sweatin' to the Goldies → /pages/sweatin-to-the-goldies
[1201] Temple of Fortitude → /pages/temple-of-fortitude
[1202] The Dragon Catcher → /pages/the-dragon-catcher
[1203] The Hunt for the Prisma Blade! → /pages/the-hunt-for-the-prisma-blade
[1204] Thunderfang's release → /pages/thunderfangs-release
[1205] Training plateau of the Dragon Masters → /pages/training-plateau-of-the-dragon-masters
[1206] Trial By Sphinx → /pages/trial-by-sphinx
[1207] Vengestone mines → /pages/vengestone-mines
[1208] Vermillion Swamps → /pages/vermillion-swamps
[1209] Wasting Sickness → /pages/wasting-sickness
[1210] Wu/History → /pages/wuhistory
[1211] Zane Day → /pages/zane-day
[1212] 2021 → /pages/2021
[1213] 70607 Ninjago City Chase → /pages/70607-ninjago-city-chase
[1214] 70614 Lightning Jet → /pages/70614-lightning-jet
[1215] 70679 The Ultra Dragon → /pages/70679-the-ultra-dragon
[1216] 70728 Battle for Ninjago City → /pages/70728-battle-for-ninjago-city
[1217] 71773 Kai's Golden Dragon Raider → /pages/71773-kais-golden-dragon-raider
[1218] 71810 Young Dragon Riyu → /pages/71810-young-dragon-riyu
[1219] 71846 The Fire Knight Mech → /pages/71846-the-fire-knight-mech
[1220] Alan Marriott → /pages/alan-marriott
[1221] Attack by Unagami → /pages/attack-by-unagami
[1222] Attack of the Great Devourer → /pages/attack-of-the-great-devourer
[1223] Bandit Raid! → /pages/bandit-raid
[1224] Blind Man's Eye → /pages/blind-mans-eye
[1225] Book of Spells → /pages/book-of-spells
[1226] Breakout! → /pages/breakout
[1227] Charter Bus → /pages/charter-bus
[1228] Curses → /pages/curses
[1229] Cyrus Borg's mechs → /pages/cyrus-borgs-mechs
[1230] Darkness (Oni) → /pages/darkness-oni
[1231] Deep Sea Drama! → /pages/deep-sea-drama
[1232] Escape from Nether-Space! → /pages/escape-from-nether-space
[1233] Fire Mech → /pages/fire-mech
[1234] Gandalaria's crystal ball → /pages/gandalarias-crystal-ball
[1235] Garmadon Attacks! (2021) → /pages/garmadon-attacks-2021
[1236] Giles Panton → /pages/giles-panton
[1237] Green Ninja! → /pages/green-ninja-2
[1238] Into the Wild! → /pages/into-the-wild
[1239] Jay/History → /pages/jayhistory
[1240] Kai's Ninja Mission! → /pages/kais-ninja-mission
[1241] LEGO Ninjago: The Final Battle → /pages/lego-ninjago-the-final-battle
[1242] Map of the Golden Weapons → /pages/map-of-the-golden-weapons
[1243] Mech vs Monster! → /pages/mech-vs-monster
[1244] Monstrous Mission! → /pages/monstrous-mission
[1245] Nightmare Galleon → /pages/nightmare-galleon
[1246] Ninjago Metro → /pages/ninjago-metro
[1247] Noodles → /pages/noodles
[1248] Nunchucks → /pages/nunchucks
[1249] Official Guide → /pages/official-guide
[1250] Palace (Shintaro) → /pages/palace-shintaro
[1251] Peak of 1000 Suns → /pages/peak-of-1000-suns
[1252] Rebel Ninja → /pages/rebel-ninja
[1253] Return of the Dragons! → /pages/return-of-the-dragons
[1254] Sabrina Pitre → /pages/sabrina-pitre
[1255] Shrinking pill → /pages/shrinking-pill
[1256] Snake Battle! → /pages/snake-battle
[1257] Spectral Crown → /pages/spectral-crown
[1258] Stone Mech → /pages/stone-mech
[1259] Tanabrax's medallion → /pages/tanabraxs-medallion
[1260] Temple of Resurrection → /pages/temple-of-resurrection
[1261] The Devourer's bite → /pages/the-devourers-bite
[1262] The Last Wish → /pages/the-last-wish
[1263] Ultimate Ultimate Weapon → /pages/ultimate-ultimate-weapon
[1264] Underworld helmet → /pages/underworld-helmet
[1265] Vex's crystal → /pages/vexs-crystal
[1266] Water Hazard! → /pages/water-hazard
[1267] Weapon of Desolation → /pages/weapon-of-desolation
[1268] Weapons → /pages/weapons
[1269] Who's Scared of Ghosts? → /pages/whos-scared-of-ghosts
[1270] Zane's cloaking technology → /pages/zanes-cloaking-technology
[1271] Zane Attacks! → /pages/zane-attacks
[1272] 70505 Temple of Light → /pages/70505-temple-of-light
[1273] 70604 Tiger Widow Island → /pages/70604-tiger-widow-island
[1274] 70615 Fire Mech → /pages/70615-fire-mech
[1275] 70656 garmadon, Garmadon, GARMADON! → /pages/70656-garmadon-garmadon-garmadon
[1276] 70676 Lloyd's Titan Mech → /pages/70676-lloyds-titan-mech
[1277] 70735 Ronin R.E.X. → /pages/70735-ronin-rex
[1278] 70736 Attack of the Morro Dragon → /pages/70736-attack-of-the-morro-dragon
[1279] 71718 Wu's Battle Dragon → /pages/71718-wus-battle-dragon
[1280] 71841 Dragonian Storm Village → /pages/71841-dragonian-storm-village
[1281] 71855 Ninja Dragon Riyu's Battle → /pages/71855-ninja-dragon-riyus-battle
[1282] 9443 Rattlecopter → /pages/9443-rattlecopter
[1283] 9446 Destiny's Bounty → /pages/9446-destinys-bounty
[1284] APS suits → /pages/aps-suits
[1285] Boobytraps and How to Survive Them (book) → /pages/boobytraps-and-how-to-survive-them-book
[1286] Borg Tower vaults → /pages/borg-tower-vaults
[1287] Cake → /pages/cake
[1288] Chain Rifles → /pages/chain-rifles
[1289] Crossbow → /pages/crossbow
[1290] Dance class → /pages/dance-class
[1291] Dancy Pants → /pages/dancy-pants
[1292] Danger! (2017) → /pages/danger-2017
[1293] Danger in the Jungle! → /pages/danger-in-the-jungle
[1294] Dragon → /pages/dragon
[1295] Earth Ninja! → /pages/earth-ninja
[1296] Elemental Forges → /pages/elemental-forges
[1297] Elemental Golems → /pages/elemental-golems
[1298] Elemental Powers (The LEGO Ninjago Movie) → /pages/elemental-powers-the-lego-ninjago-movie
[1299] Elemental Tech Mech → /pages/elemental-tech-mech
[1300] Energy (Source) → /pages/energy-source
[1301] Explosive Mission! → /pages/explosive-mission
[1302] Fangpyre Staff → /pages/fangpyre-staff
[1303] Firstbourne mech → /pages/firstbourne-mech
[1304] Forbidden Five (music group) → /pages/forbidden-five-music-group
[1305] Forest of Discontent → /pages/forest-of-discontent
[1306] Garmadon's helmet → /pages/garmadons-helmet
[1307] Garmadon's monastery → /pages/garmadons-monastery
[1308] Gilba Thorns → /pages/gilba-thorns
[1309] Golden katana → /pages/golden-katana
[1310] Grapple Gun → /pages/grapple-gun
[1311] Hidden workshop → /pages/hidden-workshop
[1312] Ice Mech → /pages/ice-mech
[1313] Imperium Dragon Core → /pages/imperium-dragon-core
[1314] Kazumi Evans → /pages/kazumi-evans
[1315] Kelly Sheridan → /pages/kelly-sheridan
[1316] Life (Source) → /pages/life-source
[1317] Meet the Ninja! → /pages/meet-the-ninja
[1318] Mysteries of the Merged World → /pages/mysteries-of-the-merged-world
[1319] Ninja helicopter → /pages/ninja-helicopter
[1320] Ninja vs. Oni → /pages/ninja-vs-oni
[1321] Ninjago (TV series)/Gifs → /pages/ninjago-tv-seriesgifs
[1322] Ninjago City in Danger! (2017) → /pages/ninjago-city-in-danger-2017
[1323] Overlord Mech → /pages/overlord-mech
[1324] Prismatic Ore → /pages/prismatic-ore
[1325] Prototype X-1 → /pages/prototype-x-1
[1326] Ready to Rumble! → /pages/ready-to-rumble
[1327] Rock Solid! → /pages/rock-solid
[1328] Samurai VXL → /pages/samurai-vxl
[1329] Serpentine Express → /pages/serpentine-express
[1330] Shadow Blade of Deliverance → /pages/shadow-blade-of-deliverance
[1331] Snowberry Pies → /pages/snowberry-pies
[1332] Spinjitzu Surprise! → /pages/spinjitzu-surprise
[1333] Staff of the First Spinjitzu Master → /pages/staff-of-the-first-spinjitzu-master
[1334] The Choosing → /pages/the-choosing
[1335] THE LEGO NINJAGO MOVIE: Official Annual 2018 → /pages/the-lego-ninjago-movie-official-annual-2018
[1336] The Lone Snake → /pages/the-lone-snake
[1337] The Mechanic's headquarters → /pages/the-mechanics-headquarters
[1338] Twitchy Tim's gas station → /pages/twitchy-tims-gas-station
[1339] Umbrasilvis → /pages/umbrasilvis
[1340] Vinny's apartment → /pages/vinnys-apartment
[1341] Wyldfyre's Voice Notes → /pages/wyldfyres-voice-notes
[1342] 2012 → /pages/2012
[1343] 5005257 NINJAGO Minifigure Collection → /pages/5005257-ninjago-minifigure-collection
[1344] 70590 Airjitzu Battle Grounds → /pages/70590-airjitzu-battle-grounds
[1345] 70595 Ultra Stealth Raider → /pages/70595-ultra-stealth-raider
[1346] 70609 Manta Ray Bomber → /pages/70609-manta-ray-bomber
[1347] 70610 Flying Jelly Sub → /pages/70610-flying-jelly-sub
[1348] 70631 Garmadon's Volcano Lair → /pages/70631-garmadons-volcano-lair
[1349] 70640 S.O.G. Headquarters → /pages/70640-sog-headquarters
[1350] 70651 Throne Room Showdown → /pages/70651-throne-room-showdown
[1351] 70671 Lloyd's Journey → /pages/70671-lloyds-journey
[1352] 70675 Katana 4x4 → /pages/70675-katana-4x4
[1353] 70730 Chain Cycle Ambush → /pages/70730-chain-cycle-ambush
[1354] 70731 Jay Walker One → /pages/70731-jay-walker-one
[1355] 71713 Empire Dragon → /pages/71713-empire-dragon
[1356] 71737 X-1 Ninja Charger → /pages/71737-x-1-ninja-charger
[1357] 71749 Final Flight of Destiny's Bounty → /pages/71749-final-flight-of-destinys-bounty
[1358] 71754 Water Dragon → /pages/71754-water-dragon
[1359] 71766 Lloyd's Legendary Dragon → /pages/71766-lloyds-legendary-dragon
[1360] 71769 Cole's Dragon Cruiser → /pages/71769-coles-dragon-cruiser
[1361] 71787 Creative Ninja Brick Box → /pages/71787-creative-ninja-brick-box
[1362] 71820 Ninja Team Combo Vehicle → /pages/71820-ninja-team-combo-vehicle
[1363] 71867 X-1 Ninja Charger → /pages/71867-x-1-ninja-charger
[1364] 853687 LEGO NINJAGO Accessory Set → /pages/853687-lego-ninjago-accessory-set
[1365] 9444 Cole's Tread Assault → /pages/9444-coles-tread-assault
[1366] A Day in the Life of a Golden Ninja → /pages/a-day-in-the-life-of-a-golden-ninja
[1367] Anacondrai Temple → /pages/anacondrai-temple
[1368] Battle Between Brothers → /pages/battle-between-brothers
[1369] Beast Attack! → /pages/beast-attack
[1370] Borg Store → /pages/borg-store
[1371] Butterfly Sword → /pages/butterfly-sword
[1372] Chain Cycle → /pages/chain-cycle
[1373] Cliff Gordon's estate → /pages/cliff-gordons-estate
[1374] Cloud Kingdom archives → /pages/cloud-kingdom-archives
[1375] Constrictai grip → /pages/constrictai-grip
[1376] Destiny's Bounty Adventure Box → /pages/destinys-bounty-adventure-box
[1377] Dorama's Academy for Acting → /pages/doramas-academy-for-acting
[1378] Elemental Earth Mech (Titan Mech) → /pages/elemental-earth-mech-titan-mech
[1379] Ethereal Divide → /pages/ethereal-divide
[1380] Evil Invaders! → /pages/evil-invaders
[1381] Explorer → /pages/explorer
[1382] Fall of Ninjago → /pages/fall-of-ninjago
[1383] Focus → /pages/focus
[1384] Foreign casts/Spanish (Spain) → /pages/foreign-castsspanish-spain
[1385] Frozen Wasteland → /pages/frozen-wasteland
[1386] Garmadon's Volcano Lair → /pages/garmadons-volcano-lair
[1387] Garmadon Attacks! (2023) → /pages/garmadon-attacks-2023
[1388] Ghost Blades → /pages/ghost-blades
[1389] Glimwillow Lilies → /pages/glimwillow-lilies
[1390] Grimspawn → /pages/grimspawn
[1391] I Just Had the Most Peculiar Dream → /pages/i-just-had-the-most-peculiar-dream
[1392] Inky Lemonberry → /pages/inky-lemonberry
[1393] Into the lava! → /pages/into-the-lava
[1394] Jack the Rabbit → /pages/jack-the-rabbit
[1395] Joshua Deck → /pages/joshua-deck
[1396] Kai's Epic Ninja Missions! → /pages/kais-epic-ninja-missions
[1397] Leafy Dragon → /pages/leafy-dragon
[1398] LEGO Universe → /pages/lego-universe
[1399] Liberation of Two Moon Village → /pages/liberation-of-two-moon-village
[1400] Lupindor → /pages/lupindor
[1401] Maze of the Red Dragon → /pages/maze-of-the-red-dragon
[1402] Motion → /pages/motion
[1403] Mr. Fengxian → /pages/mr-fengxian
[1404] Mucoid Warriors → /pages/mucoid-warriors
[1405] Ninja vs. Hypnobrai → /pages/ninja-vs-hypnobrai
[1406] Ninja vs Ninja! → /pages/ninja-vs-ninja
[1407] Ninjago Tower → /pages/ninjago-tower
[1408] One Cool Ninja! → /pages/one-cool-ninja
[1409] Prime Empire motherboard → /pages/prime-empire-motherboard
[1410] Rapton's Revenge! → /pages/raptons-revenge
[1411] Ritual of Unrooting → /pages/ritual-of-unrooting
[1412] Rookery → /pages/rookery
[1413] Screaming Fun at the Amusement Park → /pages/screaming-fun-at-the-amusement-park
[1414] Skulkin Vehicles → /pages/skulkin-vehicles
[1415] Speed Demon! → /pages/speed-demon
[1416] Spinjago → /pages/spinjago
[1417] Storm Farms → /pages/storm-farms
[1418] Tabitha St. Germain → /pages/tabitha-st-germain
[1419] The Haunted Temple → /pages/the-haunted-temple
[1420] The Legend of Jay → /pages/the-legend-of-jay
[1421] The New Sacred Flute → /pages/the-new-sacred-flute
[1422] The Tournament of Elements → /pages/the-tournament-of-elements
[1423] The Uncharted Island → /pages/the-uncharted-island
[1424] Throwing stars → /pages/throwing-stars
[1425] Top Secret! → /pages/top-secret
[1426] Training Time → /pages/training-time
[1427] Trial-By-Mino → /pages/trial-by-mino-2
[1428] Vast Industries → /pages/vast-industries
[1429] Wildwood Forest → /pages/wildwood-forest
[1430] Winds of Chaos → /pages/winds-of-chaos
[1431] Yin-Yang eclipse → /pages/yin-yang-eclipse
[1432] Yin-Yang promise → /pages/yin-yang-promise
[1433] 2016 → /pages/2016
[1434] 2521 Lightning Dragon Battle → /pages/2521-lightning-dragon-battle
[1435] 40342 LEGO NINJAGO 2019 Minifigure Set → /pages/40342-lego-ninjago-2019-minifigure-set
[1436] 70593 The Green NRG Dragon → /pages/70593-the-green-nrg-dragon
[1437] 70616 Ice Tank → /pages/70616-ice-tank
[1438] 70618 Destiny's Bounty → /pages/70618-destinys-bounty
[1439] 70625 Samurai VXL → /pages/70625-samurai-vxl
[1440] 70737 Titan Mech Battle → /pages/70737-titan-mech-battle
[1441] 70749 Enter the Serpent → /pages/70749-enter-the-serpent
[1442] 70756 Dojo Showdown → /pages/70756-dojo-showdown
[1443] 71745 Lloyd's Jungle Chopper Bike → /pages/71745-lloyds-jungle-chopper-bike
[1444] 71772 The Crystal King → /pages/71772-the-crystal-king
[1445] 71791 Zane's Dragon Power Spinjitzu Race Car → /pages/71791-zanes-dragon-power-spinjitzu-race-car
[1446] 71808 Kai's Elemental Fire Mech → /pages/71808-kais-elemental-fire-mech
[1447] 71823 Kai's Dragon Spinjitzu Spinner → /pages/71823-kais-dragon-spinjitzu-spinner
[1448] 71833 Ras and Arin's Super Storm Jet → /pages/71833-ras-and-arins-super-storm-jet
[1449] 71868 Wyldfyre's Transforming Dragon Mech → /pages/71868-wyldfyres-transforming-dragon-mech
[1450] 9445 Fangpyre Truck Ambush → /pages/9445-fangpyre-truck-ambush
[1451] 9457 Fangpyre Wrecking Ball → /pages/9457-fangpyre-wrecking-ball
[1452] Acronix and Krux's mother → /pages/acronix-and-kruxs-mother
[1453] Anacondrai spears → /pages/anacondrai-spears
[1454] Ashleigh Ball → /pages/ashleigh-ball
[1455] Bell of Divinity → /pages/bell-of-divinity
[1456] Billy Badlands → /pages/billy-badlands
[1457] Boiling Sea → /pages/boiling-sea
[1458] Casserole! → /pages/casserole
[1459] Chen's Return → /pages/chens-return
[1460] Crossroads' Crosstalk → /pages/crossroads-crosstalk
[1461] Dark Island Trilogy, Part 1 → /pages/dark-island-trilogy-part-1-2
[1462] Dojo Danger! (2019) → /pages/dojo-danger-2019
[1463] Dorama's relationships → /pages/doramas-relationships
[1464] Dragon Stone Shrine → /pages/dragon-stone-shrine
[1465] Empress Mech → /pages/empress-mech
[1466] Fang-Kwon-Do → /pages/fang-kwon-do
[1467] Fortnite → /pages/fortnite
[1468] GAME OVER? → /pages/game-over-2
[1469] Glen Lakin → /pages/glen-lakin
[1470] Grasslands → /pages/grasslands
[1471] Hide and sleep → /pages/hide-and-sleep
[1472] Ice Temple → /pages/ice-temple
[1473] Imperium Drones → /pages/imperium-drones
[1474] Imperium Palace → /pages/imperium-palace
[1475] Jailbreak! (2019) → /pages/jailbreak-2019
[1476] Jet Mech → /pages/jet-mech
[1477] Kai: Ninja of Fire → /pages/kai-ninja-of-fire
[1478] Kevin Burke → /pages/kevin-burke
[1479] Lava-Tide Village → /pages/lava-tide-village
[1480] Lava Zombies → /pages/lava-zombies
[1481] List of reused designs from other LEGO themes → /pages/list-of-reused-designs-from-other-lego-themes
[1482] Lloyd's golden sword → /pages/lloyds-golden-sword
[1483] Lloyd Garmadon's Blog → /pages/lloyd-garmadons-blog
[1484] Lost Dragons! → /pages/lost-dragons
[1485] Mackenzie Gray → /pages/mackenzie-gray
[1486] Master Wu's dragon → /pages/master-wus-dragon
[1487] Meet the Ninja → /pages/meet-the-ninja-2
[1488] Mighty Mechs! → /pages/mighty-mechs
[1489] Monastery of Mysterium → /pages/monastery-of-mysterium
[1490] Mystery of the Lost Power → /pages/mystery-of-the-lost-power
[1491] Ninja Team Combo Vehicle → /pages/ninja-team-combo-vehicle
[1492] Ninjago Park → /pages/ninjago-park
[1493] Nom → /pages/nom
[1494] Opening sequence → /pages/opening-sequence
[1495] Operation Heavy Metal → /pages/operation-heavy-metal
[1496] Phantasm Cave → /pages/phantasm-cave
[1497] Primal Fulcrum → /pages/primal-fulcrum
[1498] Protective container → /pages/protective-container
[1499] Rock Cycle → /pages/rock-cycle
[1500] Route 22 → /pages/route-22
[1501] Runes of Binding → /pages/runes-of-binding
[1502] Sea Monsters! → /pages/sea-monsters
[1503] Sea scrolls → /pages/sea-scrolls
[1504] Secret World of the Ninja New Edition → /pages/secret-world-of-the-ninja-new-edition
[1505] Serpentine vehicles → /pages/serpentine-vehicles
[1506] Shintaro Secrets Revealed! → /pages/shintaro-secrets-revealed
[1507] Skeletons Go Wild! → /pages/skeletons-go-wild
[1508] Smash Creations → /pages/smash-creations
[1509] Storm Glider → /pages/storm-glider
[1510] Sub car → /pages/sub-car
[1511] The Making of the Movie → /pages/the-making-of-the-movie
[1512] The Master → /pages/the-master
[1513] The River to Ruin! → /pages/the-river-to-ruin
[1514] Titanium Ninja Tumbler → /pages/titanium-ninja-tumbler
[1515] Titanium statue → /pages/titanium-statue
[1516] Tower of Tears → /pages/tower-of-tears
[1517] Valley of the Sphinx → /pages/valley-of-the-sphinx
[1518] Virtual Tour → /pages/virtual-tour
[1519] Wolf Mask Claw Warriors → /pages/wolf-mask-claw-warriors
[1520] Wu and Garmadon's journey → /pages/wu-and-garmadons-journey
[1521] Zane's power source → /pages/zanes-power-source
[1522] 2260 Ice Dragon Attack → /pages/2260-ice-dragon-attack
[1523] 70621 The Vermillion Attack → /pages/70621-the-vermillion-attack
[1524] 70622 Desert Lightning → /pages/70622-desert-lightning
[1525] 70624 Vermillion Invader → /pages/70624-vermillion-invader
[1526] 70632 Quake Mech → /pages/70632-quake-mech
[1527] 70658 Oni Titan → /pages/70658-oni-titan
[1528] 70669 Cole's Earth Driller → /pages/70669-coles-earth-driller
[1529] 70724 NinjaCopter → /pages/70724-ninjacopter
[1530] 70733 Blaster Bike → /pages/70733-blaster-bike
[1531] 71699 Thunder Raider → /pages/71699-thunder-raider
[1532] 71705 Destiny's Bounty → /pages/71705-destinys-bounty
[1533] 71706 Cole's Speeder Car → /pages/71706-coles-speeder-car
[1534] 71739 Ultra Sonic Raider → /pages/71739-ultra-sonic-raider
[1535] 71742 Overlord Dragon → /pages/71742-overlord-dragon
[1536] 71786 Zane's Ice Dragon Creature → /pages/71786-zanes-ice-dragon-creature
[1537] 71790 Imperium Dragon Hunter Hound → /pages/71790-imperium-dragon-hunter-hound
[1538] 71794 Lloyd and Arin's Ninja Team Mechs → /pages/71794-lloyd-and-arins-ninja-team-mechs
[1539] 71798 Nya and Arin's Baby Dragon Battle → /pages/71798-nya-and-arins-baby-dragon-battle
[1540] 71811 Arin's Ninja Off-Road Buggy Car → /pages/71811-arins-ninja-off-road-buggy-car
[1541] 71824 Sora's Dragon Spinjitzu Spinner → /pages/71824-soras-dragon-spinjitzu-spinner
[1542] 71829 Lloyd's Green Forest Dragon → /pages/71829-lloyds-green-forest-dragon
[1543] 71839 Arin's Spinjitzu Battle Mech → /pages/71839-arins-spinjitzu-battle-mech
[1544] 71856 Jay's Transforming Car → /pages/71856-jays-transforming-car
[1545] 71857 Ninja Vehicle Tree House Battle → /pages/71857-ninja-vehicle-tree-house-battle
[1546] 892305 Aspheera → /pages/892305-aspheera
[1547] 9591 Weapon Pack → /pages/9591-weapon-pack
[1548] A Date with Destiny! → /pages/a-date-with-destiny
[1549] All United for Imperium → /pages/all-united-for-imperium
[1550] Arcturus (rocket) → /pages/arcturus-rocket
[1551] Arin's neighborhood → /pages/arins-neighborhood
[1552] Asa Tait → /pages/asa-tait
[1553] ATV → /pages/atv
[1554] Boomerang → /pages/boomerang
[1555] Brian Dobson → /pages/brian-dobson
[1556] Bridge of Fallen Mentors → /pages/bridge-of-fallen-mentors
[1557] Celestial Clock → /pages/celestial-clock
[1558] Cliffs of Hysteria → /pages/cliffs-of-hysteria
[1559] Cole's hammer → /pages/coles-hammer
[1560] Condrai Crushers → /pages/condrai-crushers
[1561] Control crown → /pages/control-crown
[1562] Crashcourse Canyon → /pages/crashcourse-canyon
[1563] Dragon Adventures → /pages/dragon-adventures
[1564] Earth Dragon (Elemental Dragon) → /pages/earth-dragon-elemental-dragon
[1565] ElectroMech → /pages/electromech
[1566] Finding Home → /pages/finding-home
[1567] Full Throttle! → /pages/full-throttle
[1568] Galamorph X-Post → /pages/galamorph-x-post
[1569] Gerard Gearhead → /pages/gerard-gearhead
[1570] Ghost Cycle → /pages/ghost-cycle
[1571] Ghost Taker GT → /pages/ghost-taker-gt
[1572] Giant Samurai Mech → /pages/giant-samurai-mech
[1573] Gliders → /pages/gliders
[1574] Golden sarcophagus → /pages/golden-sarcophagus
[1575] Green → /pages/green
[1576] Greenbone Warriors' forest → /pages/greenbone-warriors-forest
[1577] Howlers → /pages/howlers
[1578] I Just Had the Most Outrageous Dream → /pages/i-just-had-the-most-outrageous-dream
[1579] John Novak → /pages/john-novak
[1580] Jungle of Lost Souls → /pages/jungle-of-lost-souls
[1581] Kai's vision → /pages/kais-vision
[1582] Korgran's axe → /pages/korgrans-axe
[1583] Kuma's lair → /pages/kumas-lair
[1584] Lee's Supplies → /pages/lees-supplies
[1585] Master of the 4th Dimension → /pages/master-of-the-4th-dimension
[1586] Michael Donovan → /pages/michael-donovan
[1587] Mini submarines → /pages/mini-submarines
[1588] Nineko's umbrella → /pages/ninekos-umbrella
[1589] Ninja Chasers → /pages/ninja-chasers
[1590] Ninja Tuner Car → /pages/ninja-tuner-car
[1591] Ninjago Comic → /pages/ninjago-comic
[1592] No Fear! → /pages/no-fear
[1593] Noodle cook-off → /pages/noodle-cook-off
[1594] Oni land → /pages/oni-land
[1595] Pyramid (Desert of Doom) → /pages/pyramid-desert-of-doom
[1596] Return of the Photac Beasts! → /pages/return-of-the-photac-beasts
[1597] Riyu's relationships → /pages/riyus-relationships
[1598] Robot Dance-Off → /pages/robot-dance-off
[1599] Salvage M.E.C. → /pages/salvage-mec
[1600] Scrap-N-Tap → /pages/scrap-n-tap
[1601] Secret World of the Ninja → /pages/secret-world-of-the-ninja
[1602] Serpentine Pyramid → /pages/serpentine-pyramid
[1603] Serpentine Staffs → /pages/serpentine-staffs
[1604] Serpentine Tombs → /pages/serpentine-tombs
[1605] Showdown! → /pages/showdown
[1606] Silver Bone Axe → /pages/silver-bone-axe
[1607] Super Storm Jet → /pages/super-storm-jet
[1608] Sushimi's sushi restaurant → /pages/sushimis-sushi-restaurant
[1609] Temple Bounty → /pages/temple-bounty
[1610] The Cave of the Anacondrai → /pages/the-cave-of-the-anacondrai
[1611] The Ninja Heroes are Missing! → /pages/the-ninja-heroes-are-missing
[1612] The Power of the Green Ninja → /pages/the-power-of-the-green-ninja
[1613] The Search for Zane → /pages/the-search-for-zane
[1614] Timepiece → /pages/timepiece
[1615] Training Day → /pages/training-day
[1616] Uncharted jungle → /pages/uncharted-jungle
[1617] Weaponized armor → /pages/weaponized-armor
[1618] Zane's bow → /pages/zanes-bow
[1619] 2020 → /pages/2020
[1620] 2022 → /pages/2022
[1621] 2509 Earth Dragon Defense → /pages/2509-earth-dragon-defense
[1622] 70589 Rock Roader → /pages/70589-rock-roader
[1623] 70612 Green Ninja Mech Dragon → /pages/70612-green-ninja-mech-dragon
[1624] 70672 Cole's Dirt Bike → /pages/70672-coles-dirt-bike
[1625] 70673 ShuriCopter → /pages/70673-shuricopter
[1626] 70725 Nindroid MechDragon → /pages/70725-nindroid-mechdragon
[1627] 70748 Titanium Dragon → /pages/70748-titanium-dragon
[1628] 71738 Zane's Titan Mech Battle → /pages/71738-zanes-titan-mech-battle
[1629] 71750 Lloyd's Hydro Mech → /pages/71750-lloyds-hydro-mech
[1630] 71753 Kai's Fire Dragon → /pages/71753-kais-fire-dragon
[1631] 71760 Jay's Thunder Dragon EVO → /pages/71760-jays-thunder-dragon-evo
[1632] 71765 Ninja Ultra Combo Mech → /pages/71765-ninja-ultra-combo-mech
[1633] 71782 Cole's Earth Dragon EVO → /pages/71782-coles-earth-dragon-evo
[1634] 71801 Kai's Rising Dragon Strike → /pages/71801-kais-rising-dragon-strike
[1635] 71827 Zane's Battle Suit Mech → /pages/71827-zanes-battle-suit-mech
[1636] 71831 Ninja Spinjitzu Temple → /pages/71831-ninja-spinjitzu-temple
[1637] 71866 Ninja Character Display → /pages/71866-ninja-character-display
[1638] 851342 Ninja Army Building Set → /pages/851342-ninja-army-building-set
[1639] 892178 PoulErik → /pages/892178-poulerik
[1640] 892509 Spectral Dragonian Warrior → /pages/892509-spectral-dragonian-warrior
[1641] 9441 Kai's Blade Cycle → /pages/9441-kais-blade-cycle
[1642] 9448 Samurai Mech → /pages/9448-samurai-mech
[1643] Alessandro Juliani → /pages/alessandro-juliani
[1644] Artificial limbs → /pages/artificial-limbs
[1645] Azure Reef → /pages/azure-reef
[1646] Battle catamarans → /pages/battle-catamarans
[1647] Benthomaar's spear → /pages/benthomaars-spear
[1648] Biker Battle in the City! → /pages/biker-battle-in-the-city
[1649] Candlelight vigil → /pages/candlelight-vigil
[1650] Captain Soto → /pages/captain-soto
[1651] Caught! → /pages/caught
[1652] Cave of Change → /pages/cave-of-change
[1653] Chaos in a Chocolate Factory → /pages/chaos-in-a-chocolate-factory
[1654] Chen's blimp → /pages/chens-blimp
[1655] Chroma painting → /pages/chroma-painting
[1656] Coffee Shop → /pages/coffee-shop
[1657] Cole's golden hammer → /pages/coles-golden-hammer
[1658] Cole: Ninja of Earth → /pages/cole-ninja-of-earth
[1659] Crab tooth → /pages/crab-tooth
[1660] Crystal Ball Repair Store → /pages/crystal-ball-repair-store
[1661] Dareth's apartment → /pages/dareths-apartment
[1662] Delta V → /pages/delta-v
[1663] Destiny's Shadow → /pages/destinys-shadow
[1664] Diana Kaarina → /pages/diana-kaarina
[1665] Double-Bladed Bone Axe → /pages/double-bladed-bone-axe
[1666] Dr. LaRow's relationships → /pages/dr-larows-relationships
[1667] Dragon Form scroll → /pages/dragon-form-scroll
[1668] Dragon Icons → /pages/dragon-icons
[1669] Dream creatures → /pages/dream-creatures
[1670] Elemental Fire Mech → /pages/elemental-fire-mech
[1671] Elemental Powers! → /pages/elemental-powers-2
[1672] Erin Mathews → /pages/erin-mathews
[1673] Fallen Ninja → /pages/fallen-ninja-2
[1674] Fire Dragon (Realm of Oni and Dragons) → /pages/fire-dragon-realm-of-oni-and-dragons
[1675] Focus crystals → /pages/focus-crystals
[1676] Foreign casts/Dutch → /pages/foreign-castsdutch
[1677] Fortress of Doom! → /pages/fortress-of-doom
[1678] Foundation Street → /pages/foundation-street
[1679] Frozen pond → /pages/frozen-pond
[1680] Garmadon is Back for Evil! → /pages/garmadon-is-back-for-evil
[1681] Garmadon TV → /pages/garmadon-tv
[1682] Geo's relationships → /pages/geos-relationships
[1683] Ghost → /pages/ghost
[1684] Glass core → /pages/glass-core
[1685] Golden Days → /pages/golden-days
[1686] Golden Dragon Raider → /pages/golden-dragon-raider
[1687] High Speed! → /pages/high-speed
[1688] Hiroshi's Labyrinth Stronghold → /pages/hiroshis-labyrinth-stronghold
[1689] Hive Mind → /pages/hive-mind
[1690] Ice Blast! → /pages/ice-blast
[1691] Ice Dragon (Realm of Oni and Dragons) → /pages/ice-dragon-realm-of-oni-and-dragons
[1692] Jay's golden kusarigama → /pages/jays-golden-kusarigama
[1693] Jungle Chase! → /pages/jungle-chase
[1694] Kidnapped! → /pages/kidnapped
[1695] Lee Tockar → /pages/lee-tockar
[1696] LEGO Legacy: Heroes Unboxed → /pages/lego-legacy-heroes-unboxed
[1697] LEGO Ninjago Dragons Rising Adventure Atlas → /pages/lego-ninjago-dragons-rising-adventure-atlas
[1698] LEGO Ninjago Dragons Rising Character Guide → /pages/lego-ninjago-dragons-rising-character-guide
[1699] Liberation of the Never-Realm → /pages/liberation-of-the-never-realm
[1700] Lightning Dragon (disambiguation) → /pages/lightning-dragon-disambiguation
[1701] Lloyd's Epic Mission! → /pages/lloyds-epic-mission
[1702] Map of Dens → /pages/map-of-dens
[1703] Marketplace → /pages/marketplace
[1704] Master Mechs → /pages/master-mechs
[1705] Mirror, Mirror → /pages/mirror-mirror
[1706] Mirror of Dread → /pages/mirror-of-dread
[1707] Mystake's Tea Shop → /pages/mystakes-tea-shop
[1708] Nicole Oliver → /pages/nicole-oliver
[1709] Ninja Duels → /pages/ninja-duels
[1710] Ninja in Dreamland → /pages/ninja-in-dreamland
[1711] Ninja Missions → /pages/ninja-missions
[1712] Ninjago City Hospital → /pages/ninjago-city-hospital
[1713] Ninjago City News → /pages/ninjago-city-news
[1714] Nya's spear → /pages/nyas-spear
[1715] Obsidian Sais → /pages/obsidian-sais
[1716] Ocean Race! → /pages/ocean-race
[1717] Palace gardens → /pages/palace-gardens
[1718] Perfect Match → /pages/perfect-match
[1719] Pinnacle of Crystals → /pages/pinnacle-of-crystals
[1720] Police impound lot → /pages/police-impound-lot
[1721] Richard Newman → /pages/richard-newman
[1722] Rise of the Bone King → /pages/rise-of-the-bone-king
[1723] Ronin's pawn shop → /pages/ronins-pawn-shop
[1724] Royal manta races → /pages/royal-manta-races
[1725] Sally-Bob's farm → /pages/sally-bobs-farm
[1726] Season 7: Hands of Time → /pages/season-7-hands-of-time
[1727] Second Samurai X Mech → /pages/second-samurai-x-mech
[1728] Serpentine's library → /pages/serpentines-library
[1729] Siege at the Monastery → /pages/siege-at-the-monastery
[1730] Skull Keep → /pages/skull-keep
[1731] Snake Fake News → /pages/snake-fake-news
[1732] Sora's relationships → /pages/soras-relationships
[1733] South Woods → /pages/south-woods
[1734] Spider monsters → /pages/spider-monsters
[1735] Storm riders → /pages/storm-riders
[1736] Strength → /pages/strength
[1737] The Great Battle → /pages/the-great-battle
[1738] The LEGO Ninjago Movie mini-movies → /pages/the-lego-ninjago-movie-mini-movies
[1739] The Mechanic's warehouse → /pages/the-mechanics-warehouse
[1740] The Pit (Shintaro) → /pages/the-pit-shintaro
[1741] The Sagas of the Eternal Sources → /pages/the-sagas-of-the-eternal-sources
[1742] The Search for Zane (comic) → /pages/the-search-for-zane-comic
[1743] The Tall Tale of Dogshank → /pages/the-tall-tale-of-dogshank
[1744] The Weekend Whip (Chris Lord-Alge mix) → /pages/the-weekend-whip-chris-lord-alge-mix
[1745] Time travel → /pages/time-travel
[1746] Torchfire Mountain → /pages/torchfire-mountain
[1747] Tower of Terror! → /pages/tower-of-terror
[1748] Traveler's Tree → /pages/travelers-tree
[1749] Unicorn figurines → /pages/unicorn-figurines
[1750] Urn of Enmity → /pages/urn-of-enmity
[1751] Vermillion sword → /pages/vermillion-sword
[1752] Why am I doing this → /pages/why-am-i-doing-this
[1753] Zane: Ninja of Ice → /pages/zane-ninja-of-ice
[1754] 112328 Pixal vs. Viper Flyer → /pages/112328-pixal-vs-viper-flyer
[1755] 112405 Lloyd vs. Claw General → /pages/112405-lloyd-vs-claw-general
[1756] 2018 → /pages/2018
[1757] 2019 → /pages/2019
[1758] 2504 Spinjitzu Dojo → /pages/2504-spinjitzu-dojo
[1759] 2506 Skull Truck → /pages/2506-skull-truck
[1760] 40374 Golden Zane Minifigure Accessory Set → /pages/40374-golden-zane-minifigure-accessory-set
[1761] 40490 Ninjago 10th Anniversary BrickHeadz → /pages/40490-ninjago-10th-anniversary-brickheadz
[1762] 70592 Salvage M.E.C. → /pages/70592-salvage-mec
[1763] 70602 Jay's Elemental Dragon → /pages/70602-jays-elemental-dragon
[1764] 70603 Raid Zeppelin → /pages/70603-raid-zeppelin
[1765] 70611 Water Strider → /pages/70611-water-strider
[1766] 70613 Garma Mecha Man → /pages/70613-garma-mecha-man
[1767] 70629 Piranha Attack → /pages/70629-piranha-attack
[1768] 70668 Jay's Storm Fighter → /pages/70668-jays-storm-fighter
[1769] 70726 Destructoid → /pages/70726-destructoid
[1770] 70746 Condrai Copter Attack → /pages/70746-condrai-copter-attack
[1771] 71717 Journey to the Skull Dungeons → /pages/71717-journey-to-the-skull-dungeons
[1772] 71720 Fire Stone Mech → /pages/71720-fire-stone-mech
[1773] 71752 Ninja Sub Speeder → /pages/71752-ninja-sub-speeder
[1774] 71753 Fire Dragon Attack → /pages/71753-fire-dragon-attack
[1775] 71759 Ninja Dragon Temple → /pages/71759-ninja-dragon-temple
[1776] 71762 Kai's Fire Dragon EVO → /pages/71762-kais-fire-dragon-evo
[1777] 71764 Ninja Training Center → /pages/71764-ninja-training-center
[1778] 71768 Jay's Golden Dragon Motorbike → /pages/71768-jays-golden-dragon-motorbike
[1779] 71770 Zane's Golden Dragon Jet → /pages/71770-zanes-golden-dragon-jet
[1780] 71783 Kai's Mech Rider EVO → /pages/71783-kais-mech-rider-evo
[1781] 71785 Jay's Titan Mech → /pages/71785-jays-titan-mech
[1782] 71789 Kai and Ras's Car and Bike Battle → /pages/71789-kai-and-rass-car-and-bike-battle
[1783] 71800 Nya's Water Dragon EVO → /pages/71800-nyas-water-dragon-evo
[1784] 71805 Jay's Mech Battle Pack → /pages/71805-jays-mech-battle-pack
[1785] 71807 Sora's Elemental Tech Mech → /pages/71807-soras-elemental-tech-mech
[1786] 71812 Kai's Ninja Climber Mech → /pages/71812-kais-ninja-climber-mech
[1787] 71815 Kai's Source Dragon Battle → /pages/71815-kais-source-dragon-battle
[1788] 71830 Kai's Mech Storm Rider → /pages/71830-kais-mech-storm-rider
[1789] 71838 Kai's Motorcycle Speed Race → /pages/71838-kais-motorcycle-speed-race
[1790] 71851 Kai's Dragon Mech Battle Pack → /pages/71851-kais-dragon-mech-battle-pack
[1791] 71853 Jay's Dragon Mech Fight → /pages/71853-jays-dragon-mech-fight
[1792] 71858 Four Weapons Blacksmith → /pages/71858-four-weapons-blacksmith
[1793] 71866 Ninja Character Display 15th Anniversary → /pages/71866-ninja-character-display-15th-anniversary
[1794] 891954 Pyro Whipper → /pages/891954-pyro-whipper
[1795] 9440 Venomari Shrine → /pages/9440-venomari-shrine
[1796] 9442 Jay's Storm Fighter → /pages/9442-jays-storm-fighter
[1797] 9456 Spinner Battle Arena → /pages/9456-spinner-battle-arena
[1798] Andrew McNee → /pages/andrew-mcnee
[1799] Artifacts → /pages/artifacts
[1800] Attack of the Jungle Monster! → /pages/attack-of-the-jungle-monster
[1801] Attack of the Sky Pirates → /pages/attack-of-the-sky-pirates
[1802] Balance (Source) → /pages/balance-source
[1803] Black River → /pages/black-river
[1804] Blackwood Forest → /pages/blackwood-forest
[1805] Blade-Copters → /pages/blade-copters
[1806] Blade Ball → /pages/blade-ball
[1807] Blood Moon Battle → /pages/blood-moon-battle
[1808] Bone King's lair → /pages/bone-kings-lair
[1809] Brickmaster Ninjago: Fight the Power of the Snakes → /pages/brickmaster-ninjago-fight-the-power-of-the-snakes
[1810] Brother/Sister Squad → /pages/brothersister-squad
[1811] BRTM-12 → /pages/brtm-12
[1812] Candy → /pages/candy
[1813] Casket of Bones → /pages/casket-of-bones
[1814] Chan's Theater → /pages/chans-theater
[1815] Chen's Chair shorts → /pages/chens-chair-shorts
[1816] Claw General → /pages/claw-general
[1817] Cliff Gordon's Handbook to Wooing Women → /pages/cliff-gordons-handbook-to-wooing-women
[1818] Cole's mech → /pages/coles-mech
[1819] Concert Hall → /pages/concert-hall
[1820] Cookies → /pages/cookies
[1821] Cragling mud → /pages/cragling-mud
[1822] Crystal eggs → /pages/crystal-eggs
[1823] Deepstone → /pages/deepstone
[1824] Destiny of Doom → /pages/destiny-of-doom
[1825] Dragon Cruiser → /pages/dragon-cruiser
[1826] Dragon Race! → /pages/dragon-race
[1827] Dragon Spinjitzu → /pages/dragon-spinjitzu
[1828] Dragonian Oni worshippers → /pages/dragonian-oni-worshippers
[1829] Finding Wyldfyre → /pages/finding-wyldfyre
[1830] Fire Dragon (disambiguation) → /pages/fire-dragon-disambiguation
[1831] Fired Up! → /pages/fired-up
[1832] Flow → /pages/flow
[1833] Foreign casts/Mandarin (China) → /pages/foreign-castsmandarin-china
[1834] Fright Fest! → /pages/fright-fest
[1835] Frog Tribe → /pages/frog-tribe
[1836] Frogtor → /pages/frogtor
[1837] Garmadon From Good to Bad → /pages/garmadon-from-good-to-bad
[1838] Golden Dragon Motorbike → /pages/golden-dragon-motorbike
[1839] Hall of Wolves → /pages/hall-of-wolves
[1840] Hanging Temple → /pages/hanging-temple
[1841] Hono Mizu → /pages/hono-mizu
[1842] Hoverboard → /pages/hoverboard
[1843] Ice labyrinth → /pages/ice-labyrinth
[1844] Imagination → /pages/imagination
[1845] Jay's travel pillow → /pages/jays-travel-pillow
[1846] Jungle Choppers → /pages/jungle-choppers
[1847] Kai's golden katana → /pages/kais-golden-katana
[1848] Kismet → /pages/kismet
[1849] Lake of Fire → /pages/lake-of-fire
[1850] Laser blasters → /pages/laser-blasters
[1851] LEGO Ninjago: Rebooted → /pages/lego-ninjago-rebooted
[1852] LEGO Ninjago: Spinjitzu Scavenger Hunt → /pages/lego-ninjago-spinjitzu-scavenger-hunt
[1853] Lightning Dragon (Elemental Dragon) → /pages/lightning-dragon-elemental-dragon
[1854] Mala-Wojira → /pages/mala-wojira
[1855] Map of Fangs → /pages/map-of-fangs
[1856] Marty Oppenheimer School of Performing Arts → /pages/marty-oppenheimer-school-of-performing-arts
[1857] Mech problems → /pages/mech-problems
[1858] Ninja Legend → /pages/ninja-legend
[1859] Ninja vehicles → /pages/ninja-vehicles
[1860] Ninjago Legends: Monstrosity → /pages/ninjago-legends-monstrosity
[1861] Nothing in the Dark → /pages/nothing-in-the-dark
[1862] Nya's Powers → /pages/nyas-powers
[1863] Original Prime Empire arcade cabinet → /pages/original-prime-empire-arcade-cabinet
[1864] P.I.X.A.L.'s relationships → /pages/pixals-relationships
[1865] Power Up Mech → /pages/power-up-mech
[1866] Resurrectea → /pages/resurrectea
[1867] Robot dogs → /pages/robot-dogs
[1868] Rodrigo (basketball) → /pages/rodrigo-basketball
[1869] Security Bots (Tai-D) → /pages/security-bots-tai-d
[1870] Shield → /pages/shield
[1871] Skeleton → /pages/skeleton
[1872] Snakes in the Grass → /pages/snakes-in-the-grass
[1873] Sora's Powers Awaken → /pages/soras-powers-awaken
[1874] Soul Archer's bow → /pages/soul-archers-bow
[1875] Source Dragon Icon (Casket of Bones) → /pages/source-dragon-icon-casket-of-bones
[1876] Spectral Monastery → /pages/spectral-monastery
[1877] Spell of Transformation → /pages/spell-of-transformation
[1878] Spider's in the House → /pages/spiders-in-the-house
[1879] Spinjitzu Battle Mech → /pages/spinjitzu-battle-mech
[1880] Sssnake Time → /pages/sssnake-time
[1881] Story cave → /pages/story-cave
[1882] Temple of Felis → /pages/temple-of-felis
[1883] Temple thieves → /pages/temple-thieves
[1884] The Arrest! → /pages/the-arrest
[1885] The Dragonian Dilemma → /pages/the-dragonian-dilemma
[1886] The Explorer's Wise Words → /pages/the-explorers-wise-words
[1887] The Overlord's void → /pages/the-overlords-void
[1888] The Tall Tale of Monkey Wretch → /pages/the-tall-tale-of-monkey-wretch
[1889] The Visual Dictionary → /pages/the-visual-dictionary
[1890] Tiger wasps → /pages/tiger-wasps
[1891] Time apparatus → /pages/time-apparatus
[1892] Tommy Kalmar → /pages/tommy-kalmar
[1893] Trevor Devall → /pages/trevor-devall
[1894] Villain Throwbacks → /pages/villain-throwbacks
[1895] Vinny → /pages/vinny
[1896] Wyldfyre (campaign) → /pages/wyldfyre-campaign
[1897] Yogen Mura → /pages/yogen-mura
[1898] 10739 Shark Attack → /pages/10739-shark-attack
[1899] 112110 Cole vs. Lasha → /pages/112110-cole-vs-lasha
[1900] 112217 Kai vs. Boa Destructor → /pages/112217-kai-vs-boa-destructor
[1901] 112503 Jay vs. Cinder → /pages/112503-jay-vs-cinder
[1902] 112506 Arin vs. Spectral Dragonian Scout → /pages/112506-arin-vs-spectral-dragonian-scout
[1903] 112507 Rogue vs. Zarkt → /pages/112507-rogue-vs-zarkt
[1904] 2011 → /pages/2011
[1905] 2015 → /pages/2015
[1906] 2023 → /pages/2023
[1907] 2254 Mountain Shrine → /pages/2254-mountain-shrine
[1908] 2257 Spinjitzu Starter Set → /pages/2257-spinjitzu-starter-set
[1909] 2520 Ninjago Battle Arena → /pages/2520-ninjago-battle-arena
[1910] 30675 Tournament Training Ground → /pages/30675-tournament-training-ground
[1911] 66715 Ninjago Gift Set → /pages/66715-ninjago-gift-set
[1912] 70504 Garmatron → /pages/70504-garmatron
[1913] 70608 Master Falls → /pages/70608-master-falls
[1914] 70623 Destiny's Shadow → /pages/70623-destinys-shadow
[1915] 70638 Katana V11 → /pages/70638-katana-v11
[1916] 70642 Killow vs. Samurai X → /pages/70642-killow-vs-samurai-x
[1917] 70665 The Samurai Mech → /pages/70665-the-samurai-mech
[1918] 70666 The Golden Dragon → /pages/70666-the-golden-dragon
[1919] 70667 Kai's Blade Cycle & Zane's Snowmobile → /pages/70667-kais-blade-cycle-zanes-snowmobile
[1920] 70723 Thunder Raider → /pages/70723-thunder-raider
[1921] 70727 X-1 Ninja Charger → /pages/70727-x-1-ninja-charger
[1922] 70745 Anacondrai Crusher → /pages/70745-anacondrai-crusher
[1923] 70747 Cole's Boulder Blaster → /pages/70747-coles-boulder-blaster
[1924] 71701 Kai's Fire Dragon → /pages/71701-kais-fire-dragon
[1925] 71702 Golden Mech → /pages/71702-golden-mech
[1926] 71707 Kai's Mech Jet → /pages/71707-kais-mech-jet
[1927] 71709 Jay and Lloyd's Velocity Racers → /pages/71709-jay-and-lloyds-velocity-racers
[1928] 71731 Epic Battle Set - Zane vs. Nindroid → /pages/71731-epic-battle-set-zane-vs-nindroid
[1929] 71761 Zane's Power Up Mech EVO → /pages/71761-zanes-power-up-mech-evo
[1930] 71763 Lloyd's Race Car EVO → /pages/71763-lloyds-race-car-evo
[1931] 71776 Jay and Nya's Race Car EVO → /pages/71776-jay-and-nyas-race-car-evo
[1932] 71803 Arin's Rising Dragon Strike → /pages/71803-arins-rising-dragon-strike
[1933] 71826 Dragon Spinjitzu Battle Pack → /pages/71826-dragon-spinjitzu-battle-pack
[1934] 71847 The Guardian Dragon → /pages/71847-the-guardian-dragon
[1935] 850632 Samurai Accessory Set → /pages/850632-samurai-accessory-set
[1936] 853544 LEGO NINJAGO Accessory Set → /pages/853544-lego-ninjago-accessory-set
[1937] 853866 NINJAGO Accessory Set 2019 → /pages/853866-ninjago-accessory-set-2019
[1938] 892182 Maaray Guard → /pages/892182-maaray-guard
[1939] 892404 Imperium Guard Commander → /pages/892404-imperium-guard-commander
[1940] 892502 Lord Ras → /pages/892502-lord-ras
[1941] 9455 Fangpyre Mech → /pages/9455-fangpyre-mech
[1942] 9552 Lloyd Garmadon → /pages/9552-lloyd-garmadon
[1943] 9562 Lasha → /pages/9562-lasha
[1944] 9569 Spitta → /pages/9569-spitta
[1945] 9571 Fangdam → /pages/9571-fangdam
[1946] 9573 Slithraa → /pages/9573-slithraa
[1947] 9579 Starter Set → /pages/9579-starter-set
[1948] A Ninja Sharpens Ninja! → /pages/a-ninja-sharpens-ninja
[1949] Adrian Petriw → /pages/adrian-petriw
[1950] Algae → /pages/algae
[1951] Amulet of Protection → /pages/amulet-of-protection
[1952] Anacondrai Staff → /pages/anacondrai-staff
[1953] Animal fighting styles → /pages/animal-fighting-styles
[1954] Axe → /pages/axe
[1955] Back in Shape! → /pages/back-in-shape
[1956] Battle for Zane! → /pages/battle-for-zane
[1957] Battle of Nine Armies → /pages/battle-of-nine-armies
[1958] Battle Wagon → /pages/battle-wagon
[1959] Beatrix's coup → /pages/beatrixs-coup
[1960] Beatrix's relationships → /pages/beatrixs-relationships
[1961] Become a legendary NINJAGO creator → /pages/become-a-legendary-ninjago-creator
[1962] Bill Newton → /pages/bill-newton
[1963] Blazing Battle! → /pages/blazing-battle
[1964] Bolobo's father → /pages/bolobos-father
[1965] Britt McKillip → /pages/britt-mckillip
[1966] Card 49 - Finders Keepers (Spinners) → /pages/card-49-finders-keepers-spinners
[1967] Card LE7 - Team ZX (TCG S1) → /pages/card-le7-team-zx-tcg-s1
[1968] Catallica → /pages/catallica
[1969] Catjitzu → /pages/catjitzu
[1970] Cave of the Wise → /pages/cave-of-the-wise
[1971] Cemetery of Souls → /pages/cemetery-of-souls
[1972] City Hall → /pages/city-hall
[1973] Clancee's mother → /pages/clancees-mother
[1974] Cliff Gordon's yacht → /pages/cliff-gordons-yacht
[1975] Coconuts → /pages/coconuts
[1976] Cole Howard → /pages/cole-howard
[1977] Comet Crisis → /pages/comet-crisis
[1978] Crystal katana → /pages/crystal-katana
[1979] Dairy Dragon → /pages/dairy-dragon
[1980] Desert Duel! → /pages/desert-duel
[1981] Destiny's Wings → /pages/destinys-wings
[1982] Dragons Rising Battle Box → /pages/dragons-rising-battle-box
[1983] Driftwood bo staff → /pages/driftwood-bo-staff
[1984] Dyer Mansion → /pages/dyer-mansion
[1985] Ekesian Coldfang the Wise → /pages/ekesian-coldfang-the-wise
[1986] Electric Jaya → /pages/electric-jaya
[1987] Elemental Earth Mech → /pages/elemental-earth-mech
[1988] Energy claws → /pages/energy-claws
[1989] Falcon Vision → /pages/falcon-vision
[1990] Fangpyre skeleton → /pages/fangpyre-skeleton
[1991] Farewell to Samurai X → /pages/farewell-to-samurai-x
[1992] Fist to Face → /pages/fist-to-face
[1993] Flintlock pistols → /pages/flintlock-pistols
[1994] Frak's relationships → /pages/fraks-relationships
[1995] Fugitive From Madness → /pages/fugitive-from-madness
[1996] Game Masters → /pages/game-masters
[1997] Garmadon's Dark Fortress → /pages/garmadons-dark-fortress
[1998] Garry Chalk → /pages/garry-chalk
[1999] General Number 1 (disambiguation) → /pages/general-number-1-disambiguation
[2000] Ghost Attack! (2015) → /pages/ghost-attack-2015
[2001] Golden Peaks → /pages/golden-peaks
[2002] Health boards → /pages/health-boards
[2003] Hearts of Stone → /pages/hearts-of-stone
[2004] HunterCopter → /pages/huntercopter
[2005] I Just Had the Most Wonderful Dream → /pages/i-just-had-the-most-wonderful-dream
[2006] Ice Dragon (disambiguation) → /pages/ice-dragon-disambiguation
[2007] Ice Dragon eggs → /pages/ice-dragon-eggs
[2008] Icon of the Source Dragon of Energy → /pages/icon-of-the-source-dragon-of-energy
[2009] Icon of the Source Dragon of Motion → /pages/icon-of-the-source-dragon-of-motion
[2010] InfoVision → /pages/infovision
[2011] Jay Walker → /pages/jay-walker
[2012] Jordana's crystal ball → /pages/jordanas-crystal-ball
[2013] Kai's Super Awesome Slide Course → /pages/kais-super-awesome-slide-course
[2014] Kalmaar's chariot → /pages/kalmaars-chariot
[2015] Kethanol → /pages/kethanol
[2016] L0002198 Tyr → /pages/l0002198-tyr
[2017] LEGO LEGO Let's LEGO Ninjago!! → /pages/lego-lego-lets-lego-ninjago
[2018] LEGO Ninjago: Rise of the Snakes → /pages/lego-ninjago-rise-of-the-snakes
[2019] Lightning Daggers → /pages/lightning-daggers
[2020] Lloyd's Escape → /pages/lloyds-escape
[2021] Lloyd (disambiguation) → /pages/lloyd-disambiguation
[2022] Lobbo's mother → /pages/lobbos-mother
[2023] Mark Hildreth → /pages/mark-hildreth
[2024] Michael Antonakos → /pages/michael-antonakos
[2025] Mindaro's paintings → /pages/mindaros-paintings
[2026] Mood → /pages/mood
[2027] Mr. Frohicky → /pages/mr-frohicky
[2028] Munce Home-Cave → /pages/munce-home-cave
[2029] Nadakhan's mother → /pages/nadakhans-mother
[2030] Niah Davis → /pages/niah-davis
[2031] Ninja Bow → /pages/ninja-bow
[2032] Ninja in Danger! (2025) → /pages/ninja-in-danger-2025
[2033] Ninja Never Give Up! → /pages/ninja-never-give-up
[2034] Ninja Unite! → /pages/ninja-unite
[2035] Ninjago Spinners/Wave 2 → /pages/ninjago-spinnerswave-2
[2036] Nya's golden spear → /pages/nyas-golden-spear
[2037] Obsidian Nunchucks → /pages/obsidian-nunchucks
[2038] Obsidian Scythe → /pages/obsidian-scythe
[2039] Obsidian Weapons → /pages/obsidian-weapons
[2040] Portals (element) → /pages/portals-element
[2041] Rapton's relationships → /pages/raptons-relationships
[2042] Ras' golden hammer → /pages/ras-golden-hammer
[2043] Ras' master's void → /pages/ras-masters-void
[2044] Red Dragon → /pages/red-dragon
[2045] Revenge of the Snakes → /pages/revenge-of-the-snakes
[2046] Rise of the Nindroids → /pages/rise-of-the-nindroids
[2047] Roby's relationships → /pages/robys-relationships
[2048] Ron Halder → /pages/ron-halder
[2049] Royal Family → /pages/royal-family
[2050] Secret Mission! (2020) → /pages/secret-mission-2020
[2051] Seeker Stones → /pages/seeker-stones
[2052] Simon Lucas → /pages/simon-lucas
[2053] Slitherbottom family → /pages/slitherbottom-family
[2054] Sneak Attack! → /pages/sneak-attack
[2055] Snowmobile → /pages/snowmobile
[2056] Sorcery Surprise → /pages/sorcery-surprise
[2057] Spectral swords → /pages/spectral-swords
[2058] Speeder Cars → /pages/speeder-cars
[2059] Spiders of the Sea → /pages/spiders-of-the-sea
[2060] Submersible combat crafts → /pages/submersible-combat-crafts
[2061] Techno-cocoons → /pages/techno-cocoons
[2062] The Bone Tournament → /pages/the-bone-tournament
[2063] The Bravest Ninja of All → /pages/the-bravest-ninja-of-all
[2064] The Brown Ninja never surrenders! → /pages/the-brown-ninja-never-surrenders
[2065] The Great Mudslinging! → /pages/the-great-mudslinging
[2066] The LEGO Ninjago Movie blooper reel → /pages/the-lego-ninjago-movie-blooper-reel
[2067] The LEGO Ninjago Movie Junior Novel → /pages/the-lego-ninjago-movie-junior-novel
[2068] Umbrasilvians → /pages/umbrasilvians
[2069] Village of the Mud-Tides → /pages/village-of-the-mud-tides
[2070] Volcano Adventure → /pages/volcano-adventure
[2071] Wave → /pages/wave
[2072] Wu's horse carriage → /pages/wus-horse-carriage
[2073] Zane's golden shurikens → /pages/zanes-golden-shurikens
[2074] 10725 Lost Temple → /pages/10725-lost-temple
[2075] 112006 Lloyd vs. Stone Warrior → /pages/112006-lloyd-vs-stone-warrior
[2076] 112112 Jay vs. Eyezor → /pages/112112-jay-vs-eyezor
[2077] 112218 Lloyd vs. Overlord → /pages/112218-lloyd-vs-overlord
[2078] 112220 Kai vs. Ghoultar → /pages/112220-kai-vs-ghoultar
[2079] 112323 Wu vs. Soul Archer → /pages/112323-wu-vs-soul-archer
[2080] 112402 Zane vs. Bone King → /pages/112402-zane-vs-bone-king
[2081] 112404 Arin vs. Wolf Mask Guard → /pages/112404-arin-vs-wolf-mask-guard
[2082] 112406 Cole vs. Lord Ras → /pages/112406-cole-vs-lord-ras
[2083] 112501 Zane vs. Temple Guard → /pages/112501-zane-vs-temple-guard
[2084] 112502 Kai vs. Wolf Mask Warrior → /pages/112502-kai-vs-wolf-mask-warrior
[2085] 112505 Zane vs. Dragonian Scout → /pages/112505-zane-vs-dragonian-scout
[2086] 2017 → /pages/2017
[2087] 2025 → /pages/2025
[2088] 2113 Zane → /pages/2113-zane
[2089] 2114 Chopov → /pages/2114-chopov
[2090] 2170 Cole DX → /pages/2170-cole-dx
[2091] 2258 Ninja Ambush → /pages/2258-ninja-ambush
[2092] 2259 Skull Motorbike → /pages/2259-skull-motorbike
[2093] 2263 Turbo Shredder → /pages/2263-turbo-shredder
[2094] 2508 Blacksmith Shop → /pages/2508-blacksmith-shop
[2095] 2518 Nuckal's ATV → /pages/2518-nuckals-atv
[2096] 30294 The Cowler Dragon → /pages/30294-the-cowler-dragon
[2097] 30425 CRU Master's Training Ground → /pages/30425-cru-masters-training-ground
[2098] 30650 Kai and Rapton's Temple Battle → /pages/30650-kai-and-raptons-temple-battle
[2099] 30700 Arin vs. Dragonian Battle → /pages/30700-arin-vs-dragonian-battle
[2100] 5002144 Ninjago Battle Pack → /pages/5002144-ninjago-battle-pack
[2101] 5003085 Minifigure Pack → /pages/5003085-minifigure-pack
[2102] 70500 Kai's Fire Mech → /pages/70500-kais-fire-mech
[2103] 70501 Warrior Bike → /pages/70501-warrior-bike
[2104] 70588 Titanium Ninja Tumbler → /pages/70588-titanium-ninja-tumbler
[2105] 70600 Ninja Bike Chase → /pages/70600-ninja-bike-chase
[2106] 70601 Sky Shark → /pages/70601-sky-shark
[2107] 70606 Spinjitzu Training → /pages/70606-spinjitzu-training
[2108] 70639 Street Race of Snake Jaguar → /pages/70639-street-race-of-snake-jaguar
[2109] 70641 Ninja Nightcrawler → /pages/70641-ninja-nightcrawler
[2110] 70650 Destiny's Wing → /pages/70650-destinys-wing
[2111] 70720 Hover Hunter → /pages/70720-hover-hunter
[2112] 70722 OverBorg Attack → /pages/70722-overborg-attack
[2113] 70754 Jay's ElectroMech → /pages/70754-jays-electromech
[2114] 71710 Ninja Tuner Car → /pages/71710-ninja-tuner-car
[2115] 71736 Boulder Blaster → /pages/71736-boulder-blaster
[2116] 71757 Lloyd's Ninja Mech → /pages/71757-lloyds-ninja-mech
[2117] 71802 Nya's Rising Dragon Strike → /pages/71802-nyas-rising-dragon-strike
[2118] 71804 Arin's Battle Mech → /pages/71804-arins-battle-mech
[2119] 71806 Cole's Elemental Earth Mech → /pages/71806-coles-elemental-earth-mech
[2120] 71828 Lloyd's Pull-Back Race Car → /pages/71828-lloyds-pull-back-race-car
[2121] 71840 Rogue vs. Drix Race Car Duel → /pages/71840-rogue-vs-drix-race-car-duel
[2122] 71854 Cole's Mission Mech → /pages/71854-coles-mission-mech
[2123] 71858 Four Weapons Blacksmith 15th Anniversary → /pages/71858-four-weapons-blacksmith-15th-anniversary
[2124] 71863 Zilvar and Grimtak the Dragon Beast → /pages/71863-zilvar-and-grimtak-the-dragon-beast
[2125] 891726 Vermillion → /pages/891726-vermillion
[2126] 892068 Richie → /pages/892068-richie
[2127] 892287 Glutinous → /pages/892287-glutinous
[2128] 892296 Vengestone Guard → /pages/892296-vengestone-guard
[2129] 892407 Spirit of the Temple → /pages/892407-spirit-of-the-temple
[2130] 892411 Wolf Hunter → /pages/892411-wolf-hunter
[2131] 892510 Nokt → /pages/892510-nokt
[2132] 892513 Frak → /pages/892513-frak
[2133] 9447 Lasha's Bite Cycle → /pages/9447-lashas-bite-cycle
[2134] 9555 Mezmo → /pages/9555-mezmo
[2135] 9556 Bytar → /pages/9556-bytar
[2136] 9557 Lizaru → /pages/9557-lizaru
[2137] 9567 Fang-Suei → /pages/9567-fang-suei
[2138] Adventures in Ninjago City → /pages/adventures-in-ninjago-city
[2139] Alcohol → /pages/alcohol
[2140] Alfonzo Frohicky's grandmother → /pages/alfonzo-frohickys-grandmother
[2141] AMEET Studio → /pages/ameet-studio
[2142] Apprentice Female → /pages/apprentice-female
[2143] Arin's relationships → /pages/arins-relationships
[2144] Arin and Sora's penthouse → /pages/arin-and-soras-penthouse
[2145] Back in Action! → /pages/back-in-action
[2146] Belgrave → /pages/belgrave
[2147] Benthomaar's arrows → /pages/benthomaars-arrows
[2148] Bethany Brown → /pages/bethany-brown
[2149] Big news! → /pages/big-news
[2150] Blade Cycle → /pages/blade-cycle
[2151] Blade of Terror → /pages/blade-of-terror
[2152] Book of Adventures (2023) → /pages/book-of-adventures-2023
[2153] Book of Spinjitzu → /pages/book-of-spinjitzu
[2154] Boom! → /pages/boom
[2155] Card LE6 - Team Ninja (TCG S1) → /pages/card-le6-team-ninja-tcg-s1
[2156] Card LE8 - Team Techno (TCG S1) → /pages/card-le8-team-techno-tcg-s1
[2157] Card LE9 - Team Tournament (TCG S1) → /pages/card-le9-team-tournament-tcg-s1
[2158] Carnus Conclave → /pages/carnus-conclave
[2159] Chen's monastery → /pages/chens-monastery
[2160] Choose the Path → /pages/choose-the-path
[2161] Claw Staff → /pages/claw-staff
[2162] Cole's mace → /pages/coles-mace
[2163] Colin Murdock → /pages/colin-murdock
[2164] Constrictai Staff → /pages/constrictai-staff
[2165] Dan → /pages/dan
[2166] Destiny's Bounty (The LEGO Ninjago Movie) → /pages/destinys-bounty-the-lego-ninjago-movie
[2167] Destruction daggers → /pages/destruction-daggers
[2168] Double-Bladed Dagger → /pages/double-bladed-dagger
[2169] Dragon-headed drone → /pages/dragon-headed-drone
[2170] Dragon army → /pages/dragon-army
[2171] Dragon Blade → /pages/dragon-blade
[2172] Dragon Riding → /pages/dragon-riding
[2173] Drama in the Spectral Lands for Lloyd & the Ninja! → /pages/drama-in-the-spectral-lands-for-lloyd-the-ninja
[2174] Drix's sickles → /pages/drixs-sickles
[2175] Dungeon Monsters! → /pages/dungeon-monsters
[2176] Earth Dragon (disambiguation) → /pages/earth-dragon-disambiguation
[2177] Earth Mech → /pages/earth-mech
[2178] Elemental shields → /pages/elemental-shields
[2179] Enemy Lloyd → /pages/enemy-lloyd
[2180] Enemy Threat → /pages/enemy-threat
[2181] Explorers at Sea → /pages/explorers-at-sea
[2182] Fangpyre Robot → /pages/fangpyre-robot
[2183] Fearless Ninja → /pages/fearless-ninja
[2184] First Land Monastery → /pages/first-land-monastery
[2185] Flameheart's eggs → /pages/flamehearts-eggs
[2186] Foggy desert → /pages/foggy-desert
[2187] Foreign casts/Portuguese (Portugal) → /pages/foreign-castsportuguese-portugal
[2188] Forest of Teeth → /pages/forest-of-teeth
[2189] Fortune cookies → /pages/fortune-cookies
[2190] Frenemies → /pages/frenemies
[2191] Geckle courthouse → /pages/geckle-courthouse
[2192] Golden Battle Mace → /pages/golden-battle-mace
[2193] Griffin Turner's grandparent → /pages/griffin-turners-grandparent
[2194] Ground-Breaking Evil → /pages/ground-breaking-evil
[2195] Grumbmiller → /pages/grumbmiller
[2196] Hana's village → /pages/hanas-village
[2197] Hatty → /pages/hatty
[2198] Hero's Suite → /pages/heros-suite
[2199] Imperium Broadcast Tower → /pages/imperium-broadcast-tower
[2200] Jacob's sitar → /pages/jacobs-sitar
[2201] Jason Simpson → /pages/jason-simpson
[2202] Jennifer Hayward → /pages/jennifer-hayward
[2203] Journey to Mastery → /pages/journey-to-mastery
[2204] Jungle Raider → /pages/jungle-raider
[2205] Kai's dojo → /pages/kais-dojo
[2206] Keeper spears → /pages/keeper-spears
[2207] Kiddie Arcade → /pages/kiddie-arcade
[2208] Kur's axe → /pages/kurs-axe
[2209] Lightning Bike → /pages/lightning-bike
[2210] Lightning Dragon eggs → /pages/lightning-dragon-eggs
[2211] Lightning staff → /pages/lightning-staff
[2212] List of unseen locations → /pages/list-of-unseen-locations
[2213] Lloyd's Race Car → /pages/lloyds-race-car
[2214] Lloyd Garmadon → /pages/lloyd-garmadon
[2215] Machete → /pages/machete
[2216] Maggie Blue O'Hara → /pages/maggie-blue-ohara
[2217] Manko → /pages/manko
[2218] Marÿke Hendrikse → /pages/marÿke-hendrikse
[2219] Mech Storm Rider → /pages/mech-storm-rider
[2220] Meeha → /pages/meeha
[2221] Michael Daingerfield → /pages/michael-daingerfield
[2222] Mid → /pages/mid
[2223] Mister Cuddlywomp → /pages/mister-cuddlywomp
[2224] Mount Egalt → /pages/mount-egalt
[2225] Mountain monastery → /pages/mountain-monastery
[2226] Mouth of Eternal Shadows → /pages/mouth-of-eternal-shadows
[2227] Mr. Liu → /pages/mr-liu
[2228] Mudd → /pages/mudd
[2229] Netflix → /pages/netflix
[2230] Nindroid Drone → /pages/nindroid-drone
[2231] Ninja's catamarans → /pages/ninjas-catamarans
[2232] Ninja Explosion! → /pages/ninja-explosion
[2233] Ninja Mission: Garmadon vs. Lloyd → /pages/ninja-mission-garmadon-vs-lloyd
[2234] Ninja Nightcrawler → /pages/ninja-nightcrawler
[2235] Ninja Vlogs → /pages/ninja-vlogs
[2236] Ninja vs. Imperium! → /pages/ninja-vs-imperium
[2237] Ninjago (LEGO Fortnite Odyssey) → /pages/ninjago-lego-fortnite-odyssey
[2238] Ninjago City vs. Ninja (trial) → /pages/ninjago-city-vs-ninja-trial
[2239] Noodles (mini-movie) → /pages/noodles-mini-movie
[2240] Nya's fan → /pages/nyas-fan
[2241] One Ninja Alone...? → /pages/one-ninja-alone
[2242] Operation Heavy Metal: Blunck → /pages/operation-heavy-metal-blunck
[2243] Operation Heavy Metal: Machia → /pages/operation-heavy-metal-machia
[2244] Passage to the Underworld → /pages/passage-to-the-underworld
[2245] Pauline Newstone → /pages/pauline-newstone
[2246] Pigeons → /pages/pigeons
[2247] Pit of No Return → /pages/pit-of-no-return
[2248] Pool → /pages/pool
[2249] Prismatic Lamp → /pages/prismatic-lamp
[2250] Proto Sam-X → /pages/proto-sam-x
[2251] Public Shaming Platform → /pages/public-shaming-platform
[2252] Rageblade → /pages/rageblade
[2253] Raid Zeppelin → /pages/raid-zeppelin
[2254] Robot Rage! → /pages/robot-rage
[2255] Rock monster → /pages/rock-monster
[2256] Rocket boards → /pages/rocket-boards
[2257] Rocking the Fangpyre! → /pages/rocking-the-fangpyre
[2258] Romance film → /pages/romance-film
[2259] Sai → /pages/sai
[2260] Scaredy Kai → /pages/scaredy-kai
[2261] Search for the Golden Weapons → /pages/search-for-the-golden-weapons
[2262] Security Mechs → /pages/security-mechs
[2263] Security Station → /pages/security-station
[2264] Separate Ways → /pages/separate-ways
[2265] Serpentine library → /pages/serpentine-library
[2266] Shadow Dragon (Elemental Dragon) → /pages/shadow-dragon-elemental-dragon
[2267] Shifty's table → /pages/shiftys-table
[2268] Shintaro hammer → /pages/shintaro-hammer
[2269] Silver katana → /pages/silver-katana
[2270] Skeleton Village → /pages/skeleton-village
[2271] Skeletons → /pages/skeletons
[2272] Skull Sorcerer → /pages/skull-sorcerer
[2273] Skybound → /pages/skybound
[2274] Skylor's family → /pages/skylors-family
[2275] Slug race → /pages/slug-race
[2276] Snogfruit Punch → /pages/snogfruit-punch
[2277] Source-Henge → /pages/source-henge
[2278] Source Dragon Icon (bow) → /pages/source-dragon-icon-bow
[2279] Sparring bot → /pages/sparring-bot
[2280] Spinjitzu Snakedown → /pages/spinjitzu-snakedown
[2281] Spinjitzu Spinball Snake Invasion → /pages/spinjitzu-spinball-snake-invasion
[2282] Spinners → /pages/spinners
[2283] Techno balloon → /pages/techno-balloon
[2284] Temple of Ice → /pages/temple-of-ice
[2285] Terra Domina → /pages/terra-domina
[2286] The ninja hall of (junk) fame → /pages/the-ninja-hall-of-junk-fame
[2287] The Resistance → /pages/the-resistance
[2288] The Sword of Fire! → /pages/the-sword-of-fire
[2289] The Teeth → /pages/the-teeth
[2290] The Way In → /pages/the-way-in
[2291] Thunderfang's gem → /pages/thunderfangs-gem
[2292] Ton-Rap's Every-Realm Antiques Establishment → /pages/ton-raps-every-realm-antiques-establishment
[2293] Treewoks → /pages/treewoks
[2294] Turnip Festival → /pages/turnip-festival
[2295] Undersea Biscuit → /pages/undersea-biscuit
[2296] Vault of Focus → /pages/vault-of-focus
[2297] Venomari Staff → /pages/venomari-staff
[2298] Vermillion axe → /pages/vermillion-axe
[2299] Violet Berry Soup → /pages/violet-berry-soup
[2300] Volcano → /pages/volcano
[2301] Vultures → /pages/vultures
[2302] Wasps → /pages/wasps
[2303] Water Dragon (Elemental Dragon) → /pages/water-dragon-elemental-dragon
[2304] Where's the Ninja? → /pages/wheres-the-ninja
[2305] Whirlwand → /pages/whirlwand
[2306] Wyldmelons → /pages/wyldmelons
[2307] You Just Can't Get Good Help! → /pages/you-just-cant-get-good-help
[2308] 10722 Snake Showdown → /pages/10722-snake-showdown
[2309] 10755 Zane's Ninja Boat Pursuit → /pages/10755-zanes-ninja-boat-pursuit
[2310] 111904 Jay vs. Lasha → /pages/111904-jay-vs-lasha
[2311] 112008 Kai vs. Lasha → /pages/112008-kai-vs-lasha
[2312] 112114 Zane vs. Wyplash → /pages/112114-zane-vs-wyplash
[2313] 112215 Cole vs. Ronin → /pages/112215-cole-vs-ronin
[2314] 112216 Zane vs. Nindroid → /pages/112216-zane-vs-nindroid
[2315] 112219 Jay vs. Nindroid → /pages/112219-jay-vs-nindroid
[2316] 112221 Lloyd vs. Cobra Mechanic → /pages/112221-lloyd-vs-cobra-mechanic
[2317] 112322 Zane vs. Garmadon → /pages/112322-zane-vs-garmadon
[2318] 112403 Kai vs. Cinder → /pages/112403-kai-vs-cinder
[2319] 112429 Lloyd vs. Miss Demeanor → /pages/112429-lloyd-vs-miss-demeanor
[2320] 112601 Lloyd vs. Dragonian Warrior → /pages/112601-lloyd-vs-dragonian-warrior
[2321] 112602 Kai vs. Rox → /pages/112602-kai-vs-rox
[2322] 2014 → /pages/2014
[2323] 2111 Kai → /pages/2111-kai
[2324] 2172 Nya → /pages/2172-nya
[2325] 2519 Skeleton Bowling → /pages/2519-skeleton-bowling
[2326] 30085 Snake Battle → /pages/30085-snake-battle
[2327] 30531 Sons of Garmadon → /pages/30531-sons-of-garmadon
[2328] 30535 Fire Flight → /pages/30535-fire-flight
[2329] 30649 Ice Dragon Creature → /pages/30649-ice-dragon-creature
[2330] 5004076 Minifigure Gift Set → /pages/5004076-minifigure-gift-set
[2331] 5004391 Sky Pirates Battle → /pages/5004391-sky-pirates-battle
[2332] 5004916 Kai's Dojo Pod → /pages/5004916-kais-dojo-pod
[2333] 6565144 Ninjago Thunderfang → /pages/6565144-ninjago-thunderfang
[2334] 70502 Cole's Earth Driller → /pages/70502-coles-earth-driller
[2335] 70503 The Golden Dragon → /pages/70503-the-golden-dragon
[2336] 70599 Cole's Dragon → /pages/70599-coles-dragon
[2337] 70683 Spinjitzu Slam - Zane → /pages/70683-spinjitzu-slam-zane
[2338] 70684 Spinjitzu Slam - Kai vs Samurai → /pages/70684-spinjitzu-slam-kai-vs-samurai
[2339] 70721 Kai Fighter → /pages/70721-kai-fighter
[2340] 70752 Jungle Trap → /pages/70752-jungle-trap
[2341] 70755 Jungle Raider → /pages/70755-jungle-raider
[2342] 71703 Storm Fighter Battle → /pages/71703-storm-fighter-battle
[2343] 71704 Kai Fighter → /pages/71704-kai-fighter
[2344] 71732 Epic Battle Set - Jay vs. Serpentine → /pages/71732-epic-battle-set-jay-vs-serpentine
[2345] 71734 Kai's Blade Cycle → /pages/71734-kais-blade-cycle
[2346] 71781 Lloyd's Mech Battle EVO → /pages/71781-lloyds-mech-battle-evo
[2347] 71788 Lloyd's Ninja Street Bike → /pages/71788-lloyds-ninja-street-bike
[2348] 71816 Zane's Ice Motorcycle → /pages/71816-zanes-ice-motorcycle
[2349] 71817 Lloyd's Elemental Power Mech → /pages/71817-lloyds-elemental-power-mech
[2350] 71849 Nya vs. Elemental Monster Spinner → /pages/71849-nya-vs-elemental-monster-spinner
[2351] 71864 Kai and Cole's Combiner Vehicles → /pages/71864-kai-and-coles-combiner-vehicles
[2352] 850445 Rattla Shrine → /pages/850445-rattla-shrine
[2353] 891502 Krait → /pages/891502-krait
[2354] 891506 Ming → /pages/891506-ming
[2355] 891724 Zane → /pages/891724-zane
[2356] 891731 Zane → /pages/891731-zane
[2357] 891950 Daddy No Legs → /pages/891950-daddy-no-legs
[2358] 892061 Ice Emperor → /pages/892061-ice-emperor
[2359] 892176 Thunder Keeper → /pages/892176-thunder-keeper
[2360] 892185 Benthomaar → /pages/892185-benthomaar
[2361] 892294 Overlord → /pages/892294-overlord
[2362] 892303 Vangelis → /pages/892303-vangelis
[2363] 892312 Sora → /pages/892312-sora
[2364] 892402 Wolf Hunter → /pages/892402-wolf-hunter
[2365] 892409 Lord Ras → /pages/892409-lord-ras
[2366] 9564 Snappa → /pages/9564-snappa
[2367] Adam Nurada → /pages/adam-nurada
[2368] Adam Trask → /pages/adam-trask
[2369] Aidan Drummond → /pages/aidan-drummond
[2370] Alfonzo Frohicky's relationships → /pages/alfonzo-frohickys-relationships
[2371] Arin Nived → /pages/arin-nived
[2372] Attack! → /pages/attack
[2373] Autobody shop → /pages/autobody-shop
[2374] Bad Chair Day → /pages/bad-chair-day
[2375] Bad Water! → /pages/bad-water
[2376] Banana → /pages/banana
[2377] Barry Nived → /pages/barry-nived
[2378] Battle arena → /pages/battle-arena
[2379] Battle Box → /pages/battle-box
[2380] Battle of New Ninjago City → /pages/battle-of-new-ninjago-city
[2381] Berkman → /pages/berkman
[2382] Beware! → /pages/beware
[2383] Biker Tavern → /pages/biker-tavern
[2384] Black katana → /pages/black-katana
[2385] Bleckt's cane → /pages/bleckts-cane
[2386] Bob (disambiguation) → /pages/bob-disambiguation
[2387] Bone Daggers → /pages/bone-daggers
[2388] Bone rolling challenge → /pages/bone-rolling-challenge
[2389] Bone Weapons → /pages/bone-weapons
[2390] Boo, Lloyd → /pages/boo-lloyd
[2391] Book of Ceremonies → /pages/book-of-ceremonies
[2392] Bottomless pit → /pages/bottomless-pit
[2393] Brad → /pages/brad
[2394] Brown Power → /pages/brown-power
[2395] Card 100 - Team Sky Pirates (TCG S1) → /pages/card-100-team-sky-pirates-tcg-s1
[2396] Card 107 - Awesome Band (TCG S1) → /pages/card-107-awesome-band-tcg-s1
[2397] Card 128 - Kendo Practice (TCG S1) → /pages/card-128-kendo-practice-tcg-s1
[2398] Card 39 - Karate Chop (Spinners) → /pages/card-39-karate-chop-spinners
[2399] Card 46 - Weapon Swap (Spinners) → /pages/card-46-weapon-swap-spinners
[2400] Card 48 - Weapon Swap (Spinners) → /pages/card-48-weapon-swap-spinners
[2401] Card 96 - Team Serpentine (TCG S1) → /pages/card-96-team-serpentine-tcg-s1
[2402] Card 97 - Team Anacondrai (TCG S1) → /pages/card-97-team-anacondrai-tcg-s1
[2403] Card 99 - Team Ghosts (TCG S1) → /pages/card-99-team-ghosts-tcg-s1
[2404] Chair Play Chen → /pages/chair-play-chen
[2405] Chair Up Chen → /pages/chair-up-chen
[2406] Chairful What You Wish For → /pages/chairful-what-you-wish-for
[2407] Chen's New Chair → /pages/chens-new-chair
[2408] Chi Wing Lee → /pages/chi-wing-lee
[2409] City Jail → /pages/city-jail
[2410] Cole's Song → /pages/coles-song
[2411] Conflict on the Island of the Keepers → /pages/conflict-on-the-island-of-the-keepers
[2412] Cragling Village → /pages/cragling-village
[2413] Credits → /pages/credits
[2414] Crystal Caves → /pages/crystal-caves
[2415] Crystal gun → /pages/crystal-gun
[2416] Crème de Imperium → /pages/crème-de-imperium
[2417] Daniel → /pages/daniel
[2418] Darnagom Enterprises → /pages/darnagom-enterprises
[2419] David A. Kaye → /pages/david-a-kaye
[2420] Day of the Departed lanterns → /pages/day-of-the-departed-lanterns
[2421] Dean Redman → /pages/dean-redman
[2422] Department of Demolitions → /pages/department-of-demolitions
[2423] Desert of the Bone → /pages/desert-of-the-bone
[2424] Desert Showdown with Pyro Vipers! → /pages/desert-showdown-with-pyro-vipers
[2425] Devonian King → /pages/devonian-king
[2426] Djordje Djordjevic → /pages/djordje-djordjevic
[2427] Dragon Chestplate → /pages/dragon-chestplate
[2428] Dragon Mechs (Administration) → /pages/dragon-mechs-administration
[2429] Dream Crafting → /pages/dream-crafting
[2430] Earth (The LEGO Ninjago Movie) → /pages/earth-the-lego-ninjago-movie
[2431] Echo Canyons → /pages/echo-canyons
[2432] Elemental Power → /pages/elemental-power
[2433] Emily Tennant → /pages/emily-tennant
[2434] Explosive shurikens → /pages/explosive-shurikens
[2435] Famous Places That I Will Find Before Anyone Else → /pages/famous-places-that-i-will-find-before-anyone-else
[2436] Fear No Chaos → /pages/fear-no-chaos
[2437] Festival Day → /pages/festival-day
[2438] Fire (The LEGO Ninjago Movie) → /pages/fire-the-lego-ninjago-movie
[2439] First Try! → /pages/first-try
[2440] Foreign casts/Bulgarian → /pages/foreign-castsbulgarian
[2441] Foreign casts/Finnish → /pages/foreign-castsfinnish
[2442] Foreign casts/Italian → /pages/foreign-castsitalian
[2443] Foreign casts/Ukrainian → /pages/foreign-castsukrainian
[2444] GDC → /pages/gdc
[2445] Ghost Ninja → /pages/ghost-ninja
[2446] Ghost Stories → /pages/ghost-stories
[2447] Gifting Goat → /pages/gifting-goat
[2448] Golden Dark Blade → /pages/golden-dark-blade
[2449] Golden Legacy → /pages/golden-legacy
[2450] Gorillas → /pages/gorillas
[2451] Gypsy Cove → /pages/gypsy-cove
[2452] Heavy Metal → /pages/heavy-metal
[2453] Hounddog McBrag's trucks → /pages/hounddog-mcbrags-trucks
[2454] Hourglasses → /pages/hourglasses
[2455] I AM RAGE → /pages/i-am-rage
[2456] Ice (The LEGO Ninjago Movie) → /pages/ice-the-lego-ninjago-movie
[2457] Ice cream → /pages/ice-cream
[2458] Ice Emperor's scepter → /pages/ice-emperors-scepter
[2459] Illuma-Swords → /pages/illuma-swords
[2460] Illuma swords → /pages/illuma-swords-2
[2461] Imperium Armory → /pages/imperium-armory
[2462] Imperium Claw Hunters → /pages/imperium-claw-hunters
[2463] Impossible Path → /pages/impossible-path
[2464] Inner Steel → /pages/inner-steel
[2465] Instabook → /pages/instabook
[2466] Intruder Alert! → /pages/intruder-alert
[2467] Invisibility → /pages/invisibility
[2468] Jay's guitar → /pages/jays-guitar
[2469] Jay's mech → /pages/jays-mech
[2470] Jay Vincent → /pages/jay-vincent
[2471] Jenny Nived → /pages/jenny-nived
[2472] Jeppe Riddervold → /pages/jeppe-riddervold
[2473] Joanne Wilson → /pages/joanne-wilson
[2474] Jungle surfboard → /pages/jungle-surfboard
[2475] Junkbot Battle Supreme → /pages/junkbot-battle-supreme
[2476] Kai's twin katanas → /pages/kais-twin-katanas
[2477] Kai Emmett → /pages/kai-emmett
[2478] Karlof's metal fists → /pages/karlofs-metal-fists
[2479] Katana V11 → /pages/katana-v11
[2480] Kirchonn the Invincible → /pages/kirchonn-the-invincible
[2481] Koenig → /pages/koenig
[2482] L0002199 Kur → /pages/l0002199-kur
[2483] Land of Madness Monastery → /pages/land-of-madness-monastery
[2484] Lantern → /pages/lantern
[2485] LEGO NINJAGO Explained → /pages/lego-ninjago-explained
[2486] Light Dragon (Elemental Dragon) → /pages/light-dragon-elemental-dragon
[2487] Lightning-Tide Leader → /pages/lightning-tide-leader
[2488] Lightning (The LEGO Ninjago Movie) → /pages/lightning-the-lego-ninjago-movie
[2489] Lightning off-roader → /pages/lightning-off-roader
[2490] List of set-only vehicles → /pages/list-of-set-only-vehicles
[2491] Lobbo's mech → /pages/lobbos-mech
[2492] Lobbo Industries → /pages/lobbo-industries
[2493] Lord Garmadon → /pages/lord-garmadon
[2494] Lowly → /pages/lowly
[2495] Manta Ray Bombers → /pages/manta-ray-bombers
[2496] Mech Jet → /pages/mech-jet
[2497] Michael Kopsa → /pages/michael-kopsa
[2498] Mid-Air Mayhem! → /pages/mid-air-mayhem
[2499] Minidroid Chess → /pages/minidroid-chess
[2500] Mountain of Madness → /pages/mountain-of-madness
[2501] My Poison → /pages/my-poison
[2502] Nature Dragon → /pages/nature-dragon
[2503] New Ninja Stories: Challenge at the Crossroads → /pages/new-ninja-stories-challenge-at-the-crossroads
[2504] Niek van Slagmaat → /pages/niek-van-slagmaat
[2505] Nindroid Warrior → /pages/nindroid-warrior
[2506] Ninja's Journey → /pages/ninjas-journey
[2507] Ninja Code → /pages/ninja-code
[2508] Ninja Combat Vehicle → /pages/ninja-combat-vehicle
[2509] Ninja vs. Nindroids → /pages/ninja-vs-nindroids
[2510] NinjaCon → /pages/ninjacon
[2511] Ninjago soundtrack/Rise of the Snakes → /pages/ninjago-soundtrackrise-of-the-snakes
[2512] Nya's Munce spear → /pages/nyas-munce-spear
[2513] Nya's relationships → /pages/nyas-relationships
[2514] Obsidian Sword → /pages/obsidian-sword
[2515] Old electronics warehouse → /pages/old-electronics-warehouse
[2516] Old Tongue → /pages/old-tongue
[2517] Omakase → /pages/omakase
[2518] Oni chalice → /pages/oni-chalice
[2519] Oni Chopper → /pages/oni-chopper
[2520] Operation Heavy Metal: Buffmillion → /pages/operation-heavy-metal-buffmillion
[2521] Orange Key-Tana → /pages/orange-key-tana
[2522] Overboard! → /pages/overboard
[2523] Overlord → /pages/overlord-2
[2524] P.I.X.A.L.'s car → /pages/pixals-car
[2525] Packed with Ninja fun! → /pages/packed-with-ninja-fun
[2526] Peter Hausner → /pages/peter-hausner
[2527] Plunger → /pages/plunger
[2528] Portal gate → /pages/portal-gate
[2529] Postman's bike → /pages/postmans-bike
[2530] Pythor's relationships → /pages/pythors-relationships
[2531] Race bikes → /pages/race-bikes
[2532] Raiders of the lost trophy! → /pages/raiders-of-the-lost-trophy
[2533] Raven King → /pages/raven-king
[2534] Ready to return! → /pages/ready-to-return
[2535] Red Star Carnival → /pages/red-star-carnival
[2536] Repo yard → /pages/repo-yard
[2537] Rice paddy → /pages/rice-paddy
[2538] Rock Roader → /pages/rock-roader
[2539] Rogue's armor → /pages/rogues-armor
[2540] Royal Family of Djinjago → /pages/royal-family-of-djinjago
[2541] Rusty's spear → /pages/rustys-spear
[2542] S.O.G. Headquarters → /pages/sog-headquarters
[2543] Samurai X → /pages/samurai-x
[2544] Sanctuary of the Seven Sources → /pages/sanctuary-of-the-seven-sources
[2545] Scented Relaxation Candle → /pages/scented-relaxation-candle
[2546] Scimitar → /pages/scimitar
[2547] Scott Godon-Decoteau → /pages/scott-godon-decoteau
[2548] Season 2 (Dragon Rising) → /pages/season-2-dragon-rising
[2549] Security guards → /pages/security-guards
[2550] Shannon Chan-Kent → /pages/shannon-chan-kent
[2551] Shark E. Shark in "Which Way to the Ocean?" → /pages/shark-e-shark-in-which-way-to-the-ocean
[2552] Sharon Alexander → /pages/sharon-alexander
[2553] Silver Bone → /pages/silver-bone
[2554] Six-Armed Warriors → /pages/six-armed-warriors
[2555] Skales' family → /pages/skales-family
[2556] Skreemer → /pages/skreemer
[2557] Smoke and Mirrors (2025) → /pages/smoke-and-mirrors-2025
[2558] Snake Attack! → /pages/snake-attack
[2559] Snake Attack! (Magazine) → /pages/snake-attack-magazine
[2560] Snake bow → /pages/snake-bow
[2561] Sneaking up on the Serpentine! → /pages/sneaking-up-on-the-serpentine
[2562] So what now? → /pages/so-what-now
[2563] Soda guzzler → /pages/soda-guzzler
[2564] Sons of Garmadon (book) → /pages/sons-of-garmadon-book
[2565] Sora's jet → /pages/soras-jet
[2566] Special Delivery From Stiix! → /pages/special-delivery-from-stiix
[2567] Specter dragon → /pages/specter-dragon
[2568] Speed Demons! → /pages/speed-demons
[2569] Sphinx → /pages/sphinx
[2570] Spinning Power → /pages/spinning-power
[2571] Sprite → /pages/sprite
[2572] Stone Booster Bike → /pages/stone-booster-bike
[2573] Storm Mountain → /pages/storm-mountain
[2574] Strangler's Path → /pages/stranglers-path
[2575] Take Back Ninjago → /pages/take-back-ninjago
[2576] Tallest mountain of Ninjago → /pages/tallest-mountain-of-ninjago
[2577] Ten for Ninjago → /pages/ten-for-ninjago
[2578] Tentacles Below! → /pages/tentacles-below
[2579] The Fire Eater → /pages/the-fire-eater
[2580] The Fold → /pages/the-fold
[2581] The Great Cross-World Caper! → /pages/the-great-cross-world-caper
[2582] The Mission → /pages/the-mission
[2583] The Sea Beast! → /pages/the-sea-beast
[2584] Thermolytic Inverter → /pages/thermolytic-inverter
[2585] Titan Mech (Core) → /pages/titan-mech-core
[2586] Tommy (disambiguation) → /pages/tommy-disambiguation
[2587] Tread Assault → /pages/tread-assault
[2588] Tri Vuong → /pages/tri-vuong
[2589] Turbo Shredders → /pages/turbo-shredders
[2590] Ultra Combiner Mech → /pages/ultra-combiner-mech
[2591] Unknown Elemental Master (disambiguation) → /pages/unknown-elemental-master-disambiguation
[2592] Unknown Elemental Master (frog) → /pages/unknown-elemental-master-frog
[2593] Unleash the Chaos Dragon! → /pages/unleash-the-chaos-dragon
[2594] Vangelis' mask → /pages/vangelis-mask
[2595] Vermillion Dome of Doom → /pages/vermillion-dome-of-doom
[2596] Vermillion reconstruction → /pages/vermillion-reconstruction
[2597] Wakizashi → /pages/wakizashi
[2598] Walls of Punishment → /pages/walls-of-punishment
[2599] Water (The LEGO Ninjago Movie) → /pages/water-the-lego-ninjago-movie
[2600] Water Dragon (disambiguation) → /pages/water-dragon-disambiguation
[2601] William Salyers → /pages/william-salyers
[2602] Wong's Costume → /pages/wongs-costume
[2603] Wu's history book → /pages/wus-history-book
[2604] Wu's meditation carpet → /pages/wus-meditation-carpet
[2605] Wu Bots → /pages/wu-bots
[2606] Wyconium coil → /pages/wyconium-coil
[2607] Yin-Yang (disambiguation) → /pages/yin-yang-disambiguation
[2608] Yost → /pages/yost
[2609] 111903 Kai vs. Wyplash → /pages/111903-kai-vs-wyplash
[2610] 112005 Cole vs. Nindroid → /pages/112005-cole-vs-nindroid
[2611] 112109 Wu vs. Garmadon → /pages/112109-wu-vs-garmadon
[2612] 112111 Lloyd vs. Ghost Warrior → /pages/112111-lloyd-vs-ghost-warrior
[2613] 112113 Kai vs. Nindroid → /pages/112113-kai-vs-nindroid
[2614] 112324 Kai vs. Bone King → /pages/112324-kai-vs-bone-king
[2615] 112325 Lloyd vs. Bone Warrior → /pages/112325-lloyd-vs-bone-warrior
[2616] 112326 Cole vs. Bone Knight → /pages/112326-cole-vs-bone-knight
[2617] 112327 Jay vs. Bone Hunter → /pages/112327-jay-vs-bone-hunter
[2618] 112504 Cole vs. Drix → /pages/112504-cole-vs-drix
[2619] 2112 Cole → /pages/2112-cole
[2620] 2115 Bonezai → /pages/2115-bonezai
[2621] 2116 Krazi → /pages/2116-krazi
[2622] 2171 Zane DX → /pages/2171-zane-dx
[2623] 2174 Kruncha → /pages/2174-kruncha
[2624] 2175 Wyplash → /pages/2175-wyplash
[2625] 2255 Sensei Wu → /pages/2255-sensei-wu
[2626] 2256 Lord Garmadon → /pages/2256-lord-garmadon
[2627] 30080 Ninja Glider → /pages/30080-ninja-glider
[2628] 30084 Jay → /pages/30084-jay
[2629] 30086 Hidden Sword → /pages/30086-hidden-sword
[2630] 30088 Rattla → /pages/30088-rattla
[2631] 30421 Skybound Plane → /pages/30421-skybound-plane
[2632] 30424 WU-CRU Training Dojo → /pages/30424-wu-cru-training-dojo
[2633] 30530 WU-CRU Target Training → /pages/30530-wu-cru-target-training
[2634] 30537 Merchant Avatar Jay → /pages/30537-merchant-avatar-jay
[2635] 30547 Dragon Hunter → /pages/30547-dragon-hunter
[2636] 5000030 Kendo Jay Promotional Set → /pages/5000030-kendo-jay-promotional-set
[2637] 5004077 2015 Minifigure Gift Set → /pages/5004077-2015-minifigure-gift-set
[2638] 5005230 Zane Kendo Training → /pages/5005230-zane-kendo-training
[2639] 5008034 ComCon Ninjago Dragon → /pages/5008034-comcon-ninjago-dragon
[2640] 70636 Zane Spinjitzu Master → /pages/70636-zane-spinjitzu-master
[2641] 70648 Zane - Dragon Master → /pages/70648-zane-dragon-master
[2642] 70661 Spinjitzu Zane → /pages/70661-spinjitzu-zane
[2643] 70663 Spinjitzu Nya & Wu → /pages/70663-spinjitzu-nya-wu
[2644] 70664 Spinjitzu Lloyd vs Garmadon → /pages/70664-spinjitzu-lloyd-vs-garmadon
[2645] 70680 Monastery Training → /pages/70680-monastery-training
[2646] 70681 Spinjitzu Slam - Lloyd → /pages/70681-spinjitzu-slam-lloyd
[2647] 70742 Airjitzu Zane Flyer → /pages/70742-airjitzu-zane-flyer
[2648] 70744 Airjitzu Wrayth Flyer → /pages/70744-airjitzu-wrayth-flyer
[2649] 70753 Lava Falls → /pages/70753-lava-falls
[2650] 71207 Team Pack → /pages/71207-team-pack
[2651] 71716 Lloyd Avatar - Arcade Pod → /pages/71716-lloyd-avatar-arcade-pod
[2652] 71730 Epic Battle Set - Kai vs. Skulkin → /pages/71730-epic-battle-set-kai-vs-skulkin
[2653] 71733 Epic Battle Set - Cole vs. Ghost Warrior → /pages/71733-epic-battle-set-cole-vs-ghost-warrior
[2654] 71740 Jay's Electro Mech → /pages/71740-jays-electro-mech
[2655] 71849 Nya vs. Mutation Monster Spinner → /pages/71849-nya-vs-mutation-monster-spinner
[2656] 71850 Lloyd vs. Earth Monster Spinner → /pages/71850-lloyd-vs-earth-monster-spinner
[2657] 71850 Lloyd vs. Elemental Monster Spinner → /pages/71850-lloyd-vs-elemental-monster-spinner
[2658] 853405 Snake Sword → /pages/853405-snake-sword
[2659] 853695 Zane Keyring → /pages/853695-zane-keyring
[2660] 853699 Nya Key Chain → /pages/853699-nya-key-chain
[2661] 891610 Clouse → /pages/891610-clouse
[2662] 891612 Sqiffy → /pages/891612-sqiffy
[2663] 891616 Bucko → /pages/891616-bucko
[2664] 891617 Titanium Zane → /pages/891617-titanium-zane
[2665] 891620 Nya → /pages/891620-nya
[2666] 891728 Stone Swordsman → /pages/891728-stone-swordsman
[2667] 891732 Chen → /pages/891732-chen
[2668] 891835 Sawyer → /pages/891835-sawyer
[2669] 891836 Scooter → /pages/891836-scooter
[2670] 891838 Buffer → /pages/891838-buffer
[2671] 891840 Jet Jack → /pages/891840-jet-jack
[2672] 891841 Talon → /pages/891841-talon
[2673] 891843 Samurai X → /pages/891843-samurai-x
[2674] 891844 Nitro → /pages/891844-nitro
[2675] 891948 Iron Baron → /pages/891948-iron-baron
[2676] 891952 Blizzard Samurai → /pages/891952-blizzard-samurai
[2677] 891956 Blizzard Samurai → /pages/891956-blizzard-samurai
[2678] 891957 Zane → /pages/891957-zane
[2679] 892065 Zane → /pages/892065-zane
[2680] 892070 Munce → /pages/892070-munce
[2681] 892173 Zane → /pages/892173-zane
[2682] 892174 Skull Sorcerer → /pages/892174-skull-sorcerer
[2683] 892288 Zane → /pages/892288-zane
[2684] 892293 Golden Dragon Zane → /pages/892293-golden-dragon-zane
[2685] 892306 Zane → /pages/892306-zane
[2686] 892307 Garmadon → /pages/892307-garmadon
[2687] 892309 Lord Ras → /pages/892309-lord-ras
[2688] 892311 Imperium Claw Hunter → /pages/892311-imperium-claw-hunter
[2689] 892401 Zane → /pages/892401-zane
[2690] 892410 Zane → /pages/892410-zane
[2691] 892504 Morro → /pages/892504-morro
[2692] 901503 Krait → /pages/901503-krait
[2693] 9553 Jay ZX → /pages/9553-jay-zx
[2694] 9554 Zane ZX → /pages/9554-zane-zx
[2695] 9563 Kendo Zane → /pages/9563-kendo-zane
[2696] 9570 NRG Jay → /pages/9570-nrg-jay
[2697] 9590 NRG Zane → /pages/9590-nrg-zane
[2698] A Heroic Team → /pages/a-heroic-team
[2699] A walk in the woods → /pages/a-walk-in-the-woods
[2700] Abyss → /pages/abyss
[2701] Alyssya Swales → /pages/alyssya-swales
[2702] Anacondrai buggy → /pages/anacondrai-buggy
[2703] André Sogliuzzo → /pages/andré-sogliuzzo
[2704] Arctic → /pages/arctic
[2705] Argor Conclave → /pages/argor-conclave
[2706] Aspheera's rule over Ninjago → /pages/aspheeras-rule-over-ninjago
[2707] Attack of the Scroll Guardian → /pages/attack-of-the-scroll-guardian
[2708] Back at it!!!!!!!!!! → /pages/back-at-it
[2709] Back to Merlopia! → /pages/back-to-merlopia
[2710] Badaboom Dynamite → /pages/badaboom-dynamite
[2711] Baracis ninjagai → /pages/baracis-ninjagai
[2712] Battle! → /pages/battle
[2713] Battle at the Temple of Light → /pages/battle-at-the-temple-of-light
[2714] Battle for Ninjago City → /pages/battle-for-ninjago-city
[2715] Battle of Two Skies → /pages/battle-of-two-skies
[2716] Battle Ready! → /pages/battle-ready
[2717] Battle with a Dragon! → /pages/battle-with-a-dragon
[2718] Beatrix and Zeatrix's mother → /pages/beatrix-and-zeatrixs-mother
[2719] Ben Shephard → /pages/ben-shephard
[2720] Beneath the Surface → /pages/beneath-the-surface
[2721] Blade-Copter → /pages/blade-copter
[2722] Blast Sap → /pages/blast-sap
[2723] Blue Crystal → /pages/blue-crystal
[2724] Boo Lloyd → /pages/boo-lloyd-2
[2725] Brenda Crichlow → /pages/brenda-crichlow
[2726] Brickmaster Ninjago → /pages/brickmaster-ninjago
[2727] Brynna Drummond → /pages/brynna-drummond
[2728] Build and Stick: Dragons → /pages/build-and-stick-dragons
[2729] Business Woman's office → /pages/business-womans-office
[2730] Card 103 - Armoury (TCG S1) → /pages/card-103-armoury-tcg-s1
[2731] Card 110 - Surprise (TCG S1) → /pages/card-110-surprise-tcg-s1
[2732] Card 145 - Ultra Dragon (TCG S1) → /pages/card-145-ultra-dragon-tcg-s1
[2733] Card 173 - Overlord (TCG S1) → /pages/card-173-overlord-tcg-s1
[2734] Card 187 - Open Ring (TCG S1) → /pages/card-187-open-ring-tcg-s1
[2735] Card 188 - Firefighting (TCG S1) → /pages/card-188-firefighting-tcg-s1
[2736] Card 28 - Up for Grabs (Spinners) → /pages/card-28-up-for-grabs-spinners
[2737] Card 32 - Total Recall (Spinners) → /pages/card-32-total-recall-spinners
[2738] Card 35 - Elemental Shift (Spinners) → /pages/card-35-elemental-shift-spinners
[2739] Card 36 - Zen Strike (Spinners) → /pages/card-36-zen-strike-spinners
[2740] Card 40 - Quickswitch (Spinners) → /pages/card-40-quickswitch-spinners
[2741] Card 44 - Entrapment (Spinners) → /pages/card-44-entrapment-spinners
[2742] Card 47 - Jay & Cole (TCG S1) → /pages/card-47-jay-cole-tcg-s1
[2743] Card 48 - Kai & Lloyd (TCG S1) → /pages/card-48-kai-lloyd-tcg-s1
[2744] Card 49 - Jay & Zane (TCG S1) → /pages/card-49-jay-zane-tcg-s1
[2745] Card 50 - Wu & Garmadon (TCG S1) → /pages/card-50-wu-garmadon-tcg-s1
[2746] Card 52 - Card Freeze (Spinners) → /pages/card-52-card-freeze-spinners
[2747] Card 56 - Sonic Roar (Spinners) → /pages/card-56-sonic-roar-spinners
[2748] Card 63 - Sacrifice (Spinners) → /pages/card-63-sacrifice-spinners
[2749] Card 65 - Deflection (Spinners) → /pages/card-65-deflection-spinners
[2750] Card 66 - Impersonation (Spinners) → /pages/card-66-impersonation-spinners
[2751] Card 67 - Gravity Drop (Spinners) → /pages/card-67-gravity-drop-spinners
[2752] Card 68 - Evil Green Ninja (TCG S1) → /pages/card-68-evil-green-ninja-tcg-s1
[2753] Card 68 - Recovery (Spinners) → /pages/card-68-recovery-spinners
[2754] Card 69 - Ultra Evil Green Ninja (TCG S1) → /pages/card-69-ultra-evil-green-ninja-tcg-s1
[2755] Card 70 - Rock Block (Spinners) → /pages/card-70-rock-block-spinners
[2756] Card 71 - Endurance (Spinners) → /pages/card-71-endurance-spinners
[2757] Card 73 - Safeguard (Spinners) → /pages/card-73-safeguard-spinners
[2758] Card 74 - Higher Ground (Spinners) → /pages/card-74-higher-ground-spinners
[2759] Card 75 - Boulder Barrier (Spinners) → /pages/card-75-boulder-barrier-spinners
[2760] Card 76 - Storm Shield (Spinners) → /pages/card-76-storm-shield-spinners
[2761] Card 77 - Gold Smash (Spinners) → /pages/card-77-gold-smash-spinners
[2762] Card 78 - Cut'n'Run (Spinners) → /pages/card-78-cutnrun-spinners
[2763] Card 81 - Power Build (Spinners) → /pages/card-81-power-build-spinners
[2764] Card 94 - Ultra Overlord (TCG S1) → /pages/card-94-ultra-overlord-tcg-s1
[2765] Card XXL1 - Mighty Duo (TCG S9NL) → /pages/card-xxl1-mighty-duo-tcg-s9nl
[2766] Card ★4 - Force Field (Spinners) → /pages/card-4-force-field-spinners
[2767] Card ★9 - Sonic Roar (Spinners) → /pages/card-9-sonic-roar-spinners
[2768] Cauldron of Realms → /pages/cauldron-of-realms
[2769] Cave of Bells → /pages/cave-of-bells
[2770] Char's snake scepter → /pages/chars-snake-scepter
[2771] Character card (Spinners) → /pages/character-card-spinners
[2772] Charlie Schlatter → /pages/charlie-schlatter
[2773] Chen's camp → /pages/chens-camp
[2774] Chen's Chair → /pages/chens-chair
[2775] Chenosaurus → /pages/chenosaurus
[2776] Chest vortex → /pages/chest-vortex
[2777] Chi → /pages/chi
[2778] Chirp → /pages/chirp
[2779] Christopher Corey Smith → /pages/christopher-corey-smith
[2780] City of Temples' junkyard → /pages/city-of-temples-junkyard
[2781] Climber Mech → /pages/climber-mech
[2782] Cloud Kingdom skiffs → /pages/cloud-kingdom-skiffs
[2783] Clouse's stone mech → /pages/clouses-stone-mech
[2784] Clutch Powers: A Musical Life → /pages/clutch-powers-a-musical-life
[2785] Cole's relationships → /pages/coles-relationships
[2786] Conic the Ratboy → /pages/conic-the-ratboy
[2787] Copycat Criminals! → /pages/copycat-criminals
[2788] Counter Shot → /pages/counter-shot
[2789] Creation (The LEGO Ninjago Movie) → /pages/creation-the-lego-ninjago-movie
[2790] Crossed bones → /pages/crossed-bones
[2791] Crystal balls → /pages/crystal-balls
[2792] Crystal hovercraft → /pages/crystal-hovercraft
[2793] Culture of Ninjago → /pages/culture-of-ninjago
[2794] Cyrus Borg's parents → /pages/cyrus-borgs-parents
[2795] Dave Franco → /pages/dave-franco
[2796] David Raynolds → /pages/david-raynolds
FAIL 'de:Fabian Oscar Wien': {'code': 'invalidtitle', 'info': 'Bad title "de:Fabian Oscar Wien".', '*': 'See https://ninjago.fandom.com/api.php for API usage. Subscribe to the mediawiki-api-announce mailing list at &lt;https://lists.wikimedia.org/postorius/lists/mediawiki-api-announce.lists.wikimedia.org/&gt; for notice of API deprecations and breaking changes.'}
[2797] Dead Man's Squall (storm) → /pages/dead-mans-squall-storm
[2798] Debra → /pages/debra
[2799] Desert Lightning → /pages/desert-lightning
[2800] Desert to the Bone → /pages/desert-to-the-bone
[2801] Desperate measures → /pages/desperate-measures
[2802] Devonian (language) → /pages/devonian-language
[2803] Digger's Deep → /pages/diggers-deep
[2804] Digi-spear → /pages/digi-spear
[2805] Don't Rain on my Parade → /pages/dont-rain-on-my-parade
[2806] Dorama's staff → /pages/doramas-staff
[2807] Dorama's theater → /pages/doramas-theater
[2808] Doron Bell Jr. → /pages/doron-bell-jr
[2809] Doug Nicholas → /pages/doug-nicholas
[2810] Draconus Form → /pages/draconus-form
[2811] Dragon's Forge → /pages/dragons-forge
[2812] Dragon Day → /pages/dragon-day
[2813] Dragon Run → /pages/dragon-run
[2814] Dragon Tribe Celebration → /pages/dragon-tribe-celebration
[2815] Dragons Rising → /pages/dragons-rising
[2816] Dream World → /pages/dream-world
[2817] Edo period → /pages/edo-period
[2818] Elemental Master → /pages/elemental-master
[2819] Elemental Mech → /pages/elemental-mech
[2820] Ellen Kennedy → /pages/ellen-kennedy
[2821] Empress Beatrix → /pages/empress-beatrix
[2822] Escape from the Underworld! → /pages/escape-from-the-underworld
[2823] Face the Music! → /pages/face-the-music
[2824] Fang claws → /pages/fang-claws
[2825] Fighting Techniques → /pages/fighting-techniques
[2826] Fire Dragons (Realm of Oni and Dragons) → /pages/fire-dragons-realm-of-oni-and-dragons
[2827] Flying Lessons → /pages/flying-lessons
[2828] Focus medallion → /pages/focus-medallion
[2829] Foreign casts/Arabic → /pages/foreign-castsarabic
[2830] Foreign casts/Croatian → /pages/foreign-castscroatian
[2831] Form Dragon → /pages/form-dragon
[2832] Frak's family → /pages/fraks-family
[2833] Frak's parents → /pages/fraks-parents
[2834] Frak Slitherbottom → /pages/frak-slitherbottom
[2835] Frog man doll → /pages/frog-man-doll
[2836] Frogs, Bees and Dragon Hunters → /pages/frogs-bees-and-dragon-hunters
[2837] From Tadpole to Assistant Keeper of the Monastery: A Fateful Journey → /pages/from-tadpole-to-assistant-keeper-of-the-monastery-a-fateful-journey
[2838] Fulcrum Guardians → /pages/fulcrum-guardians
[2839] Gas station → /pages/gas-station
[2840] Ghost ship → /pages/ghost-ship
[2841] Glitch → /pages/glitch
[2842] Glop → /pages/glop
[2843] Glow-Worm → /pages/glow-worm
[2844] Golden Bone → /pages/golden-bone
[2845] Golden Double-Bladed Bone Axe → /pages/golden-double-bladed-bone-axe
[2846] Golden Heli-Chains → /pages/golden-heli-chains
[2847] Golden Pick Axe → /pages/golden-pick-axe
[2848] Grab-Barg's restaurant → /pages/grab-bargs-restaurant
[2849] Graveyard of ships → /pages/graveyard-of-ships
[2850] Gravity Dragon → /pages/gravity-dragon
[2851] Great Droids Think Alike → /pages/great-droids-think-alike
[2852] Greatest Battles (book) → /pages/greatest-battles-book
[2853] Green Ninja cycle → /pages/green-ninja-cycle
[2854] Groovy Whip → /pages/groovy-whip
[2855] Ham's shop → /pages/hams-shop
[2856] Haunted Hill → /pages/haunted-hill
[2857] Hayley Wolfe → /pages/hayley-wolfe
[2858] Heather Doerksen → /pages/heather-doerksen
[2859] Hollow's Bluff → /pages/hollows-bluff
[2860] Hollow's Trench → /pages/hollows-trench
[2861] Holy City of Domu → /pages/holy-city-of-domu
[2862] Hover-Copters → /pages/hover-copters
[2863] Hydroelectric Dragon → /pages/hydroelectric-dragon
[2864] Ice Dragons (Realm of Oni and Dragons) → /pages/ice-dragons-realm-of-oni-and-dragons
[2865] Ice Serpent → /pages/ice-serpent
[2866] Idol of Unity → /pages/idol-of-unity
[2867] Imperium Guard Commander → /pages/imperium-guard-commander
[2868] Imperium Sewers → /pages/imperium-sewers
[2869] Imperium Shoulder Pad Storage → /pages/imperium-shoulder-pad-storage
[2870] Island of Mystery! → /pages/island-of-mystery
[2871] Jackie Chan → /pages/jackie-chan
[2872] Jadeblade Scythe → /pages/jadeblade-scythe
[2873] Jalopy → /pages/jalopy
[2874] Jay's flail → /pages/jays-flail
[2875] Jay's relationships → /pages/jays-relationships
[2876] Jay's spiked flail → /pages/jays-spiked-flail
[2877] Jay Brazeau → /pages/jay-brazeau
[2878] Jim Conrad → /pages/jim-conrad
[2879] Jonesy → /pages/jonesy
[2880] Jungle insects' nest → /pages/jungle-insects-nest
[2881] Kai's fire sword → /pages/kais-fire-sword
[2882] Kai's machete → /pages/kais-machete
[2883] Kai's relationships → /pages/kais-relationships
[2884] Kai Fighter → /pages/kai-fighter
[2885] Kate Garraway → /pages/kate-garraway
[2886] Krux's relationships → /pages/kruxs-relationships
[2887] Layla → /pages/layla
[2888] Leaf Blade's necklace → /pages/leaf-blades-necklace
[2889] League of Jays → /pages/league-of-jays
[2890] LEGO Ninjago: The Adventure Continues → /pages/lego-ninjago-the-adventure-continues
[2891] LEGO Ninjago Character Collection → /pages/lego-ninjago-character-collection
[2892] LEGO Ninjago Ultimate Sticker Collection → /pages/lego-ninjago-ultimate-sticker-collection
[2893] LEGO Ninjago World Builder → /pages/lego-ninjago-world-builder
[2894] LEGO Worlds → /pages/lego-worlds
[2895] Lever Bonfire Festival → /pages/lever-bonfire-festival
[2896] Lightning-Tide Community Ceremony → /pages/lightning-tide-community-ceremony
[2897] Like Son, Like Father → /pages/like-son-like-father
[2898] List of catchphrases → /pages/list-of-catchphrases
[2899] Lloyd's relationships → /pages/lloyds-relationships
[2900] Lloyd Garmadon (The LEGO Ninjago Movie) → /pages/lloyd-garmadon-the-lego-ninjago-movie
[2901] Lobbo's Hats for Squirrels → /pages/lobbos-hats-for-squirrels
[2902] Lord Mogra → /pages/lord-mogra
[2903] Lunar rovers → /pages/lunar-rovers
[2904] M2Film → /pages/m2film
[2905] Machia's ship → /pages/machias-ship
[2906] Magic Mayhem! → /pages/magic-mayhem
[2907] Major Spear → /pages/major-spear
[2908] Maps to the Oni Mask of Hatred → /pages/maps-to-the-oni-mask-of-hatred
[2909] Marci T. House → /pages/marci-t-house
[2910] Meanwhile in the Crossroads → /pages/meanwhile-in-the-crossroads
[2911] Mech Catacombs Cemetery → /pages/mech-catacombs-cemetery
[2912] Mega Missions! → /pages/mega-missions
[2913] Merlopian → /pages/merlopian
[2914] Metal Dragon → /pages/metal-dragon
[2915] Michael Kramer → /pages/michael-kramer
[2916] Michael Strahan → /pages/michael-strahan
[2917] Mike the Spike → /pages/mike-the-spike
[2918] Mino Pit → /pages/mino-pit
[2919] Monster Attack! → /pages/monster-attack
[2920] Moppy → /pages/moppy
[2921] Mr. Koenig → /pages/mr-koenig
[2922] Mr. Oz → /pages/mr-oz
[2923] Murt (father) → /pages/murt-father
[2924] New Blood Ninja → /pages/new-blood-ninja
[2925] New Villains → /pages/new-villains-2
[2926] NGTV helicopter → /pages/ngtv-helicopter
[2927] Nikolaj Mårbjerg Severin → /pages/nikolaj-mårbjerg-severin
[2928] Nindroid Swarm → /pages/nindroid-swarm
[2929] Nindroids (disambiguation) → /pages/nindroids-disambiguation
[2930] Ninja chips → /pages/ninja-chips
[2931] Ninja in Dreamland! → /pages/ninja-in-dreamland-2
[2932] NinjaCopter → /pages/ninjacopter
[2933] Ninjago (LEGO Universe) → /pages/ninjago-lego-universe
[2934] Ninjago City's mayor → /pages/ninjago-citys-mayor
[2935] Ninjago Legends → /pages/ninjago-legends
[2936] Ninjago Magazine Issue 54 → /pages/ninjago-magazine-issue-54
[2937] Ninjanuity → /pages/ninjanuity
[2938] Nokt's sword → /pages/nokts-sword
[2939] Nya's bike → /pages/nyas-bike
[2940] Old Mograton → /pages/old-mograton
[2941] Open Sky Surgery → /pages/open-sky-surgery
[2942] Operation Heavy Metal: Raggmunk → /pages/operation-heavy-metal-raggmunk
[2943] Party toaster → /pages/party-toaster
[2944] Pie-baking contest → /pages/pie-baking-contest
[2945] Pixal Bots → /pages/pixal-bots
[2946] Poison Dragon → /pages/poison-dragon
[2947] Police Commissioner's model boat → /pages/police-commissioners-model-boat
[2948] Possession → /pages/possession
[2949] Prepare for Danger! → /pages/prepare-for-danger
[2950] Puppy-petting competition → /pages/puppy-petting-competition
[2951] Pyramid Payback → /pages/pyramid-payback
[2952] Pythor P. Chumsworth → /pages/pythor-p-chumsworth
[2953] Quad Bike → /pages/quad-bike
[2954] Queen Murtessa → /pages/queen-murtessa
[2955] Quill of Destiny (book series) → /pages/quill-of-destiny-book-series
[2956] Race Jet → /pages/race-jet
[2957] Ramen noodle cart → /pages/ramen-noodle-cart
[2958] Ras/History → /pages/rashistory
[2959] Rhona Rees → /pages/rhona-rees
[2960] Richard Ian Cox → /pages/richard-ian-cox
[2961] Ride Ninja → /pages/ride-ninja
[2962] Right on Target! → /pages/right-on-target
[2963] Rise of Ninjago → /pages/rise-of-ninjago
[2964] Robin Roberts → /pages/robin-roberts
[2965] Ronin's Mech → /pages/ronins-mech
[2966] Rontu's relationships → /pages/rontus-relationships
[2967] Route 23 → /pages/route-23
[2968] Ryan Beil → /pages/ryan-beil
[2969] Samurai X Rising → /pages/samurai-x-rising
[2970] Season 11 → /pages/season-11
[2971] Seaweed and tofu pancakes → /pages/seaweed-and-tofu-pancakes
[2972] Security Bots → /pages/security-bots
[2973] Self-Duplication → /pages/self-duplication
[2974] Serpentine book → /pages/serpentine-book
[2975] Shadow of Ronin → /pages/shadow-of-ronin
[2976] Shadow Temple → /pages/shadow-temple
[2977] Shadows (mini-movie) → /pages/shadows-mini-movie
[2978] Side Quest → /pages/side-quest
[2979] Silver Battle Mace → /pages/silver-battle-mace
[2980] Smad's House of Finery → /pages/smads-house-of-finery
[2981] Smith Daryll's Used Car Lot → /pages/smith-darylls-used-car-lot
[2982] Snake Mech → /pages/snake-mech
[2983] Snake strangler → /pages/snake-strangler
[2984] Sora's family → /pages/soras-family
[2985] Spatula from the Cursed Realm → /pages/spatula-from-the-cursed-realm
[2986] Spike blade → /pages/spike-blade
[2987] Spinjitzu Race Car → /pages/spinjitzu-race-car
[2988] Spirit smoke → /pages/spirit-smoke
[2989] Staff of the Dragons → /pages/staff-of-the-dragons
[2990] Stone Scout → /pages/stone-scout
[2991] Stone Warrior → /pages/stone-warrior
[2992] Street Race of Snake Jaguar → /pages/street-race-of-snake-jaguar
[2993] Strength banner → /pages/strength-banner
[2994] Struggling to Live → /pages/struggling-to-live
[2995] Super Bike → /pages/super-bike
[2996] Surprise → /pages/surprise
[2997] Sushi → /pages/sushi
[2998] Take the Spinjitzu Challenge! → /pages/take-the-spinjitzu-challenge
[2999] Temple of the Green Ninja → /pages/temple-of-the-green-ninja
[3000] Templegate Tigers → /pages/templegate-tigers
[3001] The Best Pets → /pages/the-best-pets
[3002] The Forest of the Spirits → /pages/the-forest-of-the-spirits
[3003] The Missing Piece → /pages/the-missing-piece
[3004] The Ninja need your help! → /pages/the-ninja-need-your-help
[3005] The Omega's staff → /pages/the-omegas-staff
[3006] The Overlord's relationships → /pages/the-overlords-relationships
[3007] The Search Goes On → /pages/the-search-goes-on
[3008] The Tower → /pages/the-tower
[3009] The Weekend Whip → /pages/the-weekend-whip
[3010] Time Vortex → /pages/time-vortex
[3011] Tour Ninjago → /pages/tour-ninjago
[3012] Tournament of Elements (book) → /pages/tournament-of-elements-book
[3013] Tournament quarters → /pages/tournament-quarters
[3014] Toxic Viper → /pages/toxic-viper
[3015] Travis Turner → /pages/travis-turner
[3016] Tree house hideout → /pages/tree-house-hideout
[3017] Troy Baker → /pages/troy-baker
[3018] Trylle Vilstrup → /pages/trylle-vilstrup
[3019] Tuna Gelatin → /pages/tuna-gelatin
[3020] Ultimate Bot Brawl! → /pages/ultimate-bot-brawl
[3021] Underworld Umbrella → /pages/underworld-umbrella
[3022] Unknown Elemental Master (Champion of the Sources) → /pages/unknown-elemental-master-champion-of-the-sources
[3023] Vengestone army → /pages/vengestone-army
[3024] Vermillion armor → /pages/vermillion-armor
[3025] Warrior Bikes → /pages/warrior-bikes
[3026] Wastelands → /pages/wastelands
[3027] Water Mech → /pages/water-mech
[3028] Who's Hiding in the Dark? → /pages/whos-hiding-in-the-dark
[3029] Who am I? → /pages/who-am-i
[3030] World of Ninjago: Official Guide → /pages/world-of-ninjago-official-guide
[3031] World Trees → /pages/world-trees
[3032] Wu's love letter → /pages/wus-love-letter
[3033] Wu's pocketwatch → /pages/wus-pocketwatch
[3034] Wu's temple → /pages/wus-temple
[3035] Wyldfyre's mech → /pages/wyldfyres-mech
[3036] Yeti cave → /pages/yeti-cave
[3037] Zach LeBlanc → /pages/zach-leblanc
[3038] Zane's Martial Arts Movie Club → /pages/zanes-martial-arts-movie-club
[3039] Zane's memorial → /pages/zanes-memorial
[3040] Zarkt's flail → /pages/zarkts-flail
[3041] Zion Simpson → /pages/zion-simpson
[3042] Znap Construction → /pages/znap-construction
[3043] 111901 Garmadon → /pages/111901-garmadon
[3044] 111902 Wu → /pages/111902-wu
[3045] 112007 Wu vs. Skulkin → /pages/112007-wu-vs-skulkin
[3046] 2010 → /pages/2010
[3047] 2013 → /pages/2013
[3048] 2024 → /pages/2024
[3049] 2173 Nuckal → /pages/2173-nuckal
[3050] 2516 Ninja Training Outpost → /pages/2516-ninja-training-outpost
[3051] 30081 Skeleton Chopper → /pages/30081-skeleton-chopper
[3052] 30082 Ninja Training → /pages/30082-ninja-training
[3053] 30083 Dragon Fight → /pages/30083-dragon-fight
[3054] 30087 Cole's ATV → /pages/30087-coles-atv
[3055] 30291 Anacondrai Battle Mech → /pages/30291-anacondrai-battle-mech
[3056] 30292 Jay's Nano Mech → /pages/30292-jays-nano-mech
[3057] 30293 Kai Drifter → /pages/30293-kai-drifter
[3058] 30422 Kai's Mini Dragon → /pages/30422-kais-mini-dragon
[3059] 30426 Stealthy Swamp Airboat → /pages/30426-stealthy-swamp-airboat
[3060] 30428 Green Ninja Mech Dragon → /pages/30428-green-ninja-mech-dragon
[3061] 30532 Turbo → /pages/30532-turbo
[3062] 30534 Ninja Workout → /pages/30534-ninja-workout
[3063] 30539 Lloyd's Quad Bike → /pages/30539-lloyds-quad-bike
[3064] 30593 Lloyd Suit Mech → /pages/30593-lloyd-suit-mech
[3065] 30608 Kendo Lloyd → /pages/30608-kendo-lloyd
[3066] 30609 Lloyd → /pages/30609-lloyd
[3067] 30699 Mini Ninja Combo Mech → /pages/30699-mini-ninja-combo-mech
[3068] 30723 Cole's Car → /pages/30723-coles-car
[3069] 41488 Master Wu → /pages/41488-master-wu
[3070] 471701 Lloyd → /pages/471701-lloyd
[3071] 5001358 LEGO Ninjago Lasha Kids' Watch → /pages/5001358-lego-ninjago-lasha-kids-watch
[3072] 5004129 Zane Minifigure Clock → /pages/5004129-zane-minifigure-clock
[3073] 5004393 Cole → /pages/5004393-cole
[3074] 5004394 Movie Maker → /pages/5004394-movie-maker
[3075] 5007024 Anniversary Box → /pages/5007024-anniversary-box
[3076] 70628 Lloyd Spinjitzu Master → /pages/70628-lloyd-spinjitzu-master
[3077] 70633 Kai Spinjitzu Master → /pages/70633-kai-spinjitzu-master
[3078] 70634 Nya Spinjitzu Master → /pages/70634-nya-spinjitzu-master
[3079] 70635 Jay Spinjitzu Master → /pages/70635-jay-spinjitzu-master
[3080] 70637 Cole Spinjitzu Master → /pages/70637-cole-spinjitzu-master
[3081] 70644 Golden Dragon Master → /pages/70644-golden-dragon-master
[3082] 70645 Cole - Dragon Master → /pages/70645-cole-dragon-master
[3083] 70646 Jay - Dragon Master → /pages/70646-jay-dragon-master
[3084] 70647 Kai - Dragon Master → /pages/70647-kai-dragon-master
[3085] 70659 Spinjitzu Kai → /pages/70659-spinjitzu-kai
[3086] 70660 Spinjitzu Jay → /pages/70660-spinjitzu-jay
[3087] 70662 Spinjitzu Cole → /pages/70662-spinjitzu-cole
[3088] 70682 Spinjitzu Slam - Jay → /pages/70682-spinjitzu-slam-jay
[3089] 70685 Spinjitzu Burst Cole → /pages/70685-spinjitzu-burst-cole
[3090] 70686 Spinjitzu Burst Kai → /pages/70686-spinjitzu-burst-kai
[3091] 70687 Spinjitzu Burst Lloyd → /pages/70687-spinjitzu-burst-lloyd
[3092] 70688 Kai's Spinjitzu Ninja Training → /pages/70688-kais-spinjitzu-ninja-training
[3093] 70689 Lloyd's Spinjitzu Ninja Training → /pages/70689-lloyds-spinjitzu-ninja-training
[3094] 70690 Jay's Spinjitzu Ninja Training → /pages/70690-jays-spinjitzu-ninja-training
[3095] 70739 Airjitzu Kai Flyer → /pages/70739-airjitzu-kai-flyer
[3096] 70740 Airjitzu Jay Flyer → /pages/70740-airjitzu-jay-flyer
[3097] 70741 Airjitzu Cole Flyer → /pages/70741-airjitzu-cole-flyer
[3098] 70743 Airjitzu Morro Flyer → /pages/70743-airjitzu-morro-flyer
[3099] 71215 Jay Fun Pack → /pages/71215-jay-fun-pack
[3100] 71216 Nya Fun Pack → /pages/71216-nya-fun-pack
[3101] 71217 Zane Fun Pack → /pages/71217-zane-fun-pack
[3102] 71234 Sensei Wu Fun Pack → /pages/71234-sensei-wu-fun-pack
[3103] 71239 Gold Ninja Fun Pack → /pages/71239-gold-ninja-fun-pack
[3104] 71700 Jungle Raider → /pages/71700-jungle-raider
[3105] 71714 Kai Avatar - Arcade Pod → /pages/71714-kai-avatar-arcade-pod
[3106] 71715 Jay Avatar - Arcade Pod → /pages/71715-jay-avatar-arcade-pod
[3107] 71740 Jay's Electro-Mech → /pages/71740-jays-electro-mech-2
[3108] 71777 Kai's Dragon Power Flip → /pages/71777-kais-dragon-power-flip
[3109] 71778 Nya's Dragon Power Drift → /pages/71778-nyas-dragon-power-drift
[3110] 71779 Lloyd's Dragon Power Spin → /pages/71779-lloyds-dragon-power-spin
[3111] 71780 Kai's Ninja Race Car EVO → /pages/71780-kais-ninja-race-car-evo
[3112] 71784 Jay's Lightning Jet EVO → /pages/71784-jays-lightning-jet-evo
[3113] 71821 Cole's Titan Dragon Mech → /pages/71821-coles-titan-dragon-mech
[3114] 71854 Cole's Mission Mech & Dragon Zane → /pages/71854-coles-mission-mech-dragon-zane
[3115] 850443 Venomari Warrior Key Chain → /pages/850443-venomari-warrior-key-chain
[3116] 853098 Jay Key Chain → /pages/853098-jay-key-chain
[3117] 853106 LEGO Ninjago Battle Arena → /pages/853106-lego-ninjago-battle-arena
[3118] 853111 Exclusive Weapon Training Set → /pages/853111-exclusive-weapon-training-set
[3119] 853694 Kai Keyring → /pages/853694-kai-keyring
[3120] 853696 Jay Keyring → /pages/853696-jay-keyring
[3121] 853697 Cole Keyring → /pages/853697-cole-keyring
[3122] 853698 Lloyd Key Chain → /pages/853698-lloyd-key-chain
[3123] 853747 Nya Mask → /pages/853747-nya-mask
[3124] 853751 Lloyd Mask → /pages/853751-lloyd-mask
[3125] 853758 Jay's Kendo Training Pod → /pages/853758-jays-kendo-training-pod
[3126] 853759 Cole's Kendo Training Pod → /pages/853759-coles-kendo-training-pod
[3127] 853899 Lloyd's Kendo Training Pod → /pages/853899-lloyds-kendo-training-pod
[3128] 853996 Jay Key Chain → /pages/853996-jay-key-chain
[3129] 891501 Kai → /pages/891501-kai
[3130] 891503 Cole → /pages/891503-cole
[3131] 891505 Jay → /pages/891505-jay
[3132] 891507 Zane → /pages/891507-zane
[3133] 891609 Kai → /pages/891609-kai
[3134] 891611 Cole → /pages/891611-cole
[3135] 891614 Cyren → /pages/891614-cyren
[3136] 891615 Jay → /pages/891615-jay
[3137] 891618 Ronin → /pages/891618-ronin
[3138] 891721 Jay → /pages/891721-jay
[3139] 891722 Cole → /pages/891722-cole
[3140] 891723 Kai → /pages/891723-kai
[3141] 891725 Lloyd → /pages/891725-lloyd
[3142] 891727 Cole → /pages/891727-cole
[3143] 891729 Kai → /pages/891729-kai
[3144] 891730 Nindroid → /pages/891730-nindroid
[3145] 891833 Jay → /pages/891833-jay
[3146] 891834 Spinjitzu Lloyd → /pages/891834-spinjitzu-lloyd
[3147] 891837 Nya → /pages/891837-nya
[3148] 891839 Cole → /pages/891839-cole
[3149] 891842 Kai → /pages/891842-kai
[3150] 891945 Young Wu → /pages/891945-young-wu
[3151] 891946 Jay → /pages/891946-jay
[3152] 891947 Heavy Metal → /pages/891947-heavy-metal
[3153] 891949 Lloyd → /pages/891949-lloyd
[3154] 891951 Nya → /pages/891951-nya
[3155] 891953 Cole → /pages/891953-cole
[3156] 891955 Kai → /pages/891955-kai
[3157] 891958 Jay → /pages/891958-jay
[3158] 892059 Kai → /pages/892059-kai
[3159] 892060 Lloyd → /pages/892060-lloyd
[3160] 892062 Cole → /pages/892062-cole
[3161] 892063 Nya → /pages/892063-nya
[3162] 892064 Jay → /pages/892064-jay
[3163] 892066 Lloyd → /pages/892066-lloyd
[3164] 892067 Kai → /pages/892067-kai
[3165] 892069 Jay → /pages/892069-jay
[3166] 892071 Cole → /pages/892071-cole
[3167] 892172 Lloyd → /pages/892172-lloyd
[3168] 892175 Jay → /pages/892175-jay
[3169] 892177 Kai → /pages/892177-kai
[3170] 892179 Lloyd → /pages/892179-lloyd
[3171] 892180 Cole → /pages/892180-cole
[3172] 892181 Jay → /pages/892181-jay
[3173] 892183 Nya → /pages/892183-nya
[3174] 892184 Kai → /pages/892184-kai
[3175] 892286 Lloyd → /pages/892286-lloyd
[3176] 892289 Jay → /pages/892289-jay
[3177] 892290 Cole → /pages/892290-cole
[3178] 892291 Golden Dragon Kai → /pages/892291-golden-dragon-kai
[3179] 892292 Lloyd → /pages/892292-lloyd
[3180] 892295 Cole → /pages/892295-cole
[3181] 892297 Golden Oni Lloyd → /pages/892297-golden-oni-lloyd
[3182] 892302 Golden Dragon Jay → /pages/892302-golden-dragon-jay
[3183] 892304 Golden Dragon Cole → /pages/892304-golden-dragon-cole
[3184] 892308 Kai → /pages/892308-kai
[3185] 892310 Arin → /pages/892310-arin
[3186] 892313 Lloyd → /pages/892313-lloyd
[3187] 892403 Jay → /pages/892403-jay
[3188] 892405 Kai → /pages/892405-kai
[3189] 892406 Lloyd → /pages/892406-lloyd
[3190] 892408 Cole → /pages/892408-cole
[3191] 892412 Nya → /pages/892412-nya
[3192] 892413 Jay → /pages/892413-jay
[3193] 892501 Lloyd → /pages/892501-lloyd
[3194] 892505 Zane → /pages/892505-zane
[3195] 892506 Arin → /pages/892506-arin
[3196] 892507 Kai → /pages/892507-kai
[3197] 892508 Lloyd → /pages/892508-lloyd
[3198] 892511 Kai → /pages/892511-kai
[3199] 892512 Cole → /pages/892512-cole
[3200] 892515 Kur → /pages/892515-kur
[3201] 9004919 LEGO Ninjago Snappa Watch → /pages/9004919-lego-ninjago-snappa-watch
[3202] 9005251 Fang-Suei Minifigure Clock → /pages/9005251-fang-suei-minifigure-clock
[3203] 9005275 Jay ZX Minifigure Clock → /pages/9005275-jay-zx-minifigure-clock
[3204] 9006845 LEGO Ninjago Jay ZX Watch → /pages/9006845-lego-ninjago-jay-zx-watch
[3205] 9551 Kendo Cole → /pages/9551-kendo-cole
[3206] 9558 Training Set → /pages/9558-training-set
[3207] 9561 Kai ZX → /pages/9561-kai-zx
[3208] 9566 Samurai X → /pages/9566-samurai-x
[3209] 9572 NRG Cole → /pages/9572-nrg-cole
[3210] 9574 Lloyd ZX → /pages/9574-lloyd-zx
[3211] A bird? A plane? …oh a dragon?! → /pages/a-bird-a-plane-oh-a-dragon
[3212] Abbi Jacobson → /pages/abbi-jacobson
[3213] Acronix's relationships → /pages/acronixs-relationships
[3214] Administration Agent → /pages/administration-agent
[3215] Agents All Around! → /pages/agents-all-around
[3216] Alert! → /pages/alert
[3217] Ali Wong → /pages/ali-wong
[3218] All Tied Up! → /pages/all-tied-up
[3219] Altar of the Seven Sources → /pages/altar-of-the-seven-sources
[3220] Anacondrai Battle Mechs → /pages/anacondrai-battle-mechs
[3221] Anacondrai Blade → /pages/anacondrai-blade
[3222] Anacondrai buggies → /pages/anacondrai-buggies
[3223] Andrea Libman → /pages/andrea-libman
[3224] Arc Dragon of the Life Tribe → /pages/arc-dragon-of-the-life-tribe
[3225] Arrakore's sanctum → /pages/arrakores-sanctum
[3226] Arrivals, Discoveries and... chickens... → /pages/arrivals-discoveries-and-chickens
[3227] Art yard → /pages/art-yard
[3228] Aspheera's relationships → /pages/aspheeras-relationships
[3229] Aspheera Rises! → /pages/aspheera-rises
[3230] Attack gliders → /pages/attack-gliders
[3231] Awakening of the Ninja → /pages/awakening-of-the-ninja
[3232] Babysitting the hard way! → /pages/babysitting-the-hard-way
[3233] Balance (disambiguation) → /pages/balance-disambiguation
[3234] Balance banner → /pages/balance-banner
[3235] Bite Cycles → /pages/bite-cycles
[3236] Blacksmith → /pages/blacksmith
[3237] Boa Destructor → /pages/boa-destructor
[3238] Bobby Lee → /pages/bobby-lee
[3239] Bone Scorpio → /pages/bone-scorpio
[3240] Bone Scythe → /pages/bone-scythe
[3241] Bone shurikens → /pages/bone-shurikens
[3242] Bone Tournament → /pages/bone-tournament
[3243] Bonsai → /pages/bonsai
[3244] Bonzle/Gallery → /pages/bonzlegallery
[3245] Book of Adventure → /pages/book-of-adventure
[3246] Book of Adventures (2022) → /pages/book-of-adventures-2022
[3247] Book of Adventures (2024) → /pages/book-of-adventures-2024
[3248] Book of Adventures (2025) → /pages/book-of-adventures-2025
[3249] Book of Secrets → /pages/book-of-secrets
[3250] Boomerang Sword → /pages/boomerang-sword
[3251] Booster Packs → /pages/booster-packs
[3252] Borg's Sufficient Nutrient Wafers → /pages/borgs-sufficient-nutrient-wafers
[3253] Borg Industries blimp → /pages/borg-industries-blimp
[3254] Borg Industries Bowels → /pages/borg-industries-bowels
[3255] Bow → /pages/bow
[3256] Bowie Knives → /pages/bowie-knives
[3257] Brayden Nelson → /pages/brayden-nelson
[3258] Caleb Skeris → /pages/caleb-skeris
[3259] Can You Dig It? → /pages/can-you-dig-it
[3260] Cannon Beach → /pages/cannon-beach
[3261] Captain Soto's journal → /pages/captain-sotos-journal
[3262] Card 101 - Meditation (TCG S1) → /pages/card-101-meditation-tcg-s1
[3263] Card 102 - Red Card (TCG S1) → /pages/card-102-red-card-tcg-s1
[3264] Card 104 - Venom (TCG S1) → /pages/card-104-venom-tcg-s1
[3265] Card 105 - Quicksand (TCG S1) → /pages/card-105-quicksand-tcg-s1
[3266] Card 106 - Trap (TCG S1) → /pages/card-106-trap-tcg-s1
[3267] Card 108 - Raging Yak (TCG S1) → /pages/card-108-raging-yak-tcg-s1
[3268] Card 109 - Boomerang (TCG S1) → /pages/card-109-boomerang-tcg-s1
[3269] Card 10 - Titanium Zane (TCG S1) → /pages/card-10-titanium-zane-tcg-s1
[3270] Card 10 - Zane DX (Spinners) → /pages/card-10-zane-dx-spinners
[3271] Card 111 - Poisoned (TCG S1) → /pages/card-111-poisoned-tcg-s1
[3272] Card 11 - Wyplash (Spinners) → /pages/card-11-wyplash-spinners
[3273] Card 11 - Zane (TCG S1) → /pages/card-11-zane-tcg-s1
[3274] Card 120 - Ghost Attack (TCG S1) → /pages/card-120-ghost-attack-tcg-s1
[3275] Card 125 - Masterplan (TCG S1) → /pages/card-125-masterplan-tcg-s1
[3276] Card 126 - Snowblind (TCG S1) → /pages/card-126-snowblind-tcg-s1
[3277] Card 127 - Refreshment (TCG S1) → /pages/card-127-refreshment-tcg-s1
[3278] Card 129 - Inner Peace (TCG S1) → /pages/card-129-inner-peace-tcg-s1
[3279] Card 12 - Cole (Spinners) → /pages/card-12-cole-spinners
[3280] Card 12 - Ultra Zane (TCG S1) → /pages/card-12-ultra-zane-tcg-s1
[3281] Card 130 - Tea Time (TCG S1) → /pages/card-130-tea-time-tcg-s1
[3282] Card 131 - Four Elements (TCG S1) → /pages/card-131-four-elements-tcg-s1
[3283] Card 132 - Chill Charge (TCG S1) → /pages/card-132-chill-charge-tcg-s1
[3284] Card 133 - Burst of Rage (TCG S1) → /pages/card-133-burst-of-rage-tcg-s1
[3285] Card 134 - Energy Bound (TCG S1) → /pages/card-134-energy-bound-tcg-s1
[3286] Card 135 - Choose your Weapon (TCG S1) → /pages/card-135-choose-your-weapon-tcg-s1
[3287] Card 136 - Fire Storm (TCG S1) → /pages/card-136-fire-storm-tcg-s1
[3288] Card 137 - Energy Blast (TCG S1) → /pages/card-137-energy-blast-tcg-s1
[3289] Card 138 - Spinjitzu Fail (TCG S1) → /pages/card-138-spinjitzu-fail-tcg-s1
[3290] Card 139 - Surrender (TCG S1) → /pages/card-139-surrender-tcg-s1
[3291] Card 13 - Chopov (Spinners) → /pages/card-13-chopov-spinners
[3292] Card 13 - Jay (TCG S1) → /pages/card-13-jay-tcg-s1
[3293] Card 140 - Backflip (TCG S1) → /pages/card-140-backflip-tcg-s1
[3294] Card 143 - Electro Mech (TCG S1) → /pages/card-143-electro-mech-tcg-s1
[3295] Card 144 - Golden Dragon (TCG S1) → /pages/card-144-golden-dragon-tcg-s1
[3296] Card 146 - Jay's Elemental Dragon (TCG S1) → /pages/card-146-jays-elemental-dragon-tcg-s1
[3297] Card 147 - Blaster Bike (TCG S1) → /pages/card-147-blaster-bike-tcg-s1
[3298] Card 148 - Ninjago DB X (TCG S1) → /pages/card-148-ninjago-db-x-tcg-s1
[3299] Card 149 - Boulder Blaster (TCG S1) → /pages/card-149-boulder-blaster-tcg-s1
[3300] Card 14 - Cole DX (Spinners) → /pages/card-14-cole-dx-spinners
[3301] Card 14 - Jay ZX (TCG S1) → /pages/card-14-jay-zx-tcg-s1
[3302] Card 150 - Titan Mech (TCG S1) → /pages/card-150-titan-mech-tcg-s1
[3303] Card 152 - Ronin R.E.X. (TCG S1) → /pages/card-152-ronin-rex-tcg-s1
[3304] Card 153 - Jay Walker One (TCG S1) → /pages/card-153-jay-walker-one-tcg-s1
[3305] Card 154 - Samurai Mech (TCG S1) → /pages/card-154-samurai-mech-tcg-s1
[3306] Card 15 - Kruncha (Spinners) → /pages/card-15-kruncha-spinners
[3307] Card 15 - Techno Jay (TCG S1) → /pages/card-15-techno-jay-tcg-s1
[3308] Card 169 - Nadakhan (TCG S1) → /pages/card-169-nadakhan-tcg-s1
[3309] Card 16 - Jay (TCG S1) → /pages/card-16-jay-tcg-s1
[3310] Card 16 - Sensei Wu (Spinners) → /pages/card-16-sensei-wu-spinners
[3311] Card 170 - Garmadon (TCG S1) → /pages/card-170-garmadon-tcg-s1
[3312] Card 171 - Master Chen (TCG S1) → /pages/card-171-master-chen-tcg-s1
[3313] Card 172 - Pythor (TCG S1) → /pages/card-172-pythor-tcg-s1
[3314] Card 174 - Morro (TCG S1) → /pages/card-174-morro-tcg-s1
[3315] Card 175 - Spinjitzu Kai (TCG S1) → /pages/card-175-spinjitzu-kai-tcg-s1
[3316] Card 176 - Spinjitzu Zane (TCG S1) → /pages/card-176-spinjitzu-zane-tcg-s1
[3317] Card 177 - Spinjitzu Jay (TCG S1) → /pages/card-177-spinjitzu-jay-tcg-s1
[3318] Card 178 - Spinjitzu Cole (TCG S1) → /pages/card-178-spinjitzu-cole-tcg-s1
[3319] Card 179 - Spinjitzu Lloyd (TCG S1) → /pages/card-179-spinjitzu-lloyd-tcg-s1
[3320] Card 17 - Garmadon (Spinners) → /pages/card-17-garmadon-spinners
[3321] Card 17 - Jay (TCG S1) → /pages/card-17-jay-tcg-s1
[3322] Card 181 - Ultra Cole: Scythe of Quakes (TCG S1) → /pages/card-181-ultra-cole-scythe-of-quakes-tcg-s1
[3323] Card 182 - Ultra Kai: Sword of Fire (TCG S1) → /pages/card-182-ultra-kai-sword-of-fire-tcg-s1
[3324] Card 183 - Ultra Zane: Shurikens of Ice (TCG S1) → /pages/card-183-ultra-zane-shurikens-of-ice-tcg-s1
[3325] Card 184 - Ultra Jay: Nunchucks of Lightning (TCG S1) → /pages/card-184-ultra-jay-nunchucks-of-lightning-tcg-s1
[3326] Card 185 - Captain Soto (TCG S1) → /pages/card-185-captain-soto-tcg-s1
[3327] Card 186 - Bucko (TCG S1) → /pages/card-186-bucko-tcg-s1
[3328] Card 189 - Cole's Dragon (TCG S1) → /pages/card-189-coles-dragon-tcg-s1
[3329] Card 18 - Smoke Screen (Spinners) → /pages/card-18-smoke-screen-spinners
[3330] Card 18 - Ultra Jay (TCG S1) → /pages/card-18-ultra-jay-tcg-s1
[3331] Card 190 - Lloyd's Booster Jet (TCG S1) → /pages/card-190-lloyds-booster-jet-tcg-s1
[3332] Card 19 - Cole (TCG S1) → /pages/card-19-cole-tcg-s1
[3333] Card 1 - Kai (Spinners) → /pages/card-1-kai-spinners
[3334] Card 1 - Kai (TCG S1) → /pages/card-1-kai-tcg-s1
[3335] Card 20 - Cole ZX (TCG S1) → /pages/card-20-cole-zx-tcg-s1
[3336] Card 21 - Power Up (Spinners) → /pages/card-21-power-up-spinners
[3337] Card 21 - Techno Cole (TCG S1) → /pages/card-21-techno-cole-tcg-s1
[3338] Card 22 - Cole (TCG S1) → /pages/card-22-cole-tcg-s1
[3339] Card 22 - Weapon Force (Spinners) → /pages/card-22-weapon-force-spinners
[3340] Card 23 - Cole (TCG S1) → /pages/card-23-cole-tcg-s1
[3341] Card 24 - Slithraa (Spinners) → /pages/card-24-slithraa-spinners
[3342] Card 24 - Ultra Cole (TCG S1) → /pages/card-24-ultra-cole-tcg-s1
[3343] Card 25 - Head Spin (Spinners) → /pages/card-25-head-spin-spinners
[3344] Card 25 - Lloyd (TCG S1) → /pages/card-25-lloyd-tcg-s1
[3345] Card 26 - Lloyd (TCG S1) → /pages/card-26-lloyd-tcg-s1
[3346] Card 26 - Power Drain (Spinners) → /pages/card-26-power-drain-spinners
[3347] Card 27 - Golden Ninja (TCG S1) → /pages/card-27-golden-ninja-tcg-s1
[3348] Card 27 - Power Up (Spinners) → /pages/card-27-power-up-spinners
[3349] Card 28 - Techno Lloyd (TCG S1) → /pages/card-28-techno-lloyd-tcg-s1
[3350] Card 29 - Backdraft (Spinners) → /pages/card-29-backdraft-spinners
[3351] Card 29 - Lloyd (TCG S1) → /pages/card-29-lloyd-tcg-s1
[3352] Card 2 - Kai ZX (TCG S1) → /pages/card-2-kai-zx-tcg-s1
[3353] Card 2 - Nya (Spinners) → /pages/card-2-nya-spinners
[3354] Card 30 - Inferno (Spinners) → /pages/card-30-inferno-spinners
[3355] Card 30 - Lloyd (TCG S1) → /pages/card-30-lloyd-tcg-s1
[3356] Card 31 - Meditate (Spinners) → /pages/card-31-meditate-spinners
[3357] Card 31 - Ultra Lloyd (TCG S1) → /pages/card-31-ultra-lloyd-tcg-s1
[3358] Card 32 - Master Wu (TCG S1) → /pages/card-32-master-wu-tcg-s1
[3359] Card 33 - Hurricane (Spinners) → /pages/card-33-hurricane-spinners
[3360] Card 33 - Master Wu (TCG S1) → /pages/card-33-master-wu-tcg-s1
[3361] Card 34 - Misako (TCG S1) → /pages/card-34-misako-tcg-s1
[3362] Card 35 - Nya (TCG S1) → /pages/card-35-nya-tcg-s1
[3363] Card 36 - Samurai X (TCG S1) → /pages/card-36-samurai-x-tcg-s1
[3364] Card 37 - Samurai X (TCG S1) → /pages/card-37-samurai-x-tcg-s1
[3365] Card 38 - Nya (TCG S1) → /pages/card-38-nya-tcg-s1
[3366] Card 38 - Shaky Bones (Spinners) → /pages/card-38-shaky-bones-spinners
[3367] Card 39 - Nya (TCG S1) → /pages/card-39-nya-tcg-s1
[3368] Card 3 - Kai DX (Spinners) → /pages/card-3-kai-dx-spinners
[3369] Card 3 - Techno Kai (TCG S1) → /pages/card-3-techno-kai-tcg-s1
[3370] Card 40 - Master Garmadon (TCG S1) → /pages/card-40-master-garmadon-tcg-s1
[3371] Card 41 - Ronin (TCG S1) → /pages/card-41-ronin-tcg-s1
[3372] Card 42 - Dareth (TCG S1) → /pages/card-42-dareth-tcg-s1
[3373] Card 43 - Limbo (Spinners) → /pages/card-43-limbo-spinners
[3374] Card 43 - Skylor (TCG S1) → /pages/card-43-skylor-tcg-s1
[3375] Card 44 - Skylor (TCG S1) → /pages/card-44-skylor-tcg-s1
[3376] Card 45 - Force Field (Spinners) → /pages/card-45-force-field-spinners
[3377] Card 45 - Karlof (TCG S1) → /pages/card-45-karlof-tcg-s1
[3378] Card 46 - Griffin Turner (TCG S1) → /pages/card-46-griffin-turner-tcg-s1
[3379] Card 4 - Frakjaw (Spinners) → /pages/card-4-frakjaw-spinners
[3380] Card 4 - Kai (TCG S1) → /pages/card-4-kai-tcg-s1
[3381] Card 50 - Double Trouble (Spinners) → /pages/card-50-double-trouble-spinners
[3382] Card 51 - Garmadon (TCG S1) → /pages/card-51-garmadon-tcg-s1
[3383] Card 52 - Ultra Garmadon (TCG S1) → /pages/card-52-ultra-garmadon-tcg-s1
[3384] Card 53 - Eyezor (TCG S1) → /pages/card-53-eyezor-tcg-s1
[3385] Card 54 - Snow Surfing (Spinners) → /pages/card-54-snow-surfing-spinners
[3386] Card 54 - Zugu (TCG S1) → /pages/card-54-zugu-tcg-s1
[3387] Card 55 - Krait (TCG S1) → /pages/card-55-krait-tcg-s1
[3388] Card 55 - Pick'n'Choose (Spinners) → /pages/card-55-picknchoose-spinners
[3389] Card 56 - Kapau (TCG S1) → /pages/card-56-kapau-tcg-s1
[3390] Card 57 - Chain Crazy (Spinners) → /pages/card-57-chain-crazy-spinners
[3391] Card 57 - Chope (TCG S1) → /pages/card-57-chope-tcg-s1
[3392] Card 58 - Sleven (TCG S1) → /pages/card-58-sleven-tcg-s1
[3393] Card 59 - Chop'rai (TCG S1) → /pages/card-59-choprai-tcg-s1
[3394] Card 59 - Snow Surfing (Spinners) → /pages/card-59-snow-surfing-spinners
[3395] Card 5 - Jay (Spinners) → /pages/card-5-jay-spinners
[3396] Card 5 - Kai (TCG S1) → /pages/card-5-kai-tcg-s1
[3397] Card 60 - Kapau'rai (TCG S1) → /pages/card-60-kapaurai-tcg-s1
[3398] Card 60 - Stand Tough (Spinners) → /pages/card-60-stand-tough-spinners
[3399] Card 61 - Freeze Ray (Spinners) → /pages/card-61-freeze-ray-spinners
[3400] Card 61 - Pythor (TCG S1) → /pages/card-61-pythor-tcg-s1
[3401] Card 62 - Ice Shield (Spinners) → /pages/card-62-ice-shield-spinners
[3402] Card 62 - Master Chen (TCG S1) → /pages/card-62-master-chen-tcg-s1
[3403] Card 63 - Ultra Master Chen (TCG S1) → /pages/card-63-ultra-master-chen-tcg-s1
[3404] Card 64 - Clouse (TCG S1) → /pages/card-64-clouse-tcg-s1
[3405] Card 64 - Trade Off (Spinners) → /pages/card-64-trade-off-spinners
[3406] Card 65 - Morro (TCG S1) → /pages/card-65-morro-tcg-s1
[3407] Card 66 - Cowler (TCG S1) → /pages/card-66-cowler-tcg-s1
[3408] Card 67 - Bansha (TCG S1) → /pages/card-67-bansha-tcg-s1
[3409] Card 69 - Off Balance (Spinners) → /pages/card-69-off-balance-spinners
[3410] Card 6 - Krazi (Spinners) → /pages/card-6-krazi-spinners
[3411] Card 6 - Ultra Kai (TCG S1) → /pages/card-6-ultra-kai-tcg-s1
[3412] Card 70 - Ghoultar (TCG S1) → /pages/card-70-ghoultar-tcg-s1
[3413] Card 71 - Soul Archer (TCG S1) → /pages/card-71-soul-archer-tcg-s1
[3414] Card 72 - Reckless (Spinners) → /pages/card-72-reckless-spinners
[3415] Card 72 - Wrayth (TCG S1) → /pages/card-72-wrayth-tcg-s1
[3416] Card 73 - Ming (TCG S1) → /pages/card-73-ming-tcg-s1
[3417] Card 74 - Nadakhan (TCG S1) → /pages/card-74-nadakhan-tcg-s1
[3418] Card 75 - Ultra Nadakhan (TCG S1) → /pages/card-75-ultra-nadakhan-tcg-s1
[3419] Card 76 - Doubloon (TCG S1) → /pages/card-76-doubloon-tcg-s1
[3420] Card 77 - Flintlocke (TCG S1) → /pages/card-77-flintlocke-tcg-s1
[3421] Card 78 - Clancee (TCG S1) → /pages/card-78-clancee-tcg-s1
[3422] Card 79 - Shadow Sphere (Spinners) → /pages/card-79-shadow-sphere-spinners
[3423] Card 79 - Sqiffy (TCG S1) → /pages/card-79-sqiffy-tcg-s1
[3424] Card 7 - Nuckal (Spinners) → /pages/card-7-nuckal-spinners
[3425] Card 7 - Zane (TCG S1) → /pages/card-7-zane-tcg-s1
[3426] Card 80 - Monkey Wretch (TCG S1) → /pages/card-80-monkey-wretch-tcg-s1
[3427] Card 80 - Weapon Frenzy (Spinners) → /pages/card-80-weapon-frenzy-spinners
[3428] Card 81 - Dogshank (TCG S1) → /pages/card-81-dogshank-tcg-s1
[3429] Card 82 - Snappa (TCG S1) → /pages/card-82-snappa-tcg-s1
[3430] Card 83 - Mezmo (TCG S1) → /pages/card-83-mezmo-tcg-s1
[3431] Card 84 - Lizaru (TCG S1) → /pages/card-84-lizaru-tcg-s1
[3432] Card 85 - Fangdam (TCG S1) → /pages/card-85-fangdam-tcg-s1
[3433] Card 86 - Lasha (TCG S1) → /pages/card-86-lasha-tcg-s1
[3434] Card 87 - Slithraa (TCG S1) → /pages/card-87-slithraa-tcg-s1
[3435] Card 88 - Pythor (TCG S1) → /pages/card-88-pythor-tcg-s1
[3436] Card 89 - Rattla (TCG S1) → /pages/card-89-rattla-tcg-s1
[3437] Card 8 - Zane (Spinners) → /pages/card-8-zane-spinners
[3438] Card 8 - Zane ZX (TCG S1) → /pages/card-8-zane-zx-tcg-s1
[3439] Card 90 - Techno Wu (TCG S1) → /pages/card-90-techno-wu-tcg-s1
[3440] Card 91 - Nindroid (TCG S1) → /pages/card-91-nindroid-tcg-s1
[3441] Card 92 - Nindroid (TCG S1) → /pages/card-92-nindroid-tcg-s1
[3442] Card 93 - General Kozu (TCG S1) → /pages/card-93-general-kozu-tcg-s1
[3443] Card 95 - Cyrus Borg (TCG S1) → /pages/card-95-cyrus-borg-tcg-s1
[3444] Card 98 - Team Nindroids (TCG S1) → /pages/card-98-team-nindroids-tcg-s1
[3445] Card 9 - Bonezai (Spinners) → /pages/card-9-bonezai-spinners
[3446] Card 9 - Techno Zane (TCG S1) → /pages/card-9-techno-zane-tcg-s1
[3447] Card LE10 - Evil Wu (TCG S1) → /pages/card-le10-evil-wu-tcg-s1
[3448] Card LE1 - NRG Kai (TCG S1) → /pages/card-le1-nrg-kai-tcg-s1
[3449] Card LE2 - NRG Zane (TCG S1) → /pages/card-le2-nrg-zane-tcg-s1
[3450] Card LE3 - NRG Jay (TCG S1) → /pages/card-le3-nrg-jay-tcg-s1
[3451] Card LE4 - NRG Cole (TCG S1) → /pages/card-le4-nrg-cole-tcg-s1
[3452] Card LE5 - Golden Ninja (TCG S1) → /pages/card-le5-golden-ninja-tcg-s1
[3453] Card ★1 - Sensei Wu (Spinners) → /pages/card-1-sensei-wu-spinners
[3454] Card ★2 - Kai (Spinners) → /pages/card-2-kai-spinners
[3455] Card ★3 - Krazi (Spinners) → /pages/card-3-krazi-spinners
[3456] Card ★5 - Off Balance (Spinners) → /pages/card-5-off-balance-spinners
[3457] Card ★7 - Sensei Wu (Spinners) → /pages/card-7-sensei-wu-spinners
[3458] Card ★8 - Garmadon (Spinners) → /pages/card-8-garmadon-spinners
[3459] Carridi → /pages/carridi
[3460] Cartoon Network → /pages/cartoon-network
[3461] Category talk:Candidates for deletion → /pages/category-talkcandidates-for-deletion
[3462] Cathy Weseluck → /pages/cathy-weseluck
[3463] Ceremonial staff → /pages/ceremonial-staff
[3464] Character Card → /pages/character-card
[3465] Charles Demers → /pages/charles-demers
[3466] Chen's amulet → /pages/chens-amulet
[3467] Chen's Coliseum → /pages/chens-coliseum
[3468] Chen's relationships → /pages/chens-relationships
[3469] Chen’s Return → /pages/chens-return-2
[3470] Chicken → /pages/chicken
[3471] Chief Mammatus → /pages/chief-mammatus
[3472] Choose Your Ninja Mission → /pages/choose-your-ninja-mission
[3473] Chris Hardwick → /pages/chris-hardwick
[3474] Chris McKay → /pages/chris-mckay
[3475] Chris Wyatt → /pages/chris-wyatt
[3476] Christopher Lee → /pages/christopher-lee
[3477] Chrono Crater → /pages/chrono-crater
[3478] Cinder's relationships → /pages/cinders-relationships
[3479] Clash & Scribble! → /pages/clash-scribble
[3480] Claw whip → /pages/claw-whip
[3481] Clay St. Thomas → /pages/clay-st-thomas
[3482] Clearstone → /pages/clearstone
[3483] Close the Circle → /pages/close-the-circle
[3484] Clouse's relationships → /pages/clouses-relationships
[3485] Coastal village → /pages/coastal-village
[3486] Cobra Mechanic → /pages/cobra-mechanic
[3487] Cole's magic hammer → /pages/coles-magic-hammer
[3488] Cole/Gallery → /pages/colegallery
[3489] Condensed evil → /pages/condensed-evil
[3490] Conflict on the uncharted island → /pages/conflict-on-the-uncharted-island
[3491] Constance Wu → /pages/constance-wu
[3492] Constrictai Double-Headed Axe → /pages/constrictai-double-headed-axe
[3493] Counter → /pages/counter
[3494] Courage banner → /pages/courage-banner
[3495] Court of Ninjago → /pages/court-of-ninjago
[3496] Creatures Beasts & Beyond → /pages/creatures-beasts-beyond
[3497] Crossbow ballista → /pages/crossbow-ballista
[3498] Crossroads Crosstalk → /pages/crossroads-crosstalk-2
[3499] Crossroads noodle cook-off → /pages/crossroads-noodle-cook-off
[3500] Crown of Horns → /pages/crown-of-horns
[3501] Cycles → /pages/cycles
[3502] Cyrus Borg's private helicopter → /pages/cyrus-borgs-private-helicopter
[3503] Cyrus Borg's relationships → /pages/cyrus-borgs-relationships
[3504] Daidan's eggs → /pages/daidans-eggs
[3505] Daidan's nest → /pages/daidans-nest
[3506] Danger: Dieselnaut! → /pages/danger-dieselnaut
[3507] Daniel Doheny → /pages/daniel-doheny
[3508] Dareth's relationships → /pages/dareths-relationships
[3509] Dark Blade → /pages/dark-blade
[3510] Dark Mechs → /pages/dark-mechs
[3511] Dark Talons → /pages/dark-talons
[3512] Dave Pettitt → /pages/dave-pettitt
[3513] David Burrows → /pages/david-burrows
[3514] David Kaye → /pages/david-kaye
[3515] Day In the Life! → /pages/day-in-the-life
FAIL 'de:Ninjago: Aufstieg der Drachen': {'code': 'invalidtitle', 'info': 'Bad title "de:Ninjago: Aufstieg der Drachen".', '*': 'See https://ninjago.fandom.com/api.php for API usage. Subscribe to the mediawiki-api-announce mailing list at &lt;https://lists.wikimedia.org/postorius/lists/mediawiki-api-announce.lists.wikimedia.org/&gt; for notice of API deprecations and breaking changes.'}
[3516] Dean Petriw → /pages/dean-petriw
[3517] Deg → /pages/deg
[3518] Delilah → /pages/delilah
[3519] Destructoid → /pages/destructoid
[3520] Dimitrios Stamatis → /pages/dimitrios-stamatis
[3521] Dimitris Stamatis → /pages/dimitris-stamatis
[3522] Discover Ninja Adventures → /pages/discover-ninja-adventures
[3523] Dive Into the Ninja World: An Epic Guide → /pages/dive-into-the-ninja-world-an-epic-guide
[3524] Doc Wyatt → /pages/doc-wyatt
[3525] Donovan → /pages/donovan
[3526] Donuts → /pages/donuts
[3527] Doomsday Comix (The LEGO Ninjago Movie) → /pages/doomsday-comix-the-lego-ninjago-movie
[3528] Double-Sided Axe → /pages/double-sided-axe
[3529] Dr. LaRow/Gallery → /pages/dr-larowgallery
[3530] Dragon Helmet → /pages/dragon-helmet
[3531] Dragon Masters' Dojo → /pages/dragon-masters-dojo
[3532] Dragon Powers → /pages/dragon-powers
[3533] Dragon Shield → /pages/dragon-shield
[3534] Dragon Tooth Lance → /pages/dragon-tooth-lance
[3535] Dream Car → /pages/dream-car
[3536] Dreamland → /pages/dreamland
[3537] Earth Mech (The LEGO Ninjago Movie) → /pages/earth-mech-the-lego-ninjago-movie
[3538] Eato Mucho → /pages/eato-mucho
[3539] Ed Walker → /pages/ed-walker
[3540] Edna Walker → /pages/edna-walker
[3541] Elemental Alliance camp → /pages/elemental-alliance-camp
[3542] Elemental Blade → /pages/elemental-blade
[3543] Eliza Schneider → /pages/eliza-schneider
[3544] Emperor Levo → /pages/emperor-levo
[3545] Everybody Have a Ninja Day → /pages/everybody-have-a-ninja-day
[3546] Expanding Frontier → /pages/expanding-frontier
[3547] Explore every NINJAGO realm ever! → /pages/explore-every-ninjago-realm-ever
[3548] Eye of the Storm → /pages/eye-of-the-storm
[3549] Fangblade → /pages/fangblade
[3550] Fangdam's Golden Staff → /pages/fangdams-golden-staff
[3551] Fangpyre Wrecking Ball → /pages/fangpyre-wrecking-ball
[3552] Favourite Foes → /pages/favourite-foes
[3553] Fightseeing Tour → /pages/fightseeing-tour
[3554] Fiona Hogan → /pages/fiona-hogan
[3555] Fire Dragons (Wyldness) → /pages/fire-dragons-wyldness
[3556] Fire Mech (The LEGO Ninjago Movie) → /pages/fire-mech-the-lego-ninjago-movie
[3557] Fireblock SPF-3000 → /pages/fireblock-spf-3000
[3558] Fireplace → /pages/fireplace
[3559] First Spinjitzu Master's house → /pages/first-spinjitzu-masters-house
[3560] Firstbourne (disambiguation) → /pages/firstbourne-disambiguation
[3561] Flying Jelly Subs → /pages/flying-jelly-subs
[3562] Flying speeder → /pages/flying-speeder
[3563] Focus banner → /pages/focus-banner
[3564] Foreign casts → /pages/foreign-casts
[3565] Formling → /pages/formling
[3566] Fred Armisen → /pages/fred-armisen
[3567] Fred Finley → /pages/fred-finley
[3568] Fritz Donnegan → /pages/fritz-donnegan
[3569] Frohicky → /pages/frohicky
[3570] From Ghosts to Pirates → /pages/from-ghosts-to-pirates
[3571] Fugi-Dove's mother → /pages/fugi-doves-mother
[3572] Full Power! → /pages/full-power
[3573] Fur Mart → /pages/fur-mart
[3574] Fury in the Forest! → /pages/fury-in-the-forest
[3575] Gabriel Brown → /pages/gabriel-brown
[3576] Gahrann the Dreamer → /pages/gahrann-the-dreamer
[3577] Game Time! → /pages/game-time
[3578] Games Masters! → /pages/games-masters
[3579] Garbage trucks → /pages/garbage-trucks
[3580] Garmadon's Bad Guy Training Manual → /pages/garmadons-bad-guy-training-manual
[3581] Garmadon's club → /pages/garmadons-club
[3582] Garmadon's relationships → /pages/garmadons-relationships
[3583] Garmadon/History → /pages/garmadonhistory
[3584] Garret Elkins → /pages/garret-elkins
[3585] Gavin Langelo → /pages/gavin-langelo
[3586] Geckle → /pages/geckle
[3587] Geckles' Song → /pages/geckles-song
[3588] General Arcturus → /pages/general-arcturus
[3589] General Kozu → /pages/general-kozu
[3590] Generosity banner → /pages/generosity-banner
[3591] Get Ready! Zane in Action! → /pages/get-ready-zane-in-action
[3592] Get that Truck! → /pages/get-that-truck
[3593] Ghost Attack! (2021) → /pages/ghost-attack-2021
[3594] Giant moles → /pages/giant-moles
[3595] Gift Set Box (2022) → /pages/gift-set-box-2022
[3596] Golden Axe → /pages/golden-axe
[3597] Golden Hatchet Twins → /pages/golden-hatchet-twins
[3598] Golden Hypno Fang → /pages/golden-hypno-fang
[3599] Golden Ninja (book) → /pages/golden-ninja-book
[3600] Golden Ninja (disambiguation) → /pages/golden-ninja-disambiguation
[3601] Golden Star Hammer → /pages/golden-star-hammer
[3602] Great Volcano → /pages/great-volcano
[3603] Great Watering Hole → /pages/great-watering-hole
[3604] Green Ninja (disambiguation) → /pages/green-ninja-disambiguation
[3605] Grimfax's axe → /pages/grimfaxs-axe
[3606] Grundle → /pages/grundle
[3607] Hail or Fail, Prince Jay! → /pages/hail-or-fail-prince-jay
[3608] Hanah Lee Cook → /pages/hanah-lee-cook
[3609] Harpoon gun → /pages/harpoon-gun
[3610] Harumi's mother → /pages/harumis-mother
[3611] Harumi's relationships → /pages/harumis-relationships
[3612] Hopper → /pages/hopper
[3613] Hover Hunters → /pages/hover-hunters
[3614] How To Be A Ninja → /pages/how-to-be-a-ninja
[3615] Hunted → /pages/hunted-2
[3616] Hypno Viper → /pages/hypno-viper
[3617] Ice cave → /pages/ice-cave
[3618] Ice Dragon → /pages/ice-dragon
[3619] Ice Dragon (Core) → /pages/ice-dragon-core
[3620] Ice Dragon Tribe → /pages/ice-dragon-tribe
[3621] Ice Motorcycle → /pages/ice-motorcycle
[3622] Ice Planet → /pages/ice-planet
[3623] Ice shackles → /pages/ice-shackles
[3624] Ice Tank → /pages/ice-tank
[3625] Imperium Teen Protection Force → /pages/imperium-teen-protection-force
[3626] In the Land of Lee → /pages/in-the-land-of-lee
[3627] In the Mouth of the Monastery → /pages/in-the-mouth-of-the-monastery
[3628] Into the Fire → /pages/into-the-fire
[3629] Into the Forest → /pages/into-the-forest
[3630] Into the Storm! → /pages/into-the-storm
[3631] Iron Baron's relationships → /pages/iron-barons-relationships
[3632] Iron Baron's staff → /pages/iron-barons-staff
[3633] Jack → /pages/jack
[3634] Jagged Divide → /pages/jagged-divide
[3635] Janus Melon Stew → /pages/janus-melon-stew
[3636] Janus Melons → /pages/janus-melons
[3637] Jesse Soto → /pages/jesse-soto
[3638] Jme Wheeler → /pages/jme-wheeler
[3639] Joe → /pages/joe
[3640] Jordana's relationships → /pages/jordanas-relationships
[3641] Jules de Jongh → /pages/jules-de-jongh
[3642] Justin Theroux → /pages/justin-theroux
[3643] Kaan Guldur → /pages/kaan-guldur
[3644] Kai's headband → /pages/kais-headband
[3645] Kalmaar's relationships → /pages/kalmaars-relationships
[3646] Karen Strassman → /pages/karen-strassman
[3647] Karlof's relationships → /pages/karlofs-relationships
[3648] Keepers Village → /pages/keepers-village-2
[3649] Kerry Shale → /pages/kerry-shale
[3650] Kira Tozer → /pages/kira-tozer
[3651] Knockout Nemesis 3000 → /pages/knockout-nemesis-3000
[3652] Kodokuna Yang → /pages/kodokuna-yang
[3653] Koko's best friend → /pages/kokos-best-friend
[3654] Kreel's mech → /pages/kreels-mech
[3655] Krux/Gallery → /pages/kruxgallery
[3656] Kryptarium → /pages/kryptarium
[3657] Kumail Nanjiani → /pages/kumail-nanjiani
[3658] Kung Fu-go → /pages/kung-fu-go
[3659] L0002200 Dragon Jay → /pages/l0002200-dragon-jay
[3660] L0002201 Dragon Lloyd → /pages/l0002201-dragon-lloyd
[3661] Larissa Dias → /pages/larissa-dias
[3662] Laura Kightlinger → /pages/laura-kightlinger
[3663] Lauren White → /pages/lauren-white
[3664] Learning By Teaching! → /pages/learning-by-teaching
[3665] Lee's cemetery → /pages/lees-cemetery
[3666] Legacy of the Green Ninja → /pages/legacy-of-the-green-ninja
[3667] Legends of the Ninja → /pages/legends-of-the-ninja
[3668] LEGO Battle Arena → /pages/lego-battle-arena
[3669] LEGO Ninjago: Build Your Own Adventure → /pages/lego-ninjago-build-your-own-adventure
[3670] LEGO Ninjago: Build Your Own Adventure Greatest Ninja Battles → /pages/lego-ninjago-build-your-own-adventure-greatest-ninja-battles
[3671] LEGO Ninjago Collection (2018) → /pages/lego-ninjago-collection-2018
[3672] LEGO NINJAGO Explained: Everything You NEED to Know about LEGO NINJAGO → /pages/lego-ninjago-explained-everything-you-need-to-know-about-lego-ninjago
[3673] LEGO Ninjago Trading Card Game/Series 2 → /pages/lego-ninjago-trading-card-gameseries-2
[3674] LEGO Ninjago Trading Card Game/Series 8 → /pages/lego-ninjago-trading-card-gameseries-8
[3675] LEGO Ninjago Trading Card Game/Series 9 Next Level → /pages/lego-ninjago-trading-card-gameseries-9-next-level
[3676] Lessons from Kai's journey → /pages/lessons-from-kais-journey
[3677] Lessons I Learned in the Wyldness → /pages/lessons-i-learned-in-the-wyldness
[3678] Level 999 Stealth Barrier → /pages/level-999-stealth-barrier
[3679] Light Mech → /pages/light-mech
[3680] Lightning Dragon (First Land) → /pages/lightning-dragon-first-land
[3681] Lightning Jet → /pages/lightning-jet
[3682] List of foods → /pages/list-of-foods
[3683] List of Ninjago episodes → /pages/list-of-ninjago-episodes
[3684] List of reused clothing designs in Ninjago → /pages/list-of-reused-clothing-designs-in-ninjago
[3685] Lloyd's Journey → /pages/lloyds-journey
[3686] Lloyd/Gallery → /pages/lloydgallery
[3687] Lloyd Garmadon (The LEGO Movie) → /pages/lloyd-garmadon-the-lego-movie
[3688] Lo Mutuc → /pages/lo-mutuc
[3689] Lobbo-Roll-O → /pages/lobbo-roll-o
[3690] Loot boxes → /pages/loot-boxes
[3691] Lord Ras → /pages/lord-ras
[3692] Lost Tomb of Impending Peril → /pages/lost-tomb-of-impending-peril
[3693] Loyalist hideout → /pages/loyalist-hideout
[3694] Madyx Whiteway → /pages/madyx-whiteway
[3695] Magma Mayhem → /pages/magma-mayhem
[3696] Map:Captain Soto's Map → /pages/mapcaptain-sotos-map
[3697] Marc Thompson → /pages/marc-thompson
[3698] Marcos Cardenas → /pages/marcos-cardenas
[3699] Markus Rollbühler → /pages/markus-rollbühler
[3700] Mary Black → /pages/mary-black
[3701] Masked Evil → /pages/masked-evil
[3702] Master of Elements → /pages/master-of-elements
[3703] Master Yang → /pages/master-yang
[3704] Masters of the Elements → /pages/masters-of-the-elements
[3705] Matriarch's child → /pages/matriarchs-child
[3706] Matt Hill → /pages/matt-hill
[3707] Mayor's Office → /pages/mayors-office
[3708] Mechanic → /pages/mechanic
[3709] Medallion → /pages/medallion
[3710] Meet the Masters of Spinjitzu! → /pages/meet-the-masters-of-spinjitzu
[3711] MergeQuakes → /pages/mergequakes
[3712] Merlopian (language) → /pages/merlopian-language
[3713] Michael Peña → /pages/michael-peña
[3714] Michelle Creber → /pages/michelle-creber
[3715] Milk → /pages/milk
[3716] Mind Dragon → /pages/mind-dragon
[3717] Misako's relationships → /pages/misakos-relationships
[3718] Morro's relationships → /pages/morros-relationships
[3719] Mr. E's relationships → /pages/mr-es-relationships
[3720] Mr. Oswald → /pages/mr-oswald
[3721] Mr Liu's Curio Shop → /pages/mr-lius-curio-shop
[3722] Mucoid Warrior → /pages/mucoid-warrior
[3723] Museum director → /pages/museum-director
[3724] Mutation Monster (set) → /pages/mutation-monster-set
[3725] My Poison Lies Over the Ocean → /pages/my-poison-lies-over-the-ocean
[3726] Mythica → /pages/mythica
[3727] Nadakhan's pocketwatch → /pages/nadakhans-pocketwatch
[3728] Nadakhan's relationships → /pages/nadakhans-relationships
[3729] Nelson LaMonica → /pages/nelson-lamonica
[3730] Never Realm → /pages/never-realm-2
[3731] New Ninja Stories → /pages/new-ninja-stories
[3732] New Year Festival → /pages/new-year-festival
[3733] Nicholas Holmes → /pages/nicholas-holmes
[3734] Nick Vás → /pages/nick-vás
[3735] Nimbus' house → /pages/nimbus-house
[3736] Nindroids (Digital Overlord faction) → /pages/nindroids-digital-overlord-faction
[3737] Ninja Action: Meet Cole! → /pages/ninja-action-meet-cole
[3738] Ninja action figures → /pages/ninja-action-figures
[3739] Ninja Ambush! → /pages/ninja-ambush
[3740] Ninja Mech Garage → /pages/ninja-mech-garage
[3741] Ninja Off-Road Buggy Car → /pages/ninja-off-road-buggy-car
[3742] Ninja Versus Villains → /pages/ninja-versus-villains
[3743] Ninja vs. Garmadon! → /pages/ninja-vs-garmadon
[3744] Ninja vs. Ninja! → /pages/ninja-vs-ninja-2
[3745] Ninjago City Courthouse → /pages/ninjago-city-courthouse
[3746] Ninjago Sewers → /pages/ninjago-sewers
[3747] Ninjago slums → /pages/ninjago-slums
[3748] Ninjago soundtrack/Legacy of the Green Ninja → /pages/ninjago-soundtracklegacy-of-the-green-ninja
[3749] Ninjago soundtrack/Season 2 (Dragons Rising) → /pages/ninjago-soundtrackseason-2-dragons-rising
[3750] Ninjago soundtrack/The Hands of Time → /pages/ninjago-soundtrackthe-hands-of-time
[3751] Ninjago soundtrack/The Island → /pages/ninjago-soundtrackthe-island
[3752] Ninjago wharfs → /pages/ninjago-wharfs
[3753] Ninjago Wiki → /pages/ninjago-wiki
[3754] No More → /pages/no-more
[3755] Nokt's relationships → /pages/nokts-relationships
[3756] Nolan North → /pages/nolan-north
[3757] Northern Ocean → /pages/northern-ocean
[3758] NRG Kai Takes Off! → /pages/nrg-kai-takes-off
[3759] Off-Road Buggy → /pages/off-road-buggy
[3760] Off-Road Buggy Car → /pages/off-road-buggy-car
[3761] Official Annual 2016 → /pages/official-annual-2016
[3762] Official Annual 2017 → /pages/official-annual-2017
[3763] Okino's House → /pages/okinos-house
[3764] Olivia Munn → /pages/olivia-munn
[3765] Oni Bike → /pages/oni-bike
[3766] Order Must Prevail! → /pages/order-must-prevail
[3767] Origami → /pages/origami
[3768] P.I.X.A.L./History → /pages/pixalhistory
[3769] Patty Drake → /pages/patty-drake
[3770] Pearl and Ruby → /pages/pearl-and-ruby
[3771] Pencil spears → /pages/pencil-spears
[3772] Percival → /pages/percival
[3773] Peter Kelamis → /pages/peter-kelamis
[3774] Peter New → /pages/peter-new
[3775] Pieces → /pages/pieces
[3776] Pillow mint → /pages/pillow-mint
[3777] Piranha Mechs → /pages/piranha-mechs
[3778] Place of swords → /pages/place-of-swords
[3779] Plundar's dice → /pages/plundars-dice
[3780] Pokey Passage → /pages/pokey-passage
[3781] Police Commissioner's relationships → /pages/police-commissioners-relationships
[3782] Portal → /pages/portal
[3783] Powered Up! → /pages/powered-up
[3784] Princess Vania → /pages/princess-vania
[3785] Princess Zeatrix → /pages/princess-zeatrix
[3786] Pudding → /pages/pudding
[3787] Puffy Potstickers → /pages/puffy-potstickers
[3788] Pull-Back Race Car → /pages/pull-back-race-car
[3789] Pythor's mother → /pages/pythors-mother
[3790] Queen Vania → /pages/queen-vania
[3791] Quest for the Golden Weapons! → /pages/quest-for-the-golden-weapons
[3792] Race for the Masks! → /pages/race-for-the-masks
[3793] Racing bike → /pages/racing-bike
[3794] Randall Park → /pages/randall-park
[3795] Rang Dang Dang → /pages/rang-dang-dang
[3796] Rapton's bombs → /pages/raptons-bombs
[3797] Ras' relationships → /pages/ras-relationships
[3798] Ras/Gallery → /pages/rasgallery
[3799] Realm of Madness → /pages/realm-of-madness
[3800] Realm of Monsters → /pages/realm-of-monsters
[3801] Red Viper → /pages/red-viper
[3802] Rescue Mission → /pages/rescue-mission
[3803] Retta → /pages/retta
[3804] Revenge Will Be Mine → /pages/revenge-will-be-mine
[3805] Rise of the Vermillion → /pages/rise-of-the-vermillion
[3806] Rise to the Adventure → /pages/rise-to-the-adventure
[3807] Ritual combat → /pages/ritual-combat
[3808] River of Darkness → /pages/river-of-darkness
[3809] Rock, Paper, Clamp → /pages/rock-paper-clamp
[3810] Rockworth → /pages/rockworth
[3811] Roger Craig Smith → /pages/roger-craig-smith
[3812] Rogue's mech → /pages/rogues-mech
[3813] Rogue Ninja! → /pages/rogue-ninja
[3814] Ronin's relationships → /pages/ronins-relationships
[3815] Rope of Questionable Integrity → /pages/rope-of-questionable-integrity
[3816] Rope of Supreme Durability → /pages/rope-of-supreme-durability
[3817] Rox's relationships → /pages/roxs-relationships
[3818] Ryan Williams → /pages/ryan-williams
[3819] Sally's farm → /pages/sallys-farm
[3820] Sand and Bones! → /pages/sand-and-bones
[3821] Sarah Jeffery → /pages/sarah-jeffery
[3822] School Bus → /pages/school-bus
[3823] Scorpion Highway → /pages/scorpion-highway
[3824] Scott Shantz → /pages/scott-shantz
[3825] Scroll of Airjitzu → /pages/scroll-of-airjitzu
[3826] Scroll of Forbidden Spinjitzu → /pages/scroll-of-forbidden-spinjitzu
[3827] Scroll of Grievances → /pages/scroll-of-grievances
[3828] Scythe Blade → /pages/scythe-blade
[3829] Sealing the Cracks → /pages/sealing-the-cracks
[3830] Searching Adventures → /pages/searching-adventures
[3831] Season 10 → /pages/season-10
[3832] Season 12 → /pages/season-12
[3833] Season 14 → /pages/season-14
[3834] Season 4: The Tournament of Elements → /pages/season-4-the-tournament-of-elements
[3835] Season 6 → /pages/season-6
[3836] Season 8 → /pages/season-8
[3837] Sebastian Johansson → /pages/sebastian-johansson
[3838] Secret Mission! → /pages/secret-mission
[3839] Secrets of the Ninja → /pages/secrets-of-the-ninja
[3840] Sensei Yang → /pages/sensei-yang
[3841] Serpentine Stone → /pages/serpentine-stone
[3842] Shadow (disambiguation) → /pages/shadow-disambiguation
[3843] Shadow Bay → /pages/shadow-bay
[3844] Shadow Forest → /pages/shadow-forest
[3845] Shake What Your Momma Gave You → /pages/shake-what-your-momma-gave-you
[3846] Shintaro Revisited! → /pages/shintaro-revisited
[3847] Shore Chaos → /pages/shore-chaos
[3848] Shoulder pad storage → /pages/shoulder-pad-storage
[3849] Shrine of the Seven Sources → /pages/shrine-of-the-seven-sources
[3850] Skales' relationships → /pages/skales-relationships
[3851] Skeleton Mech → /pages/skeleton-mech
[3852] Skeleton Truck → /pages/skeleton-truck
[3853] Skullbreaker → /pages/skullbreaker
[3854] Sky Shark → /pages/sky-shark
[3855] Skylor's relationships → /pages/skylors-relationships
[3856] Skylor Chen → /pages/skylor-chen
[3857] Smoke and Mirrors (2024) → /pages/smoke-and-mirrors-2024
[3858] Smoke Dragon → /pages/smoke-dragon
[3859] Snake Bike → /pages/snake-bike
[3860] Snowberries → /pages/snowberries
[3861] Sora (dragon) → /pages/sora-dragon
[3862] Sorceress → /pages/sorceress
[3863] Source Dragon Icon (Forge of the Forgotten) → /pages/source-dragon-icon-forge-of-the-forgotten
[3864] Source Energy → /pages/source-energy
[3865] Spectral Lance → /pages/spectral-lance
[3866] Speed banner → /pages/speed-banner
[3867] Speed Dragon → /pages/speed-dragon
[3868] Spiked clubs → /pages/spiked-clubs
[3869] Spitta's Toxic Toothpick → /pages/spittas-toxic-toothpick
[3870] Spot the Difference - Defenders of Ninjago City → /pages/spot-the-difference-defenders-of-ninjago-city
[3871] Spot the Difference - Way of the Ninja → /pages/spot-the-difference-way-of-the-ninja
[3872] Spot the Samurai-Droid → /pages/spot-the-samurai-droid
[3873] Squiffy → /pages/squiffy
[3874] Steven Blum → /pages/steven-blum
[3875] Stone Army Catapult → /pages/stone-army-catapult
[3876] Stone Wolves → /pages/stone-wolves
[3877] Stranded → /pages/stranded
[3878] Surprise banner → /pages/surprise-banner
[3879] Sword of Destruction → /pages/sword-of-destruction
[3880] Tag Team → /pages/tag-team
[3881] Tanaka City → /pages/tanaka-city
[3882] TEAM MECH OR TEAM DRAGON?! → /pages/team-mech-or-team-dragon
[3883] Teen Idol → /pages/teen-idol
[3884] Temple City Phone → /pages/temple-city-phone
[3885] Temple Guard → /pages/temple-guard
[3886] Temple Thieves! → /pages/temple-thieves-2
[3887] The Adventures of Garmadon → /pages/the-adventures-of-garmadon
[3888] The Ancient Library of Hono Mizu → /pages/the-ancient-library-of-hono-mizu
[3889] The Blacksmith Doo-Wop → /pages/the-blacksmith-doo-wop
[3890] The Caregiver Files → /pages/the-caregiver-files
[3891] The Charge of the Dark Brigade → /pages/the-charge-of-the-dark-brigade
[3892] The Chosen Four → /pages/the-chosen-four
[3893] The Clutch Powers Song → /pages/the-clutch-powers-song
[3894] The Curious Case of Agent Walker → /pages/the-curious-case-of-agent-walker
[3895] The Dareth Chronicles → /pages/the-dareth-chronicles
[3896] The Dark Mechs → /pages/the-dark-mechs
[3897] The Djinn Menace → /pages/the-djinn-menace
[3898] The Fangpyre Attack! → /pages/the-fangpyre-attack
[3899] The Hands of Time (book) → /pages/the-hands-of-time-book
[3900] The Hands of Time (disambiguation) → /pages/the-hands-of-time-disambiguation
[3901] The Heat is On! → /pages/the-heat-is-on
[3902] The Keepers → /pages/the-keepers
[3903] The Master: A LEGO Ninjago Short → /pages/the-master-a-lego-ninjago-short
[3904] The Mechanic's relationships → /pages/the-mechanics-relationships
[3905] The Nest → /pages/the-nest
[3906] The News Never Sleeps → /pages/the-news-never-sleeps-2
[3907] The Ninja Roll → /pages/the-ninja-roll
[3908] The Oncoming Storm → /pages/the-oncoming-storm
[3909] The Portal of Peril → /pages/the-portal-of-peril
[3910] The Return of Zane! → /pages/the-return-of-zane
[3911] The Rift Whip → /pages/the-rift-whip
[3912] The Source of Power → /pages/the-source-of-power
[3913] The Strength of the Ninja → /pages/the-strength-of-the-ninja
[3914] The Thorn → /pages/the-thorn
[3915] The Ultimate Battle → /pages/the-ultimate-battle
[3916] The Ultimate Ninja Training Manual → /pages/the-ultimate-ninja-training-manual
[3917] The Way of the Ghost → /pages/the-way-of-the-ghost
[3918] Through the Mountain → /pages/through-the-mountain
[3919] Tiger Widow → /pages/tiger-widow
[3920] Todd Hansen → /pages/todd-hansen
[3921] Toke Uthaug Rasmussen → /pages/toke-uthaug-rasmussen
[3922] Tournament of Sources → /pages/tournament-of-sources
[3923] Transforming Car → /pages/transforming-car
[3924] Tree of Burdens → /pages/tree-of-burdens
[3925] Trials of Focus → /pages/trials-of-focus
[3926] Trials of the Green Ninja → /pages/trials-of-the-green-ninja
[3927] Trylle → /pages/trylle
[3928] Turbo Street Brawler → /pages/turbo-street-brawler
[3929] Tusk → /pages/tusk
[3930] Unaga-Meeting Pad → /pages/unaga-meeting-pad
[3931] Unagami's relationships → /pages/unagamis-relationships
[3932] Underwood → /pages/underwood
[3933] Underworld Mech → /pages/underworld-mech
[3934] Unknown realm (plains) → /pages/unknown-realm-plains
[3935] Unnamed realm (plains) → /pages/unnamed-realm-plains
[3936] Urchin Fruit → /pages/urchin-fruit
[3937] Vanara Taing → /pages/vanara-taing
[3938] Vangelis' relationships → /pages/vangelis-relationships
[3939] Vangelis/Gallery → /pages/vangelisgallery
[3940] Vengeance at Sea → /pages/vengeance-at-sea
[3941] Vengestone spears → /pages/vengestone-spears
[3942] Vermillion Invaders → /pages/vermillion-invaders
[3943] Vermillion Racers → /pages/vermillion-racers
[3944] Vex's relationships → /pages/vexs-relationships
[3945] Village of Haru → /pages/village-of-haru
[3946] Viper Flyer → /pages/viper-flyer
[3947] Warning: Ninja in Danger! → /pages/warning-ninja-in-danger
[3948] Weapons of Destruction → /pages/weapons-of-destruction
[3949] Wetlands → /pages/wetlands
[3950] Whack-a-Lobbo → /pages/whack-a-lobbo
[3951] When Two Quests Meet → /pages/when-two-quests-meet
[3952] Wicked Spiders → /pages/wicked-spiders
[3953] Wolf → /pages/wolf
[3954] Wolf Mask → /pages/wolf-mask
[3955] Wolf Mech → /pages/wolf-mech
[3956] World of Ninjago → /pages/world-of-ninjago
[3957] Wu's relationships → /pages/wus-relationships
[3958] Wu's ship → /pages/wus-ship
[3959] Wyldfyre's relationships → /pages/wyldfyres-relationships
[3960] Wyldfyre's Stories → /pages/wyldfyres-stories
[3961] Wyldfyre/Gallery → /pages/wyldfyregallery
[3962] Yang's relationships → /pages/yangs-relationships
[3963] Yuri Lowenthal → /pages/yuri-lowenthal
[3964] Zach Woods → /pages/zach-woods
[3965] Zane's bike → /pages/zanes-bike
[3966] Zane's helicopter → /pages/zanes-helicopter
[3967] Zane's jet → /pages/zanes-jet
[3968] Zane's mother → /pages/zanes-mother
[3969] Zane's PIXAL Project → /pages/zanes-pixal-project
[3970] Zane's relationships → /pages/zanes-relationships
[3971] Zip Flies → /pages/zip-flies
Done: imported=3971 skipped_char=0 skipped_manifest=0 skipped_existing=0 errors=2 total_manifest=3971
Run: python3 scripts/build_site_routes.py
