=== Full wiki sync started Fri Jun  5 12:55:56 PDT 2026 ===
Building tree from 'Category:Content' (max_depth=8, sleep=0.0)…
Visited 1 categories so far… (current: Category:Content)
[depth 0] Fetching subcategories for: Category:Content
[depth 0] Fetching direct pages for: Category:Content
[depth 0] Recursing into child: Category:Abilities
Visited 2 categories so far… (current: Category:Abilities)
[depth 1] Fetching subcategories for: Category:Abilities
[depth 1] Fetching direct pages for: Category:Abilities
[depth 1] Recursing into child: Category:Arin's abilities
Visited 3 categories so far… (current: Category:Arin's abilities)
[depth 2] Fetching subcategories for: Category:Arin's abilities
[depth 2] Fetching direct pages for: Category:Arin's abilities
[depth 1] Recursing into child: Category:Cole's abilities
Visited 4 categories so far… (current: Category:Cole's abilities)
[depth 2] Fetching subcategories for: Category:Cole's abilities
[depth 2] Fetching direct pages for: Category:Cole's abilities
[depth 1] Recursing into child: Category:Elements
Visited 5 categories so far… (current: Category:Elements)
[depth 2] Fetching subcategories for: Category:Elements
[depth 2] Fetching direct pages for: Category:Elements
[depth 2] Recursing into child: Category:Amber
Visited 6 categories so far… (current: Category:Amber)
[depth 3] Fetching subcategories for: Category:Amber
[depth 3] Fetching direct pages for: Category:Amber
[depth 3] Recursing into child: Category:Elements
[depth 3] Recursing into child: Category:Secondary Elements
Visited 7 categories so far… (current: Category:Secondary Elements)
[depth 4] Fetching subcategories for: Category:Secondary Elements
[depth 4] Fetching direct pages for: Category:Secondary Elements
[depth 4] Recursing into child: Category:Amber
[depth 4] Recursing into child: Category:Balance
Visited 8 categories so far… (current: Category:Balance)
[depth 5] Fetching subcategories for: Category:Balance
[depth 5] Fetching direct pages for: Category:Balance
[depth 5] Recursing into child: Category:Elements
[depth 5] Recursing into child: Category:Secondary Elements
[depth 4] Recursing into child: Category:Brute Force
Visited 9 categories so far… (current: Category:Brute Force)
[depth 5] Fetching subcategories for: Category:Brute Force
[depth 5] Fetching direct pages for: Category:Brute Force
[depth 5] Recursing into child: Category:Elements
[depth 5] Recursing into child: Category:Secondary Elements
[depth 4] Recursing into child: Category:Decay
Visited 10 categories so far… (current: Category:Decay)
[depth 5] Fetching subcategories for: Category:Decay
[depth 5] Fetching direct pages for: Category:Decay
[depth 5] Recursing into child: Category:Elements
[depth 5] Recursing into child: Category:Secondary Elements
[depth 4] Recursing into child: Category:Elements
[depth 4] Recursing into child: Category:Fear
Visited 11 categories so far… (current: Category:Fear)
[depth 5] Fetching subcategories for: Category:Fear
[depth 5] Fetching direct pages for: Category:Fear
[depth 5] Recursing into child: Category:Elements
[depth 5] Recursing into child: Category:Secondary Elements
[depth 4] Recursing into child: Category:Figment
Visited 12 categories so far… (current: Category:Figment)
[depth 5] Fetching subcategories for: Category:Figment
[depth 5] Fetching direct pages for: Category:Figment
[depth 5] Recursing into child: Category:Elements
[depth 5] Recursing into child: Category:Secondary Elements
[depth 4] Recursing into child: Category:Form
Visited 13 categories so far… (current: Category:Form)
[depth 5] Fetching subcategories for: Category:Form
[depth 5] Fetching direct pages for: Category:Form
[depth 5] Recursing into child: Category:Elements
[depth 5] Recursing into child: Category:Secondary Elements
[depth 4] Recursing into child: Category:Fusion
Visited 14 categories so far… (current: Category:Fusion)
[depth 5] Fetching subcategories for: Category:Fusion
[depth 5] Fetching direct pages for: Category:Fusion
[depth 5] Recursing into child: Category:Elements
[depth 5] Recursing into child: Category:Secondary Elements
[depth 4] Recursing into child: Category:Gravity
Visited 15 categories so far… (current: Category:Gravity)
[depth 5] Fetching subcategories for: Category:Gravity
[depth 5] Fetching direct pages for: Category:Gravity
[depth 5] Recursing into child: Category:Elements
[depth 5] Recursing into child: Category:Secondary Elements
[depth 4] Recursing into child: Category:Heat
Visited 16 categories so far… (current: Category:Heat)
[depth 5] Fetching subcategories for: Category:Heat
[depth 5] Fetching direct pages for: Category:Heat
[depth 5] Recursing into child: Category:Elements
[depth 5] Recursing into child: Category:Secondary Elements
[depth 4] Recursing into child: Category:Imagination
Visited 17 categories so far… (current: Category:Imagination)
[depth 5] Fetching subcategories for: Category:Imagination
[depth 5] Fetching direct pages for: Category:Imagination
[depth 5] Recursing into child: Category:Elements
[depth 5] Recursing into child: Category:Secondary Elements
[depth 4] Recursing into child: Category:Kismet
Visited 18 categories so far… (current: Category:Kismet)
[depth 5] Fetching subcategories for: Category:Kismet
[depth 5] Fetching direct pages for: Category:Kismet
[depth 5] Recursing into child: Category:Elements
[depth 5] Recursing into child: Category:Secondary Elements
[depth 4] Recursing into child: Category:Life
Visited 19 categories so far… (current: Category:Life)
[depth 5] Fetching subcategories for: Category:Life
[depth 5] Fetching direct pages for: Category:Life
[depth 5] Recursing into child: Category:Elements
[depth 5] Recursing into child: Category:Energy Dragons
Visited 20 categories so far… (current: Category:Energy Dragons)
[depth 6] Fetching subcategories for: Category:Energy Dragons
[depth 6] Fetching direct pages for: Category:Energy Dragons
[depth 5] Recursing into child: Category:Secondary Elements
[depth 4] Recursing into child: Category:Light
Visited 21 categories so far… (current: Category:Light)
[depth 5] Fetching subcategories for: Category:Light
[depth 5] Fetching direct pages for: Category:Light
[depth 5] Recursing into child: Category:Elements
[depth 5] Recursing into child: Category:Secondary Elements
[depth 4] Recursing into child: Category:Metal
Visited 22 categories so far… (current: Category:Metal)
[depth 5] Fetching subcategories for: Category:Metal
[depth 5] Fetching direct pages for: Category:Metal
[depth 5] Recursing into child: Category:Elements
[depth 5] Recursing into child: Category:Secondary Elements
[depth 4] Recursing into child: Category:Mind
Visited 23 categories so far… (current: Category:Mind)
[depth 5] Fetching subcategories for: Category:Mind
[depth 5] Fetching direct pages for: Category:Mind
[depth 5] Recursing into child: Category:Elements
[depth 5] Recursing into child: Category:Secondary Elements
[depth 4] Recursing into child: Category:Misfortune
Visited 24 categories so far… (current: Category:Misfortune)
[depth 5] Fetching subcategories for: Category:Misfortune
[depth 5] Fetching direct pages for: Category:Misfortune
[depth 5] Recursing into child: Category:Elements
[depth 5] Recursing into child: Category:Secondary Elements
[depth 4] Recursing into child: Category:Nature
Visited 25 categories so far… (current: Category:Nature)
[depth 5] Fetching subcategories for: Category:Nature
[depth 5] Fetching direct pages for: Category:Nature
[depth 5] Recursing into child: Category:Elements
[depth 5] Recursing into child: Category:Secondary Elements
[depth 4] Recursing into child: Category:Plants (element)
Visited 26 categories so far… (current: Category:Plants (element))
[depth 5] Fetching subcategories for: Category:Plants (element)
[depth 5] Fetching direct pages for: Category:Plants (element)
[depth 5] Recursing into child: Category:Elements
[depth 4] Recursing into child: Category:Poison
Visited 27 categories so far… (current: Category:Poison)
[depth 5] Fetching subcategories for: Category:Poison
[depth 5] Fetching direct pages for: Category:Poison
[depth 5] Recursing into child: Category:Elements
[depth 5] Recursing into child: Category:Secondary Elements
[depth 4] Recursing into child: Category:Portals
Visited 28 categories so far… (current: Category:Portals)
[depth 5] Fetching subcategories for: Category:Portals
[depth 5] Fetching direct pages for: Category:Portals
[depth 5] Recursing into child: Category:Elements
[depth 5] Recursing into child: Category:Secondary Elements
[depth 4] Recursing into child: Category:Post-Merge Elements
Visited 29 categories so far… (current: Category:Post-Merge Elements)
[depth 5] Fetching subcategories for: Category:Post-Merge Elements
[depth 5] Fetching direct pages for: Category:Post-Merge Elements
[depth 5] Recursing into child: Category:Elements
[depth 5] Recursing into child: Category:Fusion
[depth 5] Recursing into child: Category:Propulsion
Visited 30 categories so far… (current: Category:Propulsion)
[depth 6] Fetching subcategories for: Category:Propulsion
[depth 6] Fetching direct pages for: Category:Propulsion
[depth 6] Recursing into child: Category:Elements
[depth 6] Recursing into child: Category:Secondary Elements
[depth 5] Recursing into child: Category:Surface Tension
Visited 31 categories so far… (current: Category:Surface Tension)
[depth 6] Fetching subcategories for: Category:Surface Tension
[depth 6] Fetching direct pages for: Category:Surface Tension
[depth 6] Recursing into child: Category:Elements
[depth 6] Recursing into child: Category:Secondary Elements
[depth 5] Recursing into child: Category:Technology (element)
Visited 32 categories so far… (current: Category:Technology (element))
[depth 6] Fetching subcategories for: Category:Technology (element)
[depth 6] Fetching direct pages for: Category:Technology (element)
[depth 6] Recursing into child: Category:Elements
[depth 6] Recursing into child: Category:Secondary Elements
[depth 4] Recursing into child: Category:Propulsion
[depth 4] Recursing into child: Category:Quake
Visited 33 categories so far… (current: Category:Quake)
[depth 5] Fetching subcategories for: Category:Quake
[depth 5] Fetching direct pages for: Category:Quake
[depth 5] Recursing into child: Category:Secondary Elements
[depth 4] Recursing into child: Category:Reflex
Visited 34 categories so far… (current: Category:Reflex)
[depth 5] Fetching subcategories for: Category:Reflex
[depth 5] Fetching direct pages for: Category:Reflex
[depth 5] Recursing into child: Category:Elements
[depth 5] Recursing into child: Category:Secondary Elements
[depth 4] Recursing into child: Category:Shadow
Visited 35 categories so far… (current: Category:Shadow)
[depth 5] Fetching subcategories for: Category:Shadow
[depth 5] Fetching direct pages for: Category:Shadow
[depth 5] Recursing into child: Category:Elements
[depth 5] Recursing into child: Category:Secondary Elements
[depth 4] Recursing into child: Category:Shockwave
Visited 36 categories so far… (current: Category:Shockwave)
[depth 5] Fetching subcategories for: Category:Shockwave
[depth 5] Fetching direct pages for: Category:Shockwave
[depth 5] Recursing into child: Category:Secondary Elements
[depth 4] Recursing into child: Category:Size
Visited 37 categories so far… (current: Category:Size)
[depth 5] Fetching subcategories for: Category:Size
[depth 5] Fetching direct pages for: Category:Size
[depth 5] Recursing into child: Category:Elements
[depth 5] Recursing into child: Category:Secondary Elements
[depth 4] Recursing into child: Category:Smoke
Visited 38 categories so far… (current: Category:Smoke)
[depth 5] Fetching subcategories for: Category:Smoke
[depth 5] Fetching direct pages for: Category:Smoke
[depth 5] Recursing into child: Category:Elements
[depth 5] Recursing into child: Category:Secondary Elements
[depth 4] Recursing into child: Category:Sound
Visited 39 categories so far… (current: Category:Sound)
[depth 5] Fetching subcategories for: Category:Sound
[depth 5] Fetching direct pages for: Category:Sound
[depth 5] Recursing into child: Category:Elements
[depth 5] Recursing into child: Category:Secondary Elements
[depth 4] Recursing into child: Category:Speed
Visited 40 categories so far… (current: Category:Speed)
[depth 5] Fetching subcategories for: Category:Speed
[depth 5] Fetching direct pages for: Category:Speed
[depth 5] Recursing into child: Category:Elements
[depth 5] Recursing into child: Category:Secondary Elements
[depth 4] Recursing into child: Category:Surface Tension
[depth 4] Recursing into child: Category:Surprise
Visited 41 categories so far… (current: Category:Surprise)
[depth 5] Fetching subcategories for: Category:Surprise
[depth 5] Fetching direct pages for: Category:Surprise
[depth 5] Recursing into child: Category:Elements
[depth 5] Recursing into child: Category:Secondary Elements
[depth 4] Recursing into child: Category:Swarm
Visited 42 categories so far… (current: Category:Swarm)
[depth 5] Fetching subcategories for: Category:Swarm
[depth 5] Fetching direct pages for: Category:Swarm
[depth 5] Recursing into child: Category:Elements
[depth 5] Recursing into child: Category:Secondary Elements
[depth 4] Recursing into child: Category:Technology (element)
[depth 4] Recursing into child: Category:Time
Visited 43 categories so far… (current: Category:Time)
[depth 5] Fetching subcategories for: Category:Time
[depth 5] Fetching direct pages for: Category:Time
[depth 5] Recursing into child: Category:Elements
[depth 5] Recursing into child: Category:Secondary Elements
[depth 4] Recursing into child: Category:Water
Visited 44 categories so far… (current: Category:Water)
[depth 5] Fetching subcategories for: Category:Water
[depth 5] Fetching direct pages for: Category:Water
[depth 5] Recursing into child: Category:Elements
[depth 5] Recursing into child: Category:Secondary Elements
[depth 5] Recursing into child: Category:Water Dragons
Visited 45 categories so far… (current: Category:Water Dragons)
[depth 6] Fetching subcategories for: Category:Water Dragons
[depth 6] Fetching direct pages for: Category:Water Dragons
[depth 4] Recursing into child: Category:Wind
Visited 46 categories so far… (current: Category:Wind)
[depth 5] Fetching subcategories for: Category:Wind
[depth 5] Fetching direct pages for: Category:Wind
[depth 5] Recursing into child: Category:Elements
[depth 5] Recursing into child: Category:Secondary Elements
[depth 2] Recursing into child: Category:Balance
[depth 2] Recursing into child: Category:Balance Elements
Visited 47 categories so far… (current: Category:Balance Elements)
[depth 3] Fetching subcategories for: Category:Balance Elements
[depth 3] Fetching direct pages for: Category:Balance Elements
[depth 3] Recursing into child: Category:Amber
[depth 3] Recursing into child: Category:Balance
[depth 3] Recursing into child: Category:Elements
[depth 3] Recursing into child: Category:Golden Power
Visited 48 categories so far… (current: Category:Golden Power)
[depth 4] Fetching subcategories for: Category:Golden Power
[depth 4] Fetching direct pages for: Category:Golden Power
[depth 4] Recursing into child: Category:Elemental Essences
Visited 49 categories so far… (current: Category:Elemental Essences)
[depth 5] Fetching subcategories for: Category:Elemental Essences
[depth 5] Fetching direct pages for: Category:Elemental Essences
[depth 5] Recursing into child: Category:Creation
Visited 50 categories so far… (current: Category:Creation)
── Progress: 50 categories visited (still walking the tree…) ──
[depth 6] Fetching subcategories for: Category:Creation
[depth 6] Fetching direct pages for: Category:Creation
[depth 6] Recursing into child: Category:Elemental Essences
[depth 6] Recursing into child: Category:Elements
[depth 5] Recursing into child: Category:Darkness
Visited 51 categories so far… (current: Category:Darkness)
[depth 6] Fetching subcategories for: Category:Darkness
[depth 6] Fetching direct pages for: Category:Darkness
[depth 6] Recursing into child: Category:Elemental Essences
[depth 6] Recursing into child: Category:Elements
[depth 5] Recursing into child: Category:Destruction
Visited 52 categories so far… (current: Category:Destruction)
[depth 6] Fetching subcategories for: Category:Destruction
[depth 6] Fetching direct pages for: Category:Destruction
[depth 6] Recursing into child: Category:Elemental Essences
[depth 6] Recursing into child: Category:Elements
[depth 5] Recursing into child: Category:Elements
[depth 5] Recursing into child: Category:Golden Power
[depth 4] Recursing into child: Category:Elements
[depth 3] Recursing into child: Category:Shadow
[depth 2] Recursing into child: Category:Brute Force
[depth 2] Recursing into child: Category:Chaos Elements
Visited 53 categories so far… (current: Category:Chaos Elements)
[depth 3] Fetching subcategories for: Category:Chaos Elements
[depth 3] Fetching direct pages for: Category:Chaos Elements
[depth 3] Recursing into child: Category:Brute Force
[depth 3] Recursing into child: Category:Decay
[depth 3] Recursing into child: Category:Elements
[depth 3] Recursing into child: Category:Fear
[depth 3] Recursing into child: Category:Misfortune
[depth 3] Recursing into child: Category:Swarm
[depth 2] Recursing into child: Category:Combination Elements
Visited 54 categories so far… (current: Category:Combination Elements)
[depth 3] Fetching subcategories for: Category:Combination Elements
[depth 3] Fetching direct pages for: Category:Combination Elements
[depth 3] Recursing into child: Category:Earth
Visited 55 categories so far… (current: Category:Earth)
[depth 4] Fetching subcategories for: Category:Earth
[depth 4] Fetching direct pages for: Category:Earth
[depth 4] Recursing into child: Category:Earth Dragons
Visited 56 categories so far… (current: Category:Earth Dragons)
[depth 5] Fetching subcategories for: Category:Earth Dragons
[depth 5] Fetching direct pages for: Category:Earth Dragons
[depth 4] Recursing into child: Category:Elements
[depth 4] Recursing into child: Category:Main Elements
Visited 57 categories so far… (current: Category:Main Elements)
[depth 5] Fetching subcategories for: Category:Main Elements
[depth 5] Fetching direct pages for: Category:Main Elements
[depth 5] Recursing into child: Category:Earth
[depth 5] Recursing into child: Category:Elements
[depth 5] Recursing into child: Category:Fire
Visited 58 categories so far… (current: Category:Fire)
[depth 6] Fetching subcategories for: Category:Fire
[depth 6] Fetching direct pages for: Category:Fire
[depth 6] Recursing into child: Category:Elements
[depth 6] Recursing into child: Category:Fire Dragons
Visited 59 categories so far… (current: Category:Fire Dragons)
[depth 7] Fetching subcategories for: Category:Fire Dragons
[depth 7] Fetching direct pages for: Category:Fire Dragons
[depth 6] Recursing into child: Category:Main Elements
[depth 5] Recursing into child: Category:Ice
Visited 60 categories so far… (current: Category:Ice)
[depth 6] Fetching subcategories for: Category:Ice
[depth 6] Fetching direct pages for: Category:Ice
[depth 6] Recursing into child: Category:Elements
[depth 6] Recursing into child: Category:Main Elements
[depth 5] Recursing into child: Category:Lightning
Visited 61 categories so far… (current: Category:Lightning)
[depth 6] Fetching subcategories for: Category:Lightning
[depth 6] Fetching direct pages for: Category:Lightning
[depth 6] Recursing into child: Category:Elements
[depth 6] Recursing into child: Category:Main Elements
[depth 3] Recursing into child: Category:Elements
[depth 3] Recursing into child: Category:Figment
[depth 3] Recursing into child: Category:Fire
[depth 3] Recursing into child: Category:Heat
[depth 3] Recursing into child: Category:Ice
[depth 3] Recursing into child: Category:Life
[depth 3] Recursing into child: Category:Light
[depth 3] Recursing into child: Category:Lightning
[depth 3] Recursing into child: Category:Shadow
[depth 3] Recursing into child: Category:Shockwave
[depth 3] Recursing into child: Category:Size
[depth 3] Recursing into child: Category:Surface Tension
[depth 3] Recursing into child: Category:Water
[depth 3] Recursing into child: Category:Wind
[depth 2] Recursing into child: Category:Creation
[depth 2] Recursing into child: Category:Darkness
[depth 2] Recursing into child: Category:Decay
[depth 2] Recursing into child: Category:Destruction
[depth 2] Recursing into child: Category:Earth
[depth 2] Recursing into child: Category:Elemental Essences
[depth 2] Recursing into child: Category:Energy Elements
Visited 62 categories so far… (current: Category:Energy Elements)
[depth 3] Fetching subcategories for: Category:Energy Elements
[depth 3] Fetching direct pages for: Category:Energy Elements
[depth 3] Recursing into child: Category:Elements
[depth 3] Recursing into child: Category:Golden Power
[depth 3] Recursing into child: Category:Heat
[depth 3] Recursing into child: Category:Light
[depth 3] Recursing into child: Category:Lightning
[depth 3] Recursing into child: Category:Propulsion
[depth 2] Recursing into child: Category:Fear
[depth 2] Recursing into child: Category:Figment
[depth 2] Recursing into child: Category:Fire
[depth 2] Recursing into child: Category:Flow Elements
Visited 63 categories so far… (current: Category:Flow Elements)
[depth 3] Fetching subcategories for: Category:Flow Elements
[depth 3] Fetching direct pages for: Category:Flow Elements
[depth 3] Recursing into child: Category:Elements
[depth 3] Recursing into child: Category:Form
[depth 3] Recursing into child: Category:Golden Power
[depth 3] Recursing into child: Category:Smoke
[depth 3] Recursing into child: Category:Time
[depth 3] Recursing into child: Category:Water
[depth 3] Recursing into child: Category:Wind
[depth 2] Recursing into child: Category:Focus Elements
Visited 64 categories so far… (current: Category:Focus Elements)
[depth 3] Fetching subcategories for: Category:Focus Elements
[depth 3] Fetching direct pages for: Category:Focus Elements
[depth 3] Recursing into child: Category:Elements
[depth 3] Recursing into child: Category:Figment
[depth 3] Recursing into child: Category:Golden Power
[depth 3] Recursing into child: Category:Ice
[depth 3] Recursing into child: Category:Mind
[depth 3] Recursing into child: Category:Reflex
[depth 3] Recursing into child: Category:Technology (element)
[depth 2] Recursing into child: Category:Form
[depth 2] Recursing into child: Category:Fusion
[depth 2] Recursing into child: Category:Golden Power
[depth 2] Recursing into child: Category:Gravity
[depth 2] Recursing into child: Category:Green
Visited 65 categories so far… (current: Category:Green)
[depth 3] Fetching subcategories for: Category:Green
[depth 3] Fetching direct pages for: Category:Green
[depth 2] Recursing into child: Category:Heat
[depth 2] Recursing into child: Category:Ice
[depth 2] Recursing into child: Category:Imagination
[depth 2] Recursing into child: Category:Kismet
[depth 2] Recursing into child: Category:Life
[depth 2] Recursing into child: Category:Life Elements
Visited 66 categories so far… (current: Category:Life Elements)
[depth 3] Fetching subcategories for: Category:Life Elements
[depth 3] Fetching direct pages for: Category:Life Elements
[depth 3] Recursing into child: Category:Elements
[depth 3] Recursing into child: Category:Golden Power
[depth 3] Recursing into child: Category:Life
[depth 3] Recursing into child: Category:Nature
[depth 3] Recursing into child: Category:Plants (element)
[depth 3] Recursing into child: Category:Poison
[depth 3] Recursing into child: Category:Size
[depth 2] Recursing into child: Category:Light
[depth 2] Recursing into child: Category:Lightning
[depth 2] Recursing into child: Category:Main Elements
[depth 2] Recursing into child: Category:Metal
[depth 2] Recursing into child: Category:Mind
[depth 2] Recursing into child: Category:Misfortune
[depth 2] Recursing into child: Category:Motion Elements
Visited 67 categories so far… (current: Category:Motion Elements)
[depth 3] Fetching subcategories for: Category:Motion Elements
[depth 3] Fetching direct pages for: Category:Motion Elements
[depth 3] Recursing into child: Category:Elements
[depth 3] Recursing into child: Category:Fire
[depth 3] Recursing into child: Category:Golden Power
[depth 3] Recursing into child: Category:Quake
[depth 3] Recursing into child: Category:Shockwave
[depth 3] Recursing into child: Category:Sound
[depth 3] Recursing into child: Category:Speed
[depth 2] Recursing into child: Category:Movie Elements
Visited 68 categories so far… (current: Category:Movie Elements)
[depth 3] Fetching subcategories for: Category:Movie Elements
[depth 3] Fetching direct pages for: Category:Movie Elements
[depth 3] Recursing into child: Category:Elements
[depth 3] Recursing into child: Category:Surprise
[depth 2] Recursing into child: Category:Nature
[depth 2] Recursing into child: Category:Plants (element)
[depth 2] Recursing into child: Category:Poison
[depth 2] Recursing into child: Category:Portals
[depth 2] Recursing into child: Category:Post-Merge Elements
[depth 2] Recursing into child: Category:Propulsion
[depth 2] Recursing into child: Category:Quake
[depth 2] Recursing into child: Category:Reflex
[depth 2] Recursing into child: Category:Secondary Elements
[depth 2] Recursing into child: Category:Shadow
[depth 2] Recursing into child: Category:Shockwave
[depth 2] Recursing into child: Category:Size
[depth 2] Recursing into child: Category:Smoke
[depth 2] Recursing into child: Category:Sound
[depth 2] Recursing into child: Category:Speed
[depth 2] Recursing into child: Category:Strength Elements
Visited 69 categories so far… (current: Category:Strength Elements)
[depth 3] Fetching subcategories for: Category:Strength Elements
[depth 3] Fetching direct pages for: Category:Strength Elements
[depth 3] Recursing into child: Category:Earth
[depth 3] Recursing into child: Category:Elements
[depth 3] Recursing into child: Category:Fusion
[depth 3] Recursing into child: Category:Golden Power
[depth 3] Recursing into child: Category:Gravity
[depth 3] Recursing into child: Category:Metal
[depth 3] Recursing into child: Category:Surface Tension
[depth 2] Recursing into child: Category:Surface Tension
[depth 2] Recursing into child: Category:Surprise
[depth 2] Recursing into child: Category:Swarm
[depth 2] Recursing into child: Category:Technology (element)
[depth 2] Recursing into child: Category:Time
[depth 2] Recursing into child: Category:Water
[depth 2] Recursing into child: Category:Wind
[depth 1] Recursing into child: Category:First Spinjitzu Master's abilities
Visited 70 categories so far… (current: Category:First Spinjitzu Master's abilities)
[depth 2] Fetching subcategories for: Category:First Spinjitzu Master's abilities
[depth 2] Fetching direct pages for: Category:First Spinjitzu Master's abilities
[depth 1] Recursing into child: Category:Frak's abilities
Visited 71 categories so far… (current: Category:Frak's abilities)
[depth 2] Fetching subcategories for: Category:Frak's abilities
[depth 2] Fetching direct pages for: Category:Frak's abilities
[depth 1] Recursing into child: Category:Garmadon's abilities
Visited 72 categories so far… (current: Category:Garmadon's abilities)
[depth 2] Fetching subcategories for: Category:Garmadon's abilities
[depth 2] Fetching direct pages for: Category:Garmadon's abilities
[depth 1] Recursing into child: Category:Invisibility
Visited 73 categories so far… (current: Category:Invisibility)
[depth 2] Fetching subcategories for: Category:Invisibility
[depth 2] Fetching direct pages for: Category:Invisibility
[depth 1] Recursing into child: Category:Jay's abilities
Visited 74 categories so far… (current: Category:Jay's abilities)
[depth 2] Fetching subcategories for: Category:Jay's abilities
[depth 2] Fetching direct pages for: Category:Jay's abilities
[depth 1] Recursing into child: Category:Kai's abilities
Visited 75 categories so far… (current: Category:Kai's abilities)
[depth 2] Fetching subcategories for: Category:Kai's abilities
[depth 2] Fetching direct pages for: Category:Kai's abilities
[depth 1] Recursing into child: Category:Lloyd's abilities
Visited 76 categories so far… (current: Category:Lloyd's abilities)
[depth 2] Fetching subcategories for: Category:Lloyd's abilities
[depth 2] Fetching direct pages for: Category:Lloyd's abilities
[depth 1] Recursing into child: Category:Magic
Visited 77 categories so far… (current: Category:Magic)
[depth 2] Fetching subcategories for: Category:Magic
[depth 2] Fetching direct pages for: Category:Magic
[depth 2] Recursing into child: Category:Collectible items
Visited 78 categories so far… (current: Category:Collectible items)
[depth 3] Fetching subcategories for: Category:Collectible items
[depth 3] Fetching direct pages for: Category:Collectible items
[depth 2] Recursing into child: Category:Wizards/Sorcerers
Visited 79 categories so far… (current: Category:Wizards/Sorcerers)
[depth 3] Fetching subcategories for: Category:Wizards/Sorcerers
[depth 3] Fetching direct pages for: Category:Wizards/Sorcerers
[depth 1] Recursing into child: Category:Martial arts
Visited 80 categories so far… (current: Category:Martial arts)
[depth 2] Fetching subcategories for: Category:Martial arts
[depth 2] Fetching direct pages for: Category:Martial arts
[depth 2] Recursing into child: Category:Dragon Spinjitzu
Visited 81 categories so far… (current: Category:Dragon Spinjitzu)
[depth 3] Fetching subcategories for: Category:Dragon Spinjitzu
[depth 3] Fetching direct pages for: Category:Dragon Spinjitzu
[depth 2] Recursing into child: Category:Forbidden Spinjitzu
Visited 82 categories so far… (current: Category:Forbidden Spinjitzu)
[depth 3] Fetching subcategories for: Category:Forbidden Spinjitzu
[depth 3] Fetching direct pages for: Category:Forbidden Spinjitzu
[depth 2] Recursing into child: Category:Object Spinjitzu
Visited 83 categories so far… (current: Category:Object Spinjitzu)
[depth 3] Fetching subcategories for: Category:Object Spinjitzu
[depth 3] Fetching direct pages for: Category:Object Spinjitzu
[depth 2] Recursing into child: Category:Rising Dragon
Visited 84 categories so far… (current: Category:Rising Dragon)
[depth 3] Fetching subcategories for: Category:Rising Dragon
[depth 3] Fetching direct pages for: Category:Rising Dragon
[depth 2] Recursing into child: Category:Spinjitzu Burst
Visited 85 categories so far… (current: Category:Spinjitzu Burst)
[depth 3] Fetching subcategories for: Category:Spinjitzu Burst
[depth 3] Fetching direct pages for: Category:Spinjitzu Burst
[depth 1] Recursing into child: Category:Ninja's abilities
Visited 86 categories so far… (current: Category:Ninja's abilities)
[depth 2] Fetching subcategories for: Category:Ninja's abilities
[depth 2] Fetching direct pages for: Category:Ninja's abilities
[depth 2] Recursing into child: Category:Arin's abilities
[depth 2] Recursing into child: Category:Frak's abilities
[depth 2] Recursing into child: Category:Jay's abilities
[depth 2] Recursing into child: Category:Kai's abilities
[depth 2] Recursing into child: Category:Lloyd's abilities
[depth 2] Recursing into child: Category:Nya's abilities
Visited 87 categories so far… (current: Category:Nya's abilities)
[depth 3] Fetching subcategories for: Category:Nya's abilities
[depth 3] Fetching direct pages for: Category:Nya's abilities
[depth 2] Recursing into child: Category:Sora's abilities
Visited 88 categories so far… (current: Category:Sora's abilities)
[depth 3] Fetching subcategories for: Category:Sora's abilities
[depth 3] Fetching direct pages for: Category:Sora's abilities
[depth 2] Recursing into child: Category:Wu's abilities
Visited 89 categories so far… (current: Category:Wu's abilities)
[depth 3] Fetching subcategories for: Category:Wu's abilities
[depth 3] Fetching direct pages for: Category:Wu's abilities
[depth 2] Recursing into child: Category:Wyldfyre's abilities
Visited 90 categories so far… (current: Category:Wyldfyre's abilities)
[depth 3] Fetching subcategories for: Category:Wyldfyre's abilities
[depth 3] Fetching direct pages for: Category:Wyldfyre's abilities
[depth 2] Recursing into child: Category:Zane's abilities
Visited 91 categories so far… (current: Category:Zane's abilities)
[depth 3] Fetching subcategories for: Category:Zane's abilities
[depth 3] Fetching direct pages for: Category:Zane's abilities
[depth 1] Recursing into child: Category:Nya's abilities
[depth 1] Recursing into child: Category:Ras' abilities
Visited 92 categories so far… (current: Category:Ras' abilities)
[depth 2] Fetching subcategories for: Category:Ras' abilities
[depth 2] Fetching direct pages for: Category:Ras' abilities
[depth 1] Recursing into child: Category:Serpentine abilities
Visited 93 categories so far… (current: Category:Serpentine abilities)
[depth 2] Fetching subcategories for: Category:Serpentine abilities
[depth 2] Fetching direct pages for: Category:Serpentine abilities
[depth 1] Recursing into child: Category:Sora's abilities
[depth 1] Recursing into child: Category:Sources
Visited 94 categories so far… (current: Category:Sources)
[depth 2] Fetching subcategories for: Category:Sources
[depth 2] Fetching direct pages for: Category:Sources
[depth 2] Recursing into child: Category:Balance (Source)
Visited 95 categories so far… (current: Category:Balance (Source))
[depth 3] Fetching subcategories for: Category:Balance (Source)
[depth 3] Fetching direct pages for: Category:Balance (Source)
[depth 3] Recursing into child: Category:Amber
[depth 3] Recursing into child: Category:Balance
[depth 3] Recursing into child: Category:Balance Elements
[depth 3] Recursing into child: Category:Golden Power
[depth 3] Recursing into child: Category:Shadow
[depth 3] Recursing into child: Category:Source Dragons
Visited 96 categories so far… (current: Category:Source Dragons)
[depth 4] Fetching subcategories for: Category:Source Dragons
[depth 4] Fetching direct pages for: Category:Source Dragons
[depth 3] Recursing into child: Category:Sources
[depth 2] Recursing into child: Category:Chaos
Visited 97 categories so far… (current: Category:Chaos)
[depth 3] Fetching subcategories for: Category:Chaos
[depth 3] Fetching direct pages for: Category:Chaos
[depth 3] Recursing into child: Category:Brute Force
[depth 3] Recursing into child: Category:Chaos Elements
[depth 3] Recursing into child: Category:Decay
[depth 3] Recursing into child: Category:Fear
[depth 3] Recursing into child: Category:Misfortune
[depth 3] Recursing into child: Category:Shatterspin
Visited 98 categories so far… (current: Category:Shatterspin)
[depth 4] Fetching subcategories for: Category:Shatterspin
[depth 4] Fetching direct pages for: Category:Shatterspin
[depth 3] Recursing into child: Category:Sources
[depth 3] Recursing into child: Category:Swarm
[depth 2] Recursing into child: Category:Energy (Source)
Visited 99 categories so far… (current: Category:Energy (Source))
[depth 3] Fetching subcategories for: Category:Energy (Source)
[depth 3] Fetching direct pages for: Category:Energy (Source)
[depth 3] Recursing into child: Category:Energy Elements
[depth 3] Recursing into child: Category:Golden Power
[depth 3] Recursing into child: Category:Heat
[depth 3] Recursing into child: Category:Light
[depth 3] Recursing into child: Category:Lightning
[depth 3] Recursing into child: Category:Propulsion
[depth 3] Recursing into child: Category:Source Dragons
[depth 3] Recursing into child: Category:Sources
[depth 2] Recursing into child: Category:Flow
Visited 100 categories so far… (current: Category:Flow)
── Progress: 100 categories visited (still walking the tree…) ──
[depth 3] Fetching subcategories for: Category:Flow
[depth 3] Fetching direct pages for: Category:Flow
[depth 3] Recursing into child: Category:Flow Elements
[depth 3] Recursing into child: Category:Form
[depth 3] Recursing into child: Category:Golden Power
[depth 3] Recursing into child: Category:Smoke
[depth 3] Recursing into child: Category:Source Dragons
[depth 3] Recursing into child: Category:Sources
[depth 3] Recursing into child: Category:Time
[depth 3] Recursing into child: Category:Water
[depth 3] Recursing into child: Category:Wind
[depth 2] Recursing into child: Category:Focus
Visited 101 categories so far… (current: Category:Focus)
[depth 3] Fetching subcategories for: Category:Focus
[depth 3] Fetching direct pages for: Category:Focus
[depth 3] Recursing into child: Category:Figment
[depth 3] Recursing into child: Category:Focus Elements
[depth 3] Recursing into child: Category:Golden Power
[depth 3] Recursing into child: Category:Ice
[depth 3] Recursing into child: Category:Mind
[depth 3] Recursing into child: Category:Reflex
[depth 3] Recursing into child: Category:Source Dragons
[depth 3] Recursing into child: Category:Sources
[depth 3] Recursing into child: Category:Technology (element)
[depth 2] Recursing into child: Category:Life (Source)
Visited 102 categories so far… (current: Category:Life (Source))
[depth 3] Fetching subcategories for: Category:Life (Source)
[depth 3] Fetching direct pages for: Category:Life (Source)
[depth 3] Recursing into child: Category:Golden Power
[depth 3] Recursing into child: Category:Life
[depth 3] Recursing into child: Category:Life Elements
[depth 3] Recursing into child: Category:Nature
[depth 3] Recursing into child: Category:Plants (element)
[depth 3] Recursing into child: Category:Poison
[depth 3] Recursing into child: Category:Size
[depth 3] Recursing into child: Category:Source Dragons
[depth 3] Recursing into child: Category:Sources
[depth 2] Recursing into child: Category:Motion
Visited 103 categories so far… (current: Category:Motion)
[depth 3] Fetching subcategories for: Category:Motion
[depth 3] Fetching direct pages for: Category:Motion
[depth 3] Recursing into child: Category:Fire
[depth 3] Recursing into child: Category:Golden Power
[depth 3] Recursing into child: Category:Motion Elements
[depth 3] Recursing into child: Category:Quake
[depth 3] Recursing into child: Category:Shockwave
[depth 3] Recursing into child: Category:Sound
[depth 3] Recursing into child: Category:Source Dragons
[depth 3] Recursing into child: Category:Sources
[depth 3] Recursing into child: Category:Speed
[depth 2] Recursing into child: Category:Strength
Visited 104 categories so far… (current: Category:Strength)
[depth 3] Fetching subcategories for: Category:Strength
[depth 3] Fetching direct pages for: Category:Strength
[depth 3] Recursing into child: Category:Earth
[depth 3] Recursing into child: Category:Fusion
[depth 3] Recursing into child: Category:Golden Power
[depth 3] Recursing into child: Category:Gravity
[depth 3] Recursing into child: Category:Metal
[depth 3] Recursing into child: Category:Source Dragons
[depth 3] Recursing into child: Category:Sources
[depth 3] Recursing into child: Category:Strength Elements
[depth 3] Recursing into child: Category:Surface Tension
[depth 1] Recursing into child: Category:The Overlord's abilities
Visited 105 categories so far… (current: Category:The Overlord's abilities)
[depth 2] Fetching subcategories for: Category:The Overlord's abilities
[depth 2] Fetching direct pages for: Category:The Overlord's abilities
[depth 1] Recursing into child: Category:Wu's abilities
[depth 1] Recursing into child: Category:Wyldfyre's abilities
[depth 1] Recursing into child: Category:Zane's abilities
[depth 0] Recursing into child: Category:Books
Visited 106 categories so far… (current: Category:Books)
[depth 1] Fetching subcategories for: Category:Books
[depth 1] Fetching direct pages for: Category:Books
[depth 1] Recursing into child: Category:2011 books
Visited 107 categories so far… (current: Category:2011 books)
[depth 2] Fetching subcategories for: Category:2011 books
[depth 2] Fetching direct pages for: Category:2011 books
[depth 1] Recursing into child: Category:2012 books
Visited 108 categories so far… (current: Category:2012 books)
[depth 2] Fetching subcategories for: Category:2012 books
[depth 2] Fetching direct pages for: Category:2012 books
[depth 1] Recursing into child: Category:2013 books
Visited 109 categories so far… (current: Category:2013 books)
[depth 2] Fetching subcategories for: Category:2013 books
[depth 2] Fetching direct pages for: Category:2013 books
[depth 1] Recursing into child: Category:2014 books
Visited 110 categories so far… (current: Category:2014 books)
[depth 2] Fetching subcategories for: Category:2014 books
[depth 2] Fetching direct pages for: Category:2014 books
[depth 1] Recursing into child: Category:2015 books
Visited 111 categories so far… (current: Category:2015 books)
[depth 2] Fetching subcategories for: Category:2015 books
[depth 2] Fetching direct pages for: Category:2015 books
[depth 1] Recursing into child: Category:2016 books
Visited 112 categories so far… (current: Category:2016 books)
[depth 2] Fetching subcategories for: Category:2016 books
[depth 2] Fetching direct pages for: Category:2016 books
[depth 1] Recursing into child: Category:2017 books
Visited 113 categories so far… (current: Category:2017 books)
[depth 2] Fetching subcategories for: Category:2017 books
[depth 2] Fetching direct pages for: Category:2017 books
[depth 1] Recursing into child: Category:2018 books
Visited 114 categories so far… (current: Category:2018 books)
[depth 2] Fetching subcategories for: Category:2018 books
[depth 2] Fetching direct pages for: Category:2018 books
[depth 1] Recursing into child: Category:2019 books
Visited 115 categories so far… (current: Category:2019 books)
[depth 2] Fetching subcategories for: Category:2019 books
[depth 2] Fetching direct pages for: Category:2019 books
[depth 1] Recursing into child: Category:2020 books
Visited 116 categories so far… (current: Category:2020 books)
[depth 2] Fetching subcategories for: Category:2020 books
[depth 2] Fetching direct pages for: Category:2020 books
[depth 1] Recursing into child: Category:2021 books
Visited 117 categories so far… (current: Category:2021 books)
[depth 2] Fetching subcategories for: Category:2021 books
[depth 2] Fetching direct pages for: Category:2021 books
[depth 1] Recursing into child: Category:2022 books
Visited 118 categories so far… (current: Category:2022 books)
[depth 2] Fetching subcategories for: Category:2022 books
[depth 2] Fetching direct pages for: Category:2022 books
[depth 1] Recursing into child: Category:2023 books
Visited 119 categories so far… (current: Category:2023 books)
[depth 2] Fetching subcategories for: Category:2023 books
[depth 2] Fetching direct pages for: Category:2023 books
[depth 1] Recursing into child: Category:2024 books
Visited 120 categories so far… (current: Category:2024 books)
[depth 2] Fetching subcategories for: Category:2024 books
[depth 2] Fetching direct pages for: Category:2024 books
[depth 1] Recursing into child: Category:2025 books
Visited 121 categories so far… (current: Category:2025 books)
[depth 2] Fetching subcategories for: Category:2025 books
[depth 2] Fetching direct pages for: Category:2025 books
[depth 1] Recursing into child: Category:2026 books
Visited 122 categories so far… (current: Category:2026 books)
[depth 2] Fetching subcategories for: Category:2026 books
[depth 2] Fetching direct pages for: Category:2026 books
[depth 2] Recursing into child: Category:Quill of Destiny
Visited 123 categories so far… (current: Category:Quill of Destiny)
[depth 3] Fetching subcategories for: Category:Quill of Destiny
[depth 3] Fetching direct pages for: Category:Quill of Destiny
[depth 2] Recursing into child: Category:Riyu the Dragon
Visited 124 categories so far… (current: Category:Riyu the Dragon)
[depth 3] Fetching subcategories for: Category:Riyu the Dragon
[depth 3] Fetching direct pages for: Category:Riyu the Dragon
[depth 1] Recursing into child: Category:Amber Spiral
Visited 125 categories so far… (current: Category:Amber Spiral)
[depth 2] Fetching subcategories for: Category:Amber Spiral
[depth 2] Fetching direct pages for: Category:Amber Spiral
[depth 1] Recursing into child: Category:Book Series
Visited 126 categories so far… (current: Category:Book Series)
[depth 2] Fetching subcategories for: Category:Book Series
[depth 2] Fetching direct pages for: Category:Book Series
[depth 1] Recursing into child: Category:Chapter Books
Visited 127 categories so far… (current: Category:Chapter Books)
[depth 2] Fetching subcategories for: Category:Chapter Books
[depth 2] Fetching direct pages for: Category:Chapter Books
[depth 1] Recursing into child: Category:Dark Island Trilogy
Visited 128 categories so far… (current: Category:Dark Island Trilogy)
[depth 2] Fetching subcategories for: Category:Dark Island Trilogy
[depth 2] Fetching direct pages for: Category:Dark Island Trilogy
[depth 1] Recursing into child: Category:Garmadon (comic series)
Visited 129 categories so far… (current: Category:Garmadon (comic series))
[depth 2] Fetching subcategories for: Category:Garmadon (comic series)
[depth 2] Fetching direct pages for: Category:Garmadon (comic series)
[depth 1] Recursing into child: Category:Graphic Novels
Visited 130 categories so far… (current: Category:Graphic Novels)
[depth 2] Fetching subcategories for: Category:Graphic Novels
[depth 2] Fetching direct pages for: Category:Graphic Novels
[depth 1] Recursing into child: Category:In-universe books
Visited 131 categories so far… (current: Category:In-universe books)
[depth 2] Fetching subcategories for: Category:In-universe books
[depth 2] Fetching direct pages for: Category:In-universe books
[depth 1] Recursing into child: Category:Quill of Destiny
[depth 1] Recursing into child: Category:Readers
Visited 132 categories so far… (current: Category:Readers)
[depth 2] Fetching subcategories for: Category:Readers
[depth 2] Fetching direct pages for: Category:Readers
[depth 1] Recursing into child: Category:Riyu the Dragon
[depth 1] Recursing into child: Category:Shatterspin (comic series)
Visited 133 categories so far… (current: Category:Shatterspin (comic series))
[depth 2] Fetching subcategories for: Category:Shatterspin (comic series)
[depth 2] Fetching direct pages for: Category:Shatterspin (comic series)
[depth 1] Recursing into child: Category:Spinjitzu Brothers
Visited 134 categories so far… (current: Category:Spinjitzu Brothers)
[depth 2] Fetching subcategories for: Category:Spinjitzu Brothers
[depth 2] Fetching direct pages for: Category:Spinjitzu Brothers
[depth 1] Recursing into child: Category:Strike of the Serpentine
Visited 135 categories so far… (current: Category:Strike of the Serpentine)
[depth 2] Fetching subcategories for: Category:Strike of the Serpentine
[depth 2] Fetching direct pages for: Category:Strike of the Serpentine
[depth 1] Recursing into child: Category:The Splinter in the Blind Man's Eye
Visited 136 categories so far… (current: Category:The Splinter in the Blind Man's Eye)
[depth 2] Fetching subcategories for: Category:The Splinter in the Blind Man's Eye
[depth 2] Fetching direct pages for: Category:The Splinter in the Blind Man's Eye
[depth 1] Recursing into child: Category:Way of the Departed
Visited 137 categories so far… (current: Category:Way of the Departed)
[depth 2] Fetching subcategories for: Category:Way of the Departed
[depth 2] Fetching direct pages for: Category:Way of the Departed
[depth 0] Recursing into child: Category:Cards
Visited 138 categories so far… (current: Category:Cards)
[depth 1] Fetching subcategories for: Category:Cards
[depth 1] Fetching direct pages for: Category:Cards
[depth 1] Recursing into child: Category:113 Mix and Match Ninjago
Visited 139 categories so far… (current: Category:113 Mix and Match Ninjago)
[depth 2] Fetching subcategories for: Category:113 Mix and Match Ninjago
[depth 2] Fetching direct pages for: Category:113 Mix and Match Ninjago
[depth 1] Recursing into child: Category:2011 cards
Visited 140 categories so far… (current: Category:2011 cards)
[depth 2] Fetching subcategories for: Category:2011 cards
[depth 2] Fetching direct pages for: Category:2011 cards
[depth 2] Recursing into child: Category:Wave 1 cards
Visited 141 categories so far… (current: Category:Wave 1 cards)
[depth 3] Fetching subcategories for: Category:Wave 1 cards
[depth 3] Fetching direct pages for: Category:Wave 1 cards
[depth 3] Recursing into child: Category:Wave 1 Battle cards
Visited 142 categories so far… (current: Category:Wave 1 Battle cards)
[depth 4] Fetching subcategories for: Category:Wave 1 Battle cards
[depth 4] Fetching direct pages for: Category:Wave 1 Battle cards
[depth 4] Recursing into child: Category:Wave 1 Build cards
Visited 143 categories so far… (current: Category:Wave 1 Build cards)
[depth 5] Fetching subcategories for: Category:Wave 1 Build cards
[depth 5] Fetching direct pages for: Category:Wave 1 Build cards
[depth 4] Recursing into child: Category:Wave 1 Confuse cards
Visited 144 categories so far… (current: Category:Wave 1 Confuse cards)
[depth 5] Fetching subcategories for: Category:Wave 1 Confuse cards
[depth 5] Fetching direct pages for: Category:Wave 1 Confuse cards
[depth 4] Recursing into child: Category:Wave 1 Control cards
Visited 145 categories so far… (current: Category:Wave 1 Control cards)
[depth 5] Fetching subcategories for: Category:Wave 1 Control cards
[depth 5] Fetching direct pages for: Category:Wave 1 Control cards
[depth 4] Recursing into child: Category:Wave 1 Force cards
Visited 146 categories so far… (current: Category:Wave 1 Force cards)
[depth 5] Fetching subcategories for: Category:Wave 1 Force cards
[depth 5] Fetching direct pages for: Category:Wave 1 Force cards
[depth 4] Recursing into child: Category:Wave 1 Golden cards
Visited 147 categories so far… (current: Category:Wave 1 Golden cards)
[depth 5] Fetching subcategories for: Category:Wave 1 Golden cards
[depth 5] Fetching direct pages for: Category:Wave 1 Golden cards
[depth 4] Recursing into child: Category:Wave 1 Trap cards (Spinners)
Visited 148 categories so far… (current: Category:Wave 1 Trap cards (Spinners))
[depth 5] Fetching subcategories for: Category:Wave 1 Trap cards (Spinners)
[depth 5] Fetching direct pages for: Category:Wave 1 Trap cards (Spinners)
[depth 3] Recursing into child: Category:Wave 1 Build cards
[depth 3] Recursing into child: Category:Wave 1 Character cards (Spinners)
Visited 149 categories so far… (current: Category:Wave 1 Character cards (Spinners))
[depth 4] Fetching subcategories for: Category:Wave 1 Character cards (Spinners)
[depth 4] Fetching direct pages for: Category:Wave 1 Character cards (Spinners)
[depth 3] Recursing into child: Category:Wave 1 Confuse cards
[depth 3] Recursing into child: Category:Wave 1 Control cards
[depth 3] Recursing into child: Category:Wave 1 Earth cards
Visited 150 categories so far… (current: Category:Wave 1 Earth cards)
── Progress: 150 categories visited (still walking the tree…) ──
[depth 4] Fetching subcategories for: Category:Wave 1 Earth cards
[depth 4] Fetching direct pages for: Category:Wave 1 Earth cards
[depth 3] Recursing into child: Category:Wave 1 Fire cards
Visited 151 categories so far… (current: Category:Wave 1 Fire cards)
[depth 4] Fetching subcategories for: Category:Wave 1 Fire cards
[depth 4] Fetching direct pages for: Category:Wave 1 Fire cards
[depth 3] Recursing into child: Category:Wave 1 Force cards
[depth 3] Recursing into child: Category:Wave 1 Golden cards
[depth 3] Recursing into child: Category:Wave 1 Ice cards
Visited 152 categories so far… (current: Category:Wave 1 Ice cards)
[depth 4] Fetching subcategories for: Category:Wave 1 Ice cards
[depth 4] Fetching direct pages for: Category:Wave 1 Ice cards
[depth 3] Recursing into child: Category:Wave 1 Lightning cards
Visited 153 categories so far… (current: Category:Wave 1 Lightning cards)
[depth 4] Fetching subcategories for: Category:Wave 1 Lightning cards
[depth 4] Fetching direct pages for: Category:Wave 1 Lightning cards
[depth 3] Recursing into child: Category:Wave 1 Special Edition cards
Visited 154 categories so far… (current: Category:Wave 1 Special Edition cards)
[depth 4] Fetching subcategories for: Category:Wave 1 Special Edition cards
[depth 4] Fetching direct pages for: Category:Wave 1 Special Edition cards
[depth 3] Recursing into child: Category:Wave 1 Trap cards (Spinners)
[depth 1] Recursing into child: Category:2012 cards
Visited 155 categories so far… (current: Category:2012 cards)
[depth 2] Fetching subcategories for: Category:2012 cards
[depth 2] Fetching direct pages for: Category:2012 cards
[depth 1] Recursing into child: Category:2016 Action cards
Visited 156 categories so far… (current: Category:2016 Action cards)
[depth 2] Fetching subcategories for: Category:2016 Action cards
[depth 2] Fetching direct pages for: Category:2016 Action cards
[depth 1] Recursing into child: Category:2016 Character cards
Visited 157 categories so far… (current: Category:2016 Character cards)
[depth 2] Fetching subcategories for: Category:2016 Character cards
[depth 2] Fetching direct pages for: Category:2016 Character cards
[depth 1] Recursing into child: Category:2016 Vehicle cards
Visited 158 categories so far… (current: Category:2016 Vehicle cards)
[depth 2] Fetching subcategories for: Category:2016 Vehicle cards
[depth 2] Fetching direct pages for: Category:2016 Vehicle cards
[depth 1] Recursing into child: Category:2016 cards
Visited 159 categories so far… (current: Category:2016 cards)
[depth 2] Fetching subcategories for: Category:2016 cards
[depth 2] Fetching direct pages for: Category:2016 cards
[depth 2] Recursing into child: Category:2016 Action cards
[depth 2] Recursing into child: Category:2016 Character cards
[depth 2] Recursing into child: Category:2016 Vehicle cards
[depth 1] Recursing into child: Category:2017 Character cards
Visited 160 categories so far… (current: Category:2017 Character cards)
[depth 2] Fetching subcategories for: Category:2017 Character cards
[depth 2] Fetching direct pages for: Category:2017 Character cards
[depth 1] Recursing into child: Category:2017 cards
Visited 161 categories so far… (current: Category:2017 cards)
[depth 2] Fetching subcategories for: Category:2017 cards
[depth 2] Fetching direct pages for: Category:2017 cards
[depth 2] Recursing into child: Category:2017 Character cards
[depth 1] Recursing into child: Category:2018 cards
Visited 162 categories so far… (current: Category:2018 cards)
[depth 2] Fetching subcategories for: Category:2018 cards
[depth 2] Fetching direct pages for: Category:2018 cards
[depth 1] Recursing into child: Category:2024 Character cards
Visited 163 categories so far… (current: Category:2024 Character cards)
[depth 2] Fetching subcategories for: Category:2024 Character cards
[depth 2] Fetching direct pages for: Category:2024 Character cards
[depth 1] Recursing into child: Category:2024 cards
Visited 164 categories so far… (current: Category:2024 cards)
[depth 2] Fetching subcategories for: Category:2024 cards
[depth 2] Fetching direct pages for: Category:2024 cards
[depth 2] Recursing into child: Category:2024 Character cards
[depth 1] Recursing into child: Category:Action cards
Visited 165 categories so far… (current: Category:Action cards)
[depth 2] Fetching subcategories for: Category:Action cards
[depth 2] Fetching direct pages for: Category:Action cards
[depth 2] Recursing into child: Category:2016 Action cards
[depth 2] Recursing into child: Category:Action cards Series 1
Visited 166 categories so far… (current: Category:Action cards Series 1)
[depth 3] Fetching subcategories for: Category:Action cards Series 1
[depth 3] Fetching direct pages for: Category:Action cards Series 1
[depth 1] Recursing into child: Category:Action cards Series 1
[depth 1] Recursing into child: Category:Build cards
Visited 167 categories so far… (current: Category:Build cards)
[depth 2] Fetching subcategories for: Category:Build cards
[depth 2] Fetching direct pages for: Category:Build cards
[depth 2] Recursing into child: Category:Wave 1 Build cards
[depth 1] Recursing into child: Category:Character cards (Spinners)
Visited 168 categories so far… (current: Category:Character cards (Spinners))
[depth 2] Fetching subcategories for: Category:Character cards (Spinners)
[depth 2] Fetching direct pages for: Category:Character cards (Spinners)
[depth 2] Recursing into child: Category:Wave 1 Character cards (Spinners)
[depth 1] Recursing into child: Category:Character cards (TCG)
Visited 169 categories so far… (current: Category:Character cards (TCG))
[depth 2] Fetching subcategories for: Category:Character cards (TCG)
[depth 2] Fetching direct pages for: Category:Character cards (TCG)
[depth 2] Recursing into child: Category:2016 Character cards
[depth 2] Recursing into child: Category:2017 Character cards
[depth 2] Recursing into child: Category:2024 Character cards
[depth 2] Recursing into child: Category:Character cards Series 1
Visited 170 categories so far… (current: Category:Character cards Series 1)
[depth 3] Fetching subcategories for: Category:Character cards Series 1
[depth 3] Fetching direct pages for: Category:Character cards Series 1
[depth 2] Recursing into child: Category:Character cards Series 2
Visited 171 categories so far… (current: Category:Character cards Series 2)
[depth 3] Fetching subcategories for: Category:Character cards Series 2
[depth 3] Fetching direct pages for: Category:Character cards Series 2
[depth 2] Recursing into child: Category:Character cards Series 9 Next Level
Visited 172 categories so far… (current: Category:Character cards Series 9 Next Level)
[depth 3] Fetching subcategories for: Category:Character cards Series 9 Next Level
[depth 3] Fetching direct pages for: Category:Character cards Series 9 Next Level
[depth 2] Recursing into child: Category:Limited Edition Character cards (TCG)
Visited 173 categories so far… (current: Category:Limited Edition Character cards (TCG))
[depth 3] Fetching subcategories for: Category:Limited Edition Character cards (TCG)
[depth 3] Fetching direct pages for: Category:Limited Edition Character cards (TCG)
[depth 1] Recursing into child: Category:Character cards Series 1
[depth 1] Recursing into child: Category:Character cards Series 2
[depth 1] Recursing into child: Category:Character cards Series 9 Next Level
[depth 1] Recursing into child: Category:Confuse cards
Visited 174 categories so far… (current: Category:Confuse cards)
[depth 2] Fetching subcategories for: Category:Confuse cards
[depth 2] Fetching direct pages for: Category:Confuse cards
[depth 2] Recursing into child: Category:Wave 1 Confuse cards
[depth 1] Recursing into child: Category:Control cards
Visited 175 categories so far… (current: Category:Control cards)
[depth 2] Fetching subcategories for: Category:Control cards
[depth 2] Fetching direct pages for: Category:Control cards
[depth 2] Recursing into child: Category:Wave 1 Control cards
[depth 1] Recursing into child: Category:Force cards
Visited 176 categories so far… (current: Category:Force cards)
[depth 2] Fetching subcategories for: Category:Force cards
[depth 2] Fetching direct pages for: Category:Force cards
[depth 2] Recursing into child: Category:Wave 1 Force cards
[depth 1] Recursing into child: Category:Golden cards
Visited 177 categories so far… (current: Category:Golden cards)
[depth 2] Fetching subcategories for: Category:Golden cards
[depth 2] Fetching direct pages for: Category:Golden cards
[depth 2] Recursing into child: Category:Wave 1 Golden cards
[depth 1] Recursing into child: Category:Limited Edition Character cards (TCG)
[depth 1] Recursing into child: Category:Ninjago Spinners
Visited 178 categories so far… (current: Category:Ninjago Spinners)
[depth 2] Fetching subcategories for: Category:Ninjago Spinners
[depth 2] Fetching direct pages for: Category:Ninjago Spinners
[depth 2] Recursing into child: Category:Ninjago Spinners cards
Visited 179 categories so far… (current: Category:Ninjago Spinners cards)
[depth 3] Fetching subcategories for: Category:Ninjago Spinners cards
[depth 3] Fetching direct pages for: Category:Ninjago Spinners cards
[depth 3] Recursing into child: Category:Battle cards
Visited 180 categories so far… (current: Category:Battle cards)
[depth 4] Fetching subcategories for: Category:Battle cards
[depth 4] Fetching direct pages for: Category:Battle cards
[depth 4] Recursing into child: Category:Build cards
[depth 4] Recursing into child: Category:Confuse cards
[depth 4] Recursing into child: Category:Control cards
[depth 4] Recursing into child: Category:Force cards
[depth 4] Recursing into child: Category:Golden cards
[depth 4] Recursing into child: Category:Power cards
Visited 181 categories so far… (current: Category:Power cards)
[depth 5] Fetching subcategories for: Category:Power cards
[depth 5] Fetching direct pages for: Category:Power cards
[depth 4] Recursing into child: Category:Scroll cards
Visited 182 categories so far… (current: Category:Scroll cards)
[depth 5] Fetching subcategories for: Category:Scroll cards
[depth 5] Fetching direct pages for: Category:Scroll cards
[depth 4] Recursing into child: Category:Trap cards (Spinners)
Visited 183 categories so far… (current: Category:Trap cards (Spinners))
[depth 5] Fetching subcategories for: Category:Trap cards (Spinners)
[depth 5] Fetching direct pages for: Category:Trap cards (Spinners)
[depth 5] Recursing into child: Category:Wave 1 Trap cards (Spinners)
[depth 4] Recursing into child: Category:Wave 1 Battle cards
[depth 3] Recursing into child: Category:Character cards (Spinners)
[depth 3] Recursing into child: Category:Earth cards
Visited 184 categories so far… (current: Category:Earth cards)
[depth 4] Fetching subcategories for: Category:Earth cards
[depth 4] Fetching direct pages for: Category:Earth cards
[depth 4] Recursing into child: Category:Wave 1 Earth cards
[depth 3] Recursing into child: Category:Fire cards
Visited 185 categories so far… (current: Category:Fire cards)
[depth 4] Fetching subcategories for: Category:Fire cards
[depth 4] Fetching direct pages for: Category:Fire cards
[depth 4] Recursing into child: Category:Wave 1 Fire cards
[depth 3] Recursing into child: Category:Ice cards
Visited 186 categories so far… (current: Category:Ice cards)
[depth 4] Fetching subcategories for: Category:Ice cards
[depth 4] Fetching direct pages for: Category:Ice cards
[depth 4] Recursing into child: Category:Wave 1 Ice cards
[depth 3] Recursing into child: Category:Lightning cards
Visited 187 categories so far… (current: Category:Lightning cards)
[depth 4] Fetching subcategories for: Category:Lightning cards
[depth 4] Fetching direct pages for: Category:Lightning cards
[depth 4] Recursing into child: Category:Wave 1 Lightning cards
[depth 3] Recursing into child: Category:Wave 1 cards
[depth 1] Recursing into child: Category:Ninjago Spinners cards
[depth 1] Recursing into child: Category:Scroll cards
[depth 1] Recursing into child: Category:Special Edition cards
Visited 188 categories so far… (current: Category:Special Edition cards)
[depth 2] Fetching subcategories for: Category:Special Edition cards
[depth 2] Fetching direct pages for: Category:Special Edition cards
[depth 2] Recursing into child: Category:Wave 1 Special Edition cards
[depth 1] Recursing into child: Category:Trading Card Game
Visited 189 categories so far… (current: Category:Trading Card Game)
[depth 2] Fetching subcategories for: Category:Trading Card Game
[depth 2] Fetching direct pages for: Category:Trading Card Game
[depth 2] Recursing into child: Category:Trading Card Game cards
Visited 190 categories so far… (current: Category:Trading Card Game cards)
[depth 3] Fetching subcategories for: Category:Trading Card Game cards
[depth 3] Fetching direct pages for: Category:Trading Card Game cards
[depth 3] Recursing into child: Category:2016 cards
[depth 3] Recursing into child: Category:2017 cards
[depth 3] Recursing into child: Category:2018 cards
[depth 3] Recursing into child: Category:2024 cards
[depth 3] Recursing into child: Category:Action cards
[depth 3] Recursing into child: Category:Character cards (TCG)
[depth 3] Recursing into child: Category:Trading Card Game Limited Edition cards
Visited 191 categories so far… (current: Category:Trading Card Game Limited Edition cards)
[depth 4] Fetching subcategories for: Category:Trading Card Game Limited Edition cards
[depth 4] Fetching direct pages for: Category:Trading Card Game Limited Edition cards
[depth 3] Recursing into child: Category:Trading Card Game Series 1 cards
Visited 192 categories so far… (current: Category:Trading Card Game Series 1 cards)
[depth 4] Fetching subcategories for: Category:Trading Card Game Series 1 cards
[depth 4] Fetching direct pages for: Category:Trading Card Game Series 1 cards
[depth 4] Recursing into child: Category:Action cards Series 1
[depth 4] Recursing into child: Category:Character cards Series 1
[depth 4] Recursing into child: Category:Vehicle cards Series 1
Visited 193 categories so far… (current: Category:Vehicle cards Series 1)
[depth 5] Fetching subcategories for: Category:Vehicle cards Series 1
[depth 5] Fetching direct pages for: Category:Vehicle cards Series 1
[depth 3] Recursing into child: Category:Trading Card Game Series 2 cards
Visited 194 categories so far… (current: Category:Trading Card Game Series 2 cards)
[depth 4] Fetching subcategories for: Category:Trading Card Game Series 2 cards
[depth 4] Fetching direct pages for: Category:Trading Card Game Series 2 cards
[depth 4] Recursing into child: Category:Character cards Series 2
[depth 3] Recursing into child: Category:Trading Card Game Series 9 Next Level cards
Visited 195 categories so far… (current: Category:Trading Card Game Series 9 Next Level cards)
[depth 4] Fetching subcategories for: Category:Trading Card Game Series 9 Next Level cards
[depth 4] Fetching direct pages for: Category:Trading Card Game Series 9 Next Level cards
[depth 4] Recursing into child: Category:Character cards Series 9 Next Level
[depth 3] Recursing into child: Category:Trap cards (TCG)
Visited 196 categories so far… (current: Category:Trap cards (TCG))
[depth 4] Fetching subcategories for: Category:Trap cards (TCG)
[depth 4] Fetching direct pages for: Category:Trap cards (TCG)
[depth 3] Recursing into child: Category:Vehicle cards
Visited 197 categories so far… (current: Category:Vehicle cards)
[depth 4] Fetching subcategories for: Category:Vehicle cards
[depth 4] Fetching direct pages for: Category:Vehicle cards
[depth 4] Recursing into child: Category:2016 Vehicle cards
[depth 4] Recursing into child: Category:Vehicle cards Series 1
[depth 1] Recursing into child: Category:Trading Card Game Limited Edition cards
[depth 1] Recursing into child: Category:Trading Card Game Series 1 cards
[depth 1] Recursing into child: Category:Trading Card Game Series 2 cards
[depth 1] Recursing into child: Category:Trading Card Game Series 9 Next Level cards
[depth 1] Recursing into child: Category:Trading Card Game cards
[depth 1] Recursing into child: Category:Trap cards (Spinners)
[depth 1] Recursing into child: Category:Trap cards (TCG)
[depth 1] Recursing into child: Category:Vehicle cards
[depth 1] Recursing into child: Category:Vehicle cards Series 1
[depth 0] Recursing into child: Category:Character History
Visited 198 categories so far… (current: Category:Character History)
[depth 1] Fetching subcategories for: Category:Character History
[depth 1] Fetching direct pages for: Category:Character History
[depth 0] Recursing into child: Category:Character Relationship
Visited 199 categories so far… (current: Category:Character Relationship)
[depth 1] Fetching subcategories for: Category:Character Relationship
[depth 1] Fetching direct pages for: Category:Character Relationship
[depth 0] Recursing into child: Category:Characters
Visited 200 categories so far… (current: Category:Characters)
── Progress: 200 categories visited (still walking the tree…) ──
[depth 1] Fetching subcategories for: Category:Characters
[depth 1] Fetching direct pages for: Category:Characters
[depth 1] continuation (cmcontinue) direct pages: Category:Characters
[depth 1] continuation (cmcontinue) direct pages: Category:Characters
[depth 1] Recursing into child: Category:2011 characters
Visited 201 categories so far… (current: Category:2011 characters)
[depth 2] Fetching subcategories for: Category:2011 characters
[depth 2] Fetching direct pages for: Category:2011 characters
[depth 1] Recursing into child: Category:2012 characters
Visited 202 categories so far… (current: Category:2012 characters)
[depth 2] Fetching subcategories for: Category:2012 characters
[depth 2] Fetching direct pages for: Category:2012 characters
[depth 1] Recursing into child: Category:2013 characters
Visited 203 categories so far… (current: Category:2013 characters)
[depth 2] Fetching subcategories for: Category:2013 characters
[depth 2] Fetching direct pages for: Category:2013 characters
[depth 1] Recursing into child: Category:2014 characters
Visited 204 categories so far… (current: Category:2014 characters)
[depth 2] Fetching subcategories for: Category:2014 characters
[depth 2] Fetching direct pages for: Category:2014 characters
[depth 1] Recursing into child: Category:2015 characters
Visited 205 categories so far… (current: Category:2015 characters)
[depth 2] Fetching subcategories for: Category:2015 characters
[depth 2] Fetching direct pages for: Category:2015 characters
[depth 1] Recursing into child: Category:2016 characters
Visited 206 categories so far… (current: Category:2016 characters)
[depth 2] Fetching subcategories for: Category:2016 characters
[depth 2] Fetching direct pages for: Category:2016 characters
[depth 1] Recursing into child: Category:2017 characters
Visited 207 categories so far… (current: Category:2017 characters)
[depth 2] Fetching subcategories for: Category:2017 characters
[depth 2] Fetching direct pages for: Category:2017 characters
[depth 1] Recursing into child: Category:2018 characters
Visited 208 categories so far… (current: Category:2018 characters)
[depth 2] Fetching subcategories for: Category:2018 characters
[depth 2] Fetching direct pages for: Category:2018 characters
[depth 1] Recursing into child: Category:2019 characters
Visited 209 categories so far… (current: Category:2019 characters)
[depth 2] Fetching subcategories for: Category:2019 characters
[depth 2] Fetching direct pages for: Category:2019 characters
[depth 1] Recursing into child: Category:2020 characters
Visited 210 categories so far… (current: Category:2020 characters)
[depth 2] Fetching subcategories for: Category:2020 characters
[depth 2] Fetching direct pages for: Category:2020 characters
[depth 1] Recursing into child: Category:2021 characters
Visited 211 categories so far… (current: Category:2021 characters)
[depth 2] Fetching subcategories for: Category:2021 characters
[depth 2] Fetching direct pages for: Category:2021 characters
[depth 1] Recursing into child: Category:2022 characters
Visited 212 categories so far… (current: Category:2022 characters)
[depth 2] Fetching subcategories for: Category:2022 characters
[depth 2] Fetching direct pages for: Category:2022 characters
[depth 1] Recursing into child: Category:2023 characters
Visited 213 categories so far… (current: Category:2023 characters)
[depth 2] Fetching subcategories for: Category:2023 characters
[depth 2] Fetching direct pages for: Category:2023 characters
[depth 1] Recursing into child: Category:2024 characters
Visited 214 categories so far… (current: Category:2024 characters)
[depth 2] Fetching subcategories for: Category:2024 characters
[depth 2] Fetching direct pages for: Category:2024 characters
[depth 1] Recursing into child: Category:2025 characters
Visited 215 categories so far… (current: Category:2025 characters)
[depth 2] Fetching subcategories for: Category:2025 characters
[depth 2] Fetching direct pages for: Category:2025 characters
[depth 1] Recursing into child: Category:2026 characters
Visited 216 categories so far… (current: Category:2026 characters)
[depth 2] Fetching subcategories for: Category:2026 characters
[depth 2] Fetching direct pages for: Category:2026 characters
[depth 1] Recursing into child: Category:Administration Agents
Visited 217 categories so far… (current: Category:Administration Agents)
[depth 2] Fetching subcategories for: Category:Administration Agents
[depth 2] Fetching direct pages for: Category:Administration Agents
[depth 1] Recursing into child: Category:Airjitzu Master
Visited 218 categories so far… (current: Category:Airjitzu Master)
[depth 2] Fetching subcategories for: Category:Airjitzu Master
[depth 2] Fetching direct pages for: Category:Airjitzu Master
[depth 1] Recursing into child: Category:Anacondrai Cultists
Visited 219 categories so far… (current: Category:Anacondrai Cultists)
[depth 2] Fetching subcategories for: Category:Anacondrai Cultists
[depth 2] Fetching direct pages for: Category:Anacondrai Cultists
[depth 1] Recursing into child: Category:Ancient beings
Visited 220 categories so far… (current: Category:Ancient beings)
[depth 2] Fetching subcategories for: Category:Ancient beings
[depth 2] Fetching direct pages for: Category:Ancient beings
[depth 2] Recursing into child: Category:Source Dragons
[depth 1] Recursing into child: Category:Animals
Visited 221 categories so far… (current: Category:Animals)
[depth 2] Fetching subcategories for: Category:Animals
[depth 2] Fetching direct pages for: Category:Animals
[depth 2] Recursing into child: Category:Anthropomorphic animals
Visited 222 categories so far… (current: Category:Anthropomorphic animals)
[depth 3] Fetching subcategories for: Category:Anthropomorphic animals
[depth 3] Fetching direct pages for: Category:Anthropomorphic animals
[depth 3] Recursing into child: Category:Anacondrai
Visited 223 categories so far… (current: Category:Anacondrai)
[depth 4] Fetching subcategories for: Category:Anacondrai
[depth 4] Fetching direct pages for: Category:Anacondrai
[depth 4] Recursing into child: Category:Serpentine abilities
[depth 4] Recursing into child: Category:Soldiers
Visited 224 categories so far… (current: Category:Soldiers)
[depth 5] Fetching subcategories for: Category:Soldiers
[depth 5] Fetching direct pages for: Category:Soldiers
[depth 3] Recursing into child: Category:Constrictai
Visited 225 categories so far… (current: Category:Constrictai)
[depth 4] Fetching subcategories for: Category:Constrictai
[depth 4] Fetching direct pages for: Category:Constrictai
[depth 4] Recursing into child: Category:Serpentine abilities
[depth 4] Recursing into child: Category:Soldiers
[depth 3] Recursing into child: Category:Dragonians
Visited 226 categories so far… (current: Category:Dragonians)
[depth 4] Fetching subcategories for: Category:Dragonians
[depth 4] Fetching direct pages for: Category:Dragonians
[depth 3] Recursing into child: Category:Fangpyre
Visited 227 categories so far… (current: Category:Fangpyre)
[depth 4] Fetching subcategories for: Category:Fangpyre
[depth 4] Fetching direct pages for: Category:Fangpyre
[depth 4] Recursing into child: Category:Serpentine abilities
[depth 4] Recursing into child: Category:Soldiers
[depth 3] Recursing into child: Category:Hypnobrai
Visited 228 categories so far… (current: Category:Hypnobrai)
[depth 4] Fetching subcategories for: Category:Hypnobrai
[depth 4] Fetching direct pages for: Category:Hypnobrai
[depth 4] Recursing into child: Category:Serpentine abilities
[depth 4] Recursing into child: Category:Soldiers
[depth 3] Recursing into child: Category:Merlopians
Visited 229 categories so far… (current: Category:Merlopians)
[depth 4] Fetching subcategories for: Category:Merlopians
[depth 4] Fetching direct pages for: Category:Merlopians
[depth 3] Recursing into child: Category:Mucoids
Visited 230 categories so far… (current: Category:Mucoids)
[depth 4] Fetching subcategories for: Category:Mucoids
[depth 4] Fetching direct pages for: Category:Mucoids
[depth 3] Recursing into child: Category:Pyro Vipers
Visited 231 categories so far… (current: Category:Pyro Vipers)
[depth 4] Fetching subcategories for: Category:Pyro Vipers
[depth 4] Fetching direct pages for: Category:Pyro Vipers
[depth 3] Recursing into child: Category:Serpentine
Visited 232 categories so far… (current: Category:Serpentine)
[depth 4] Fetching subcategories for: Category:Serpentine
[depth 4] Fetching direct pages for: Category:Serpentine
[depth 4] Recursing into child: Category:Anacondrai
[depth 4] Recursing into child: Category:Constrictai
[depth 4] Recursing into child: Category:Fangpyre
[depth 4] Recursing into child: Category:Hypnobrai
[depth 4] Recursing into child: Category:Serpentine Generals
Visited 233 categories so far… (current: Category:Serpentine Generals)
[depth 5] Fetching subcategories for: Category:Serpentine Generals
[depth 5] Fetching direct pages for: Category:Serpentine Generals
[depth 4] Recursing into child: Category:Serpentine Tombs
Visited 234 categories so far… (current: Category:Serpentine Tombs)
[depth 5] Fetching subcategories for: Category:Serpentine Tombs
[depth 5] Fetching direct pages for: Category:Serpentine Tombs
[depth 4] Recursing into child: Category:Serpentine Tribes
Visited 235 categories so far… (current: Category:Serpentine Tribes)
[depth 5] Fetching subcategories for: Category:Serpentine Tribes
[depth 5] Fetching direct pages for: Category:Serpentine Tribes
[depth 5] Recursing into child: Category:Anacondrai
[depth 5] Recursing into child: Category:Constrictai
[depth 5] Recursing into child: Category:Fangpyre
[depth 5] Recursing into child: Category:Hypnobrai
[depth 5] Recursing into child: Category:Serpentine Tribes
[depth 5] Recursing into child: Category:Venomari
Visited 236 categories so far… (current: Category:Venomari)
[depth 6] Fetching subcategories for: Category:Venomari
[depth 6] Fetching direct pages for: Category:Venomari
[depth 6] Recursing into child: Category:Serpentine abilities
[depth 6] Recursing into child: Category:Soldiers
[depth 4] Recursing into child: Category:Serpentine abilities
[depth 4] Recursing into child: Category:Serpentine vehicles
Visited 237 categories so far… (current: Category:Serpentine vehicles)
[depth 5] Fetching subcategories for: Category:Serpentine vehicles
[depth 5] Fetching direct pages for: Category:Serpentine vehicles
[depth 4] Recursing into child: Category:Serpentine weapons
Visited 238 categories so far… (current: Category:Serpentine weapons)
[depth 5] Fetching subcategories for: Category:Serpentine weapons
[depth 5] Fetching direct pages for: Category:Serpentine weapons
[depth 4] Recursing into child: Category:Venomari
[depth 4] Recursing into child: Category:Vermillion
Visited 239 categories so far… (current: Category:Vermillion)
[depth 5] Fetching subcategories for: Category:Vermillion
[depth 5] Fetching direct pages for: Category:Vermillion
[depth 4] Recursing into child: Category:Vipers
Visited 240 categories so far… (current: Category:Vipers)
[depth 5] Fetching subcategories for: Category:Vipers
[depth 5] Fetching direct pages for: Category:Vipers
[depth 3] Recursing into child: Category:Serpentine Tribes
[depth 3] Recursing into child: Category:Venomari
[depth 3] Recursing into child: Category:Vermillion
[depth 3] Recursing into child: Category:Whack Rats
Visited 241 categories so far… (current: Category:Whack Rats)
[depth 4] Fetching subcategories for: Category:Whack Rats
[depth 4] Fetching direct pages for: Category:Whack Rats
[depth 2] Recursing into child: Category:Dragons
Visited 242 categories so far… (current: Category:Dragons)
[depth 3] Fetching subcategories for: Category:Dragons
[depth 3] Fetching direct pages for: Category:Dragons
[depth 3] Recursing into child: Category:Arc Dragons
Visited 243 categories so far… (current: Category:Arc Dragons)
[depth 4] Fetching subcategories for: Category:Arc Dragons
[depth 4] Fetching direct pages for: Category:Arc Dragons
[depth 3] Recursing into child: Category:Combination Dragons
Visited 244 categories so far… (current: Category:Combination Dragons)
[depth 4] Fetching subcategories for: Category:Combination Dragons
[depth 4] Fetching direct pages for: Category:Combination Dragons
[depth 3] Recursing into child: Category:Dragonians
[depth 3] Recursing into child: Category:Earth Dragons
[depth 3] Recursing into child: Category:Elemental Dragons
Visited 245 categories so far… (current: Category:Elemental Dragons)
[depth 4] Fetching subcategories for: Category:Elemental Dragons
[depth 4] Fetching direct pages for: Category:Elemental Dragons
[depth 3] Recursing into child: Category:Energy Dragons
[depth 3] Recursing into child: Category:Fire Dragons
[depth 3] Recursing into child: Category:Garmadon/Wu family
Visited 246 categories so far… (current: Category:Garmadon/Wu family)
[depth 4] Fetching subcategories for: Category:Garmadon/Wu family
[depth 4] Fetching direct pages for: Category:Garmadon/Wu family
[depth 3] Recursing into child: Category:Ice Dragons
Visited 247 categories so far… (current: Category:Ice Dragons)
[depth 4] Fetching subcategories for: Category:Ice Dragons
[depth 4] Fetching direct pages for: Category:Ice Dragons
[depth 3] Recursing into child: Category:Lightning Dragons
Visited 248 categories so far… (current: Category:Lightning Dragons)
[depth 4] Fetching subcategories for: Category:Lightning Dragons
[depth 4] Fetching direct pages for: Category:Lightning Dragons
[depth 3] Recursing into child: Category:Lloyd's Dragons
Visited 249 categories so far… (current: Category:Lloyd's Dragons)
[depth 4] Fetching subcategories for: Category:Lloyd's Dragons
[depth 4] Fetching direct pages for: Category:Lloyd's Dragons
[depth 3] Recursing into child: Category:Source Dragons
[depth 3] Recursing into child: Category:Water Dragons
[depth 2] Recursing into child: Category:Earth Dragons
[depth 2] Recursing into child: Category:Energy Dragons
[depth 2] Recursing into child: Category:Fire Dragons
[depth 2] Recursing into child: Category:Ice Dragons
[depth 2] Recursing into child: Category:Lightning Dragons
[depth 2] Recursing into child: Category:Pets
Visited 250 categories so far… (current: Category:Pets)
── Progress: 250 categories visited (still walking the tree…) ──
[depth 3] Fetching subcategories for: Category:Pets
[depth 3] Fetching direct pages for: Category:Pets
[depth 2] Recursing into child: Category:Serpents
Visited 251 categories so far… (current: Category:Serpents)
[depth 3] Fetching subcategories for: Category:Serpents
[depth 3] Fetching direct pages for: Category:Serpents
[depth 2] Recursing into child: Category:Species
Visited 252 categories so far… (current: Category:Species)
[depth 3] Fetching subcategories for: Category:Species
[depth 3] Fetching direct pages for: Category:Species
[depth 3] Recursing into child: Category:Craglings
Visited 253 categories so far… (current: Category:Craglings)
[depth 4] Fetching subcategories for: Category:Craglings
[depth 4] Fetching direct pages for: Category:Craglings
[depth 3] Recursing into child: Category:Devonians
Visited 254 categories so far… (current: Category:Devonians)
[depth 4] Fetching subcategories for: Category:Devonians
[depth 4] Fetching direct pages for: Category:Devonians
[depth 3] Recursing into child: Category:Djinns
Visited 255 categories so far… (current: Category:Djinns)
[depth 4] Fetching subcategories for: Category:Djinns
[depth 4] Fetching direct pages for: Category:Djinns
[depth 3] Recursing into child: Category:Elemental Monsters
Visited 256 categories so far… (current: Category:Elemental Monsters)
[depth 4] Fetching subcategories for: Category:Elemental Monsters
[depth 4] Fetching direct pages for: Category:Elemental Monsters
[depth 3] Recursing into child: Category:Formlings
Visited 257 categories so far… (current: Category:Formlings)
[depth 4] Fetching subcategories for: Category:Formlings
[depth 4] Fetching direct pages for: Category:Formlings
[depth 3] Recursing into child: Category:Geckles
Visited 258 categories so far… (current: Category:Geckles)
[depth 4] Fetching subcategories for: Category:Geckles
[depth 4] Fetching direct pages for: Category:Geckles
[depth 3] Recursing into child: Category:Ghosts
Visited 259 categories so far… (current: Category:Ghosts)
[depth 4] Fetching subcategories for: Category:Ghosts
[depth 4] Fetching direct pages for: Category:Ghosts
[depth 4] Recursing into child: Category:Characters turned into a ghost
Visited 260 categories so far… (current: Category:Characters turned into a ghost)
[depth 5] Fetching subcategories for: Category:Characters turned into a ghost
[depth 5] Fetching direct pages for: Category:Characters turned into a ghost
[depth 4] Recursing into child: Category:Ghost Warriors
Visited 261 categories so far… (current: Category:Ghost Warriors)
[depth 5] Fetching subcategories for: Category:Ghost Warriors
[depth 5] Fetching direct pages for: Category:Ghost Warriors
[depth 5] Recursing into child: Category:Ghost vehicles
Visited 262 categories so far… (current: Category:Ghost vehicles)
[depth 6] Fetching subcategories for: Category:Ghost vehicles
[depth 6] Fetching direct pages for: Category:Ghost vehicles
[depth 3] Recursing into child: Category:Greenbone Warriors
Visited 263 categories so far… (current: Category:Greenbone Warriors)
[depth 4] Fetching subcategories for: Category:Greenbone Warriors
[depth 4] Fetching direct pages for: Category:Greenbone Warriors
[depth 3] Recursing into child: Category:Humans
Visited 264 categories so far… (current: Category:Humans)
[depth 4] Fetching subcategories for: Category:Humans
[depth 4] Fetching direct pages for: Category:Humans
[depth 4] continuation (cmcontinue) direct pages: Category:Humans
[depth 4] Recursing into child: Category:Garmadon/Wu family
[depth 3] Recursing into child: Category:Insects
Visited 265 categories so far… (current: Category:Insects)
[depth 4] Fetching subcategories for: Category:Insects
[depth 4] Fetching direct pages for: Category:Insects
[depth 3] Recursing into child: Category:Keepers
Visited 266 categories so far… (current: Category:Keepers)
[depth 4] Fetching subcategories for: Category:Keepers
[depth 4] Fetching direct pages for: Category:Keepers
[depth 3] Recursing into child: Category:Lava-Tides
Visited 267 categories so far… (current: Category:Lava-Tides)
[depth 4] Fetching subcategories for: Category:Lava-Tides
[depth 4] Fetching direct pages for: Category:Lava-Tides
[depth 3] Recursing into child: Category:Lightning-Tides
Visited 268 categories so far… (current: Category:Lightning-Tides)
[depth 4] Fetching subcategories for: Category:Lightning-Tides
[depth 4] Fetching direct pages for: Category:Lightning-Tides
[depth 3] Recursing into child: Category:Magic-Tides
Visited 269 categories so far… (current: Category:Magic-Tides)
[depth 4] Fetching subcategories for: Category:Magic-Tides
[depth 4] Fetching direct pages for: Category:Magic-Tides
[depth 3] Recursing into child: Category:Merlopians
[depth 3] Recursing into child: Category:Mucoids
[depth 3] Recursing into child: Category:Mud-Tides
Visited 270 categories so far… (current: Category:Mud-Tides)
[depth 4] Fetching subcategories for: Category:Mud-Tides
[depth 4] Fetching direct pages for: Category:Mud-Tides
[depth 3] Recursing into child: Category:Munce
Visited 271 categories so far… (current: Category:Munce)
[depth 4] Fetching subcategories for: Category:Munce
[depth 4] Fetching direct pages for: Category:Munce
[depth 3] Recursing into child: Category:NPCs
Visited 272 categories so far… (current: Category:NPCs)
[depth 4] Fetching subcategories for: Category:NPCs
[depth 4] Fetching direct pages for: Category:NPCs
[depth 3] Recursing into child: Category:Oni
Visited 273 categories so far… (current: Category:Oni)
[depth 4] Fetching subcategories for: Category:Oni
[depth 4] Fetching direct pages for: Category:Oni
[depth 4] Recursing into child: Category:Garmadon/Wu family
[depth 3] Recursing into child: Category:Serpentine
[depth 3] Recursing into child: Category:Spiders
Visited 274 categories so far… (current: Category:Spiders)
[depth 4] Fetching subcategories for: Category:Spiders
[depth 4] Fetching direct pages for: Category:Spiders
[depth 3] Recursing into child: Category:Tide-Folk
Visited 275 categories so far… (current: Category:Tide-Folk)
[depth 4] Fetching subcategories for: Category:Tide-Folk
[depth 4] Fetching direct pages for: Category:Tide-Folk
[depth 4] Recursing into child: Category:Lava-Tides
[depth 4] Recursing into child: Category:Lightning-Tides
[depth 4] Recursing into child: Category:Magic-Tides
[depth 4] Recursing into child: Category:Mud-Tides
[depth 4] Recursing into child: Category:Water-Tides
Visited 276 categories so far… (current: Category:Water-Tides)
[depth 5] Fetching subcategories for: Category:Water-Tides
[depth 5] Fetching direct pages for: Category:Water-Tides
[depth 3] Recursing into child: Category:Water-Tides
[depth 2] Recursing into child: Category:Spiders
[depth 2] Recursing into child: Category:Water Dragons
[depth 1] Recursing into child: Category:Anthropomorphic animals
[depth 1] Recursing into child: Category:Banished to the Cursed Realm
Visited 277 categories so far… (current: Category:Banished to the Cursed Realm)
[depth 2] Fetching subcategories for: Category:Banished to the Cursed Realm
[depth 2] Fetching direct pages for: Category:Banished to the Cursed Realm
[depth 1] Recursing into child: Category:Banished to the Nether-Space
Visited 278 categories so far… (current: Category:Banished to the Nether-Space)
[depth 2] Fetching subcategories for: Category:Banished to the Nether-Space
[depth 2] Fetching direct pages for: Category:Banished to the Nether-Space
[depth 1] Recursing into child: Category:Blizzard Samurai
Visited 279 categories so far… (current: Category:Blizzard Samurai)
[depth 2] Fetching subcategories for: Category:Blizzard Samurai
[depth 2] Fetching direct pages for: Category:Blizzard Samurai
[depth 1] Recursing into child: Category:Book exclusive characters
Visited 280 categories so far… (current: Category:Book exclusive characters)
[depth 2] Fetching subcategories for: Category:Book exclusive characters
[depth 2] Fetching direct pages for: Category:Book exclusive characters
[depth 1] Recursing into child: Category:Celebrities
Visited 281 categories so far… (current: Category:Celebrities)
[depth 2] Fetching subcategories for: Category:Celebrities
[depth 2] Fetching direct pages for: Category:Celebrities
[depth 1] Recursing into child: Category:Champions of the Sources
Visited 282 categories so far… (current: Category:Champions of the Sources)
[depth 2] Fetching subcategories for: Category:Champions of the Sources
[depth 2] Fetching direct pages for: Category:Champions of the Sources
[depth 1] Recursing into child: Category:Characters based on real people
Visited 283 categories so far… (current: Category:Characters based on real people)
[depth 2] Fetching subcategories for: Category:Characters based on real people
[depth 2] Fetching direct pages for: Category:Characters based on real people
[depth 1] Recursing into child: Category:Characters from other LEGO themes
Visited 284 categories so far… (current: Category:Characters from other LEGO themes)
[depth 2] Fetching subcategories for: Category:Characters from other LEGO themes
[depth 2] Fetching direct pages for: Category:Characters from other LEGO themes
[depth 1] Recursing into child: Category:Characters named after real people
Visited 285 categories so far… (current: Category:Characters named after real people)
[depth 2] Fetching subcategories for: Category:Characters named after real people
[depth 2] Fetching direct pages for: Category:Characters named after real people
[depth 1] Recursing into child: Category:Characters only appearing in sets
Visited 286 categories so far… (current: Category:Characters only appearing in sets)
[depth 2] Fetching subcategories for: Category:Characters only appearing in sets
[depth 2] Fetching direct pages for: Category:Characters only appearing in sets
[depth 1] Recursing into child: Category:Characters turned into a ghost
[depth 1] Recursing into child: Category:Characters with a surname
Visited 287 categories so far… (current: Category:Characters with a surname)
[depth 2] Fetching subcategories for: Category:Characters with a surname
[depth 2] Fetching direct pages for: Category:Characters with a surname
[depth 1] Recursing into child: Category:Characters with theme songs
Visited 288 categories so far… (current: Category:Characters with theme songs)
[depth 2] Fetching subcategories for: Category:Characters with theme songs
[depth 2] Fetching direct pages for: Category:Characters with theme songs
[depth 1] Recursing into child: Category:Characters without a minifigure
Visited 289 categories so far… (current: Category:Characters without a minifigure)
[depth 2] Fetching subcategories for: Category:Characters without a minifigure
[depth 2] Fetching direct pages for: Category:Characters without a minifigure
[depth 2] Recursing into child: Category:Book exclusive characters
[depth 2] Recursing into child: Category:Unseen characters
Visited 290 categories so far… (current: Category:Unseen characters)
[depth 3] Fetching subcategories for: Category:Unseen characters
[depth 3] Fetching direct pages for: Category:Unseen characters
[depth 1] Recursing into child: Category:Children
Visited 291 categories so far… (current: Category:Children)
[depth 2] Fetching subcategories for: Category:Children
[depth 2] Fetching direct pages for: Category:Children
[depth 1] Recursing into child: Category:Cole's family
Visited 292 categories so far… (current: Category:Cole's family)
[depth 2] Fetching subcategories for: Category:Cole's family
[depth 2] Fetching direct pages for: Category:Cole's family
[depth 1] Recursing into child: Category:Craglings
[depth 1] Recursing into child: Category:Creatures
Visited 293 categories so far… (current: Category:Creatures)
[depth 2] Fetching subcategories for: Category:Creatures
[depth 2] Fetching direct pages for: Category:Creatures
[depth 2] Recursing into child: Category:Combination Dragons
[depth 2] Recursing into child: Category:Creatures without a set
Visited 294 categories so far… (current: Category:Creatures without a set)
[depth 3] Fetching subcategories for: Category:Creatures without a set
[depth 3] Fetching direct pages for: Category:Creatures without a set
[depth 3] Recursing into child: Category:Book exclusive characters
[depth 2] Recursing into child: Category:Dragons
[depth 2] Recursing into child: Category:Earth Dragons
[depth 2] Recursing into child: Category:Elemental Dragons
[depth 2] Recursing into child: Category:Energy Dragons
[depth 2] Recursing into child: Category:Fire Dragons
[depth 2] Recursing into child: Category:Ice Dragons
[depth 2] Recursing into child: Category:Insects
[depth 2] Recursing into child: Category:Lightning Dragons
[depth 2] Recursing into child: Category:Monsters
Visited 295 categories so far… (current: Category:Monsters)
[depth 3] Fetching subcategories for: Category:Monsters
[depth 3] Fetching direct pages for: Category:Monsters
[depth 2] Recursing into child: Category:Pets
[depth 2] Recursing into child: Category:Serpents
[depth 2] Recursing into child: Category:Source Dragons
[depth 2] Recursing into child: Category:Spiders
[depth 2] Recursing into child: Category:Water Dragons
[depth 1] Recursing into child: Category:Crystal army
Visited 296 categories so far… (current: Category:Crystal army)
[depth 2] Fetching subcategories for: Category:Crystal army
[depth 2] Fetching direct pages for: Category:Crystal army
[depth 1] Recursing into child: Category:Dark Samurai
Visited 297 categories so far… (current: Category:Dark Samurai)
[depth 2] Fetching subcategories for: Category:Dark Samurai
[depth 2] Fetching direct pages for: Category:Dark Samurai
[depth 1] Recursing into child: Category:Deceased
Visited 298 categories so far… (current: Category:Deceased)
[depth 2] Fetching subcategories for: Category:Deceased
[depth 2] Fetching direct pages for: Category:Deceased
[depth 2] Recursing into child: Category:Ghosts
[depth 2] Recursing into child: Category:Revived Characters
Visited 299 categories so far… (current: Category:Revived Characters)
[depth 3] Fetching subcategories for: Category:Revived Characters
[depth 3] Fetching direct pages for: Category:Revived Characters
[depth 2] Recursing into child: Category:Skeletons
Visited 300 categories so far… (current: Category:Skeletons)
── Progress: 300 categories visited (still walking the tree…) ──
[depth 3] Fetching subcategories for: Category:Skeletons
[depth 3] Fetching direct pages for: Category:Skeletons
[depth 1] Recursing into child: Category:Delayed minifigures
Visited 301 categories so far… (current: Category:Delayed minifigures)
[depth 2] Fetching subcategories for: Category:Delayed minifigures
[depth 2] Fetching direct pages for: Category:Delayed minifigures
[depth 1] Recursing into child: Category:Devonians
[depth 1] Recursing into child: Category:Djinns
[depth 1] Recursing into child: Category:Dragon Hunters
Visited 302 categories so far… (current: Category:Dragon Hunters)
[depth 2] Fetching subcategories for: Category:Dragon Hunters
[depth 2] Fetching direct pages for: Category:Dragon Hunters
[depth 2] Recursing into child: Category:Dragon Hunters vehicles
Visited 303 categories so far… (current: Category:Dragon Hunters vehicles)
[depth 3] Fetching subcategories for: Category:Dragon Hunters vehicles
[depth 3] Fetching direct pages for: Category:Dragon Hunters vehicles
[depth 1] Recursing into child: Category:Dragons
[depth 1] Recursing into child: Category:Earth Dragons
[depth 1] Recursing into child: Category:Elemental Masters
Visited 304 categories so far… (current: Category:Elemental Masters)
[depth 2] Fetching subcategories for: Category:Elemental Masters
[depth 2] Fetching direct pages for: Category:Elemental Masters
[depth 2] Recursing into child: Category:Champions of the Sources
[depth 2] Recursing into child: Category:Elemental Masters with unknown elements
Visited 305 categories so far… (current: Category:Elemental Masters with unknown elements)
[depth 3] Fetching subcategories for: Category:Elemental Masters with unknown elements
[depth 3] Fetching direct pages for: Category:Elemental Masters with unknown elements
[depth 2] Recursing into child: Category:Ninja
Visited 306 categories so far… (current: Category:Ninja)
[depth 3] Fetching subcategories for: Category:Ninja
[depth 3] Fetching direct pages for: Category:Ninja
[depth 3] continuation (cmcontinue) direct pages: Category:Ninja
[depth 3] Recursing into child: Category:Ninja vehicles
Visited 307 categories so far… (current: Category:Ninja vehicles)
[depth 4] Fetching subcategories for: Category:Ninja vehicles
[depth 4] Fetching direct pages for: Category:Ninja vehicles
[depth 4] Recursing into child: Category:Arin's vehicles
Visited 308 categories so far… (current: Category:Arin's vehicles)
[depth 5] Fetching subcategories for: Category:Arin's vehicles
[depth 5] Fetching direct pages for: Category:Arin's vehicles
[depth 4] Recursing into child: Category:Cole's vehicles
Visited 309 categories so far… (current: Category:Cole's vehicles)
[depth 5] Fetching subcategories for: Category:Cole's vehicles
[depth 5] Fetching direct pages for: Category:Cole's vehicles
[depth 4] Recursing into child: Category:Frak's vehicles
Visited 310 categories so far… (current: Category:Frak's vehicles)
[depth 5] Fetching subcategories for: Category:Frak's vehicles
[depth 5] Fetching direct pages for: Category:Frak's vehicles
[depth 4] Recursing into child: Category:Jay's vehicles
Visited 311 categories so far… (current: Category:Jay's vehicles)
[depth 5] Fetching subcategories for: Category:Jay's vehicles
[depth 5] Fetching direct pages for: Category:Jay's vehicles
[depth 4] Recursing into child: Category:Kai's vehicles
Visited 312 categories so far… (current: Category:Kai's vehicles)
[depth 5] Fetching subcategories for: Category:Kai's vehicles
[depth 5] Fetching direct pages for: Category:Kai's vehicles
[depth 4] Recursing into child: Category:Lloyd's vehicles
Visited 313 categories so far… (current: Category:Lloyd's vehicles)
[depth 5] Fetching subcategories for: Category:Lloyd's vehicles
[depth 5] Fetching direct pages for: Category:Lloyd's vehicles
[depth 4] Recursing into child: Category:Nya's vehicles
Visited 314 categories so far… (current: Category:Nya's vehicles)
[depth 5] Fetching subcategories for: Category:Nya's vehicles
[depth 5] Fetching direct pages for: Category:Nya's vehicles
[depth 4] Recursing into child: Category:P.I.X.A.L.'s vehicles
Visited 315 categories so far… (current: Category:P.I.X.A.L.'s vehicles)
[depth 5] Fetching subcategories for: Category:P.I.X.A.L.'s vehicles
[depth 5] Fetching direct pages for: Category:P.I.X.A.L.'s vehicles
[depth 4] Recursing into child: Category:Sora's vehicles
Visited 316 categories so far… (current: Category:Sora's vehicles)
[depth 5] Fetching subcategories for: Category:Sora's vehicles
[depth 5] Fetching direct pages for: Category:Sora's vehicles
[depth 4] Recursing into child: Category:Titan Mechs
Visited 317 categories so far… (current: Category:Titan Mechs)
[depth 5] Fetching subcategories for: Category:Titan Mechs
[depth 5] Fetching direct pages for: Category:Titan Mechs
[depth 4] Recursing into child: Category:Wu's vehicles
Visited 318 categories so far… (current: Category:Wu's vehicles)
[depth 5] Fetching subcategories for: Category:Wu's vehicles
[depth 5] Fetching direct pages for: Category:Wu's vehicles
[depth 4] Recursing into child: Category:Wyldfyre's vehicles
Visited 319 categories so far… (current: Category:Wyldfyre's vehicles)
[depth 5] Fetching subcategories for: Category:Wyldfyre's vehicles
[depth 5] Fetching direct pages for: Category:Wyldfyre's vehicles
[depth 4] Recursing into child: Category:Zane's vehicles
Visited 320 categories so far… (current: Category:Zane's vehicles)
[depth 5] Fetching subcategories for: Category:Zane's vehicles
[depth 5] Fetching direct pages for: Category:Zane's vehicles
[depth 3] Recursing into child: Category:Ninja's Homes
Visited 321 categories so far… (current: Category:Ninja's Homes)
[depth 4] Fetching subcategories for: Category:Ninja's Homes
[depth 4] Fetching direct pages for: Category:Ninja's Homes
[depth 3] Recursing into child: Category:Ninja's love interests
Visited 322 categories so far… (current: Category:Ninja's love interests)
[depth 4] Fetching subcategories for: Category:Ninja's love interests
[depth 4] Fetching direct pages for: Category:Ninja's love interests
[depth 3] Recursing into child: Category:Training
Visited 323 categories so far… (current: Category:Training)
[depth 4] Fetching subcategories for: Category:Training
[depth 4] Fetching direct pages for: Category:Training
[depth 4] Recursing into child: Category:Minifigure Pods
Visited 324 categories so far… (current: Category:Minifigure Pods)
[depth 5] Fetching subcategories for: Category:Minifigure Pods
[depth 5] Fetching direct pages for: Category:Minifigure Pods
[depth 2] Recursing into child: Category:Previous Elemental Masters
Visited 325 categories so far… (current: Category:Previous Elemental Masters)
[depth 3] Fetching subcategories for: Category:Previous Elemental Masters
[depth 3] Fetching direct pages for: Category:Previous Elemental Masters
[depth 2] Recursing into child: Category:Tournament of Elements Participants
Visited 326 categories so far… (current: Category:Tournament of Elements Participants)
[depth 3] Fetching subcategories for: Category:Tournament of Elements Participants
[depth 3] Fetching direct pages for: Category:Tournament of Elements Participants
[depth 2] Recursing into child: Category:Tournament of the Sources Participants
Visited 327 categories so far… (current: Category:Tournament of the Sources Participants)
[depth 3] Fetching subcategories for: Category:Tournament of the Sources Participants
[depth 3] Fetching direct pages for: Category:Tournament of the Sources Participants
[depth 1] Recursing into child: Category:Elemental Monsters
[depth 1] Recursing into child: Category:Elemental creations
Visited 328 categories so far… (current: Category:Elemental creations)
[depth 2] Fetching subcategories for: Category:Elemental creations
[depth 2] Fetching direct pages for: Category:Elemental creations
[depth 1] Recursing into child: Category:Energy Dragons
[depth 1] Recursing into child: Category:Exclusive characters
Visited 329 categories so far… (current: Category:Exclusive characters)
[depth 2] Fetching subcategories for: Category:Exclusive characters
[depth 2] Fetching direct pages for: Category:Exclusive characters
[depth 1] Recursing into child: Category:Families
Visited 330 categories so far… (current: Category:Families)
[depth 2] Fetching subcategories for: Category:Families
[depth 2] Fetching direct pages for: Category:Families
[depth 2] Recursing into child: Category:Cole's family
[depth 2] Recursing into child: Category:Garmadon/Wu family
[depth 2] Recursing into child: Category:Jay's family
Visited 331 categories so far… (current: Category:Jay's family)
[depth 3] Fetching subcategories for: Category:Jay's family
[depth 3] Fetching direct pages for: Category:Jay's family
[depth 2] Recursing into child: Category:Kai and Nya's family
Visited 332 categories so far… (current: Category:Kai and Nya's family)
[depth 3] Fetching subcategories for: Category:Kai and Nya's family
[depth 3] Fetching direct pages for: Category:Kai and Nya's family
[depth 2] Recursing into child: Category:Parents
Visited 333 categories so far… (current: Category:Parents)
[depth 3] Fetching subcategories for: Category:Parents
[depth 3] Fetching direct pages for: Category:Parents
[depth 2] Recursing into child: Category:Royalty
Visited 334 categories so far… (current: Category:Royalty)
[depth 3] Fetching subcategories for: Category:Royalty
[depth 3] Fetching direct pages for: Category:Royalty
[depth 2] Recursing into child: Category:Siblings
Visited 335 categories so far… (current: Category:Siblings)
[depth 3] Fetching subcategories for: Category:Siblings
[depth 3] Fetching direct pages for: Category:Siblings
[depth 2] Recursing into child: Category:Zane's family
Visited 336 categories so far… (current: Category:Zane's family)
[depth 3] Fetching subcategories for: Category:Zane's family
[depth 3] Fetching direct pages for: Category:Zane's family
[depth 1] Recursing into child: Category:Females
Visited 337 categories so far… (current: Category:Females)
[depth 2] Fetching subcategories for: Category:Females
[depth 2] Fetching direct pages for: Category:Females
[depth 1] Recursing into child: Category:Fire Dragons
[depth 1] Recursing into child: Category:Former humans
Visited 338 categories so far… (current: Category:Former humans)
[depth 2] Fetching subcategories for: Category:Former humans
[depth 2] Fetching direct pages for: Category:Former humans
[depth 2] Recursing into child: Category:Ghosts
[depth 2] Recursing into child: Category:Skulkin
Visited 339 categories so far… (current: Category:Skulkin)
[depth 3] Fetching subcategories for: Category:Skulkin
[depth 3] Fetching direct pages for: Category:Skulkin
[depth 3] Recursing into child: Category:Skeleton Warriors
Visited 340 categories so far… (current: Category:Skeleton Warriors)
[depth 4] Fetching subcategories for: Category:Skeleton Warriors
[depth 4] Fetching direct pages for: Category:Skeleton Warriors
[depth 3] Recursing into child: Category:Skulkin Generals
Visited 341 categories so far… (current: Category:Skulkin Generals)
[depth 4] Fetching subcategories for: Category:Skulkin Generals
[depth 4] Fetching direct pages for: Category:Skulkin Generals
[depth 3] Recursing into child: Category:Skulkin vehicles
Visited 342 categories so far… (current: Category:Skulkin vehicles)
[depth 4] Fetching subcategories for: Category:Skulkin vehicles
[depth 4] Fetching direct pages for: Category:Skulkin vehicles
[depth 3] Recursing into child: Category:Skulkin weapons
Visited 343 categories so far… (current: Category:Skulkin weapons)
[depth 4] Fetching subcategories for: Category:Skulkin weapons
[depth 4] Fetching direct pages for: Category:Skulkin weapons
[depth 1] Recursing into child: Category:Formlings
[depth 1] Recursing into child: Category:Geckles
[depth 1] Recursing into child: Category:Generals
Visited 344 categories so far… (current: Category:Generals)
[depth 2] Fetching subcategories for: Category:Generals
[depth 2] Fetching direct pages for: Category:Generals
[depth 2] Recursing into child: Category:Serpentine Generals
[depth 2] Recursing into child: Category:Skulkin Generals
[depth 1] Recursing into child: Category:Ghost Warriors
[depth 1] Recursing into child: Category:Ghosts
[depth 1] Recursing into child: Category:Greenbone Warriors
[depth 1] Recursing into child: Category:Groups
Visited 345 categories so far… (current: Category:Groups)
[depth 2] Fetching subcategories for: Category:Groups
[depth 2] Fetching direct pages for: Category:Groups
[depth 2] Recursing into child: Category:Administration Agents
[depth 2] Recursing into child: Category:Anacondrai Cultists
[depth 2] Recursing into child: Category:Blizzard Samurai
[depth 2] Recursing into child: Category:Borg Industries
Visited 346 categories so far… (current: Category:Borg Industries)
[depth 3] Fetching subcategories for: Category:Borg Industries
[depth 3] Fetching direct pages for: Category:Borg Industries
[depth 2] Recursing into child: Category:Crystal army
[depth 2] Recursing into child: Category:Dark Samurai
[depth 2] Recursing into child: Category:Dragon Hunters
[depth 2] Recursing into child: Category:Families
[depth 2] Recursing into child: Category:GPL Tech
Visited 347 categories so far… (current: Category:GPL Tech)
[depth 3] Fetching subcategories for: Category:GPL Tech
[depth 3] Fetching direct pages for: Category:GPL Tech
[depth 2] Recursing into child: Category:Ghost Warriors
[depth 2] Recursing into child: Category:Imperians
Visited 348 categories so far… (current: Category:Imperians)
[depth 3] Fetching subcategories for: Category:Imperians
[depth 3] Fetching direct pages for: Category:Imperians
[depth 3] Recursing into child: Category:Advanced Systems Lab
Visited 349 categories so far… (current: Category:Advanced Systems Lab)
[depth 4] Fetching subcategories for: Category:Advanced Systems Lab
[depth 4] Fetching direct pages for: Category:Advanced Systems Lab
[depth 4] Recursing into child: Category:Imperians
[depth 3] Recursing into child: Category:Claws of Imperium
Visited 350 categories so far… (current: Category:Claws of Imperium)
── Progress: 350 categories visited (still walking the tree…) ──
[depth 4] Fetching subcategories for: Category:Claws of Imperium
[depth 4] Fetching direct pages for: Category:Claws of Imperium
[depth 4] Recursing into child: Category:Imperians
[depth 3] Recursing into child: Category:Freebooters
Visited 351 categories so far… (current: Category:Freebooters)
[depth 4] Fetching subcategories for: Category:Freebooters
[depth 4] Fetching direct pages for: Category:Freebooters
[depth 4] Recursing into child: Category:Imperians
[depth 3] Recursing into child: Category:Imperian vehicles
Visited 352 categories so far… (current: Category:Imperian vehicles)
[depth 4] Fetching subcategories for: Category:Imperian vehicles
[depth 4] Fetching direct pages for: Category:Imperian vehicles
[depth 3] Recursing into child: Category:Loyalists
Visited 353 categories so far… (current: Category:Loyalists)
[depth 4] Fetching subcategories for: Category:Loyalists
[depth 4] Fetching direct pages for: Category:Loyalists
[depth 4] Recursing into child: Category:Imperians
[depth 2] Recursing into child: Category:League of Jay
Visited 354 categories so far… (current: Category:League of Jay)
[depth 3] Fetching subcategories for: Category:League of Jay
[depth 3] Fetching direct pages for: Category:League of Jay
[depth 2] Recursing into child: Category:Metalonians
Visited 355 categories so far… (current: Category:Metalonians)
[depth 3] Fetching subcategories for: Category:Metalonians
[depth 3] Fetching direct pages for: Category:Metalonians
[depth 2] Recursing into child: Category:Nindroid Army
Visited 356 categories so far… (current: Category:Nindroid Army)
[depth 3] Fetching subcategories for: Category:Nindroid Army
[depth 3] Fetching direct pages for: Category:Nindroid Army
[depth 3] Recursing into child: Category:Nindroid vehicles
Visited 357 categories so far… (current: Category:Nindroid vehicles)
[depth 4] Fetching subcategories for: Category:Nindroid vehicles
[depth 4] Fetching direct pages for: Category:Nindroid vehicles
[depth 2] Recursing into child: Category:Order of Felis
Visited 358 categories so far… (current: Category:Order of Felis)
[depth 3] Fetching subcategories for: Category:Order of Felis
[depth 3] Fetching direct pages for: Category:Order of Felis
[depth 2] Recursing into child: Category:Pirates
Visited 359 categories so far… (current: Category:Pirates)
[depth 3] Fetching subcategories for: Category:Pirates
[depth 3] Fetching direct pages for: Category:Pirates
[depth 3] Recursing into child: Category:Sky Pirates
Visited 360 categories so far… (current: Category:Sky Pirates)
[depth 4] Fetching subcategories for: Category:Sky Pirates
[depth 4] Fetching direct pages for: Category:Sky Pirates
[depth 2] Recursing into child: Category:Police
Visited 361 categories so far… (current: Category:Police)
[depth 3] Fetching subcategories for: Category:Police
[depth 3] Fetching direct pages for: Category:Police
[depth 2] Recursing into child: Category:Red Crows
Visited 362 categories so far… (current: Category:Red Crows)
[depth 3] Fetching subcategories for: Category:Red Crows
[depth 3] Fetching direct pages for: Category:Red Crows
[depth 2] Recursing into child: Category:Secret Ninja Force
Visited 363 categories so far… (current: Category:Secret Ninja Force)
[depth 3] Fetching subcategories for: Category:Secret Ninja Force
[depth 3] Fetching direct pages for: Category:Secret Ninja Force
[depth 2] Recursing into child: Category:Serpentine Tribes
[depth 2] Recursing into child: Category:Skeleton Warriors
[depth 2] Recursing into child: Category:Sky Folk
Visited 364 categories so far… (current: Category:Sky Folk)
[depth 3] Fetching subcategories for: Category:Sky Folk
[depth 3] Fetching direct pages for: Category:Sky Folk
[depth 2] Recursing into child: Category:Species
[depth 2] Recursing into child: Category:Stone Army
Visited 365 categories so far… (current: Category:Stone Army)
[depth 3] Fetching subcategories for: Category:Stone Army
[depth 3] Fetching direct pages for: Category:Stone Army
[depth 3] Recursing into child: Category:Stone Army vehicles
Visited 366 categories so far… (current: Category:Stone Army vehicles)
[depth 4] Fetching subcategories for: Category:Stone Army vehicles
[depth 4] Fetching direct pages for: Category:Stone Army vehicles
[depth 2] Recursing into child: Category:Upply
Visited 367 categories so far… (current: Category:Upply)
[depth 3] Fetching subcategories for: Category:Upply
[depth 3] Fetching direct pages for: Category:Upply
[depth 2] Recursing into child: Category:Villainous factions
Visited 368 categories so far… (current: Category:Villainous factions)
[depth 3] Fetching subcategories for: Category:Villainous factions
[depth 3] Fetching direct pages for: Category:Villainous factions
[depth 3] Recursing into child: Category:Anacondrai Cultists
[depth 3] Recursing into child: Category:Blizzard Samurai
[depth 3] Recursing into child: Category:Claws of Imperium
[depth 3] Recursing into child: Category:Crystal army
[depth 3] Recursing into child: Category:Dark Samurai
[depth 3] Recursing into child: Category:Dragon Hunters
[depth 3] Recursing into child: Category:Elemental Monsters
[depth 3] Recursing into child: Category:Ghost Warriors
[depth 3] Recursing into child: Category:Greenbone Warriors
[depth 3] Recursing into child: Category:Keepers
[depth 3] Recursing into child: Category:Loyalists
[depth 3] Recursing into child: Category:Nindroid Army
[depth 3] Recursing into child: Category:Oni
[depth 3] Recursing into child: Category:Puppets
Visited 369 categories so far… (current: Category:Puppets)
[depth 4] Fetching subcategories for: Category:Puppets
[depth 4] Fetching direct pages for: Category:Puppets
[depth 3] Recursing into child: Category:Pyro Vipers
[depth 3] Recursing into child: Category:Re-Awakened
Visited 370 categories so far… (current: Category:Re-Awakened)
[depth 4] Fetching subcategories for: Category:Re-Awakened
[depth 4] Fetching direct pages for: Category:Re-Awakened
[depth 3] Recursing into child: Category:Red Crows
[depth 3] Recursing into child: Category:Reformed villains
Visited 371 categories so far… (current: Category:Reformed villains)
[depth 4] Fetching subcategories for: Category:Reformed villains
[depth 4] Fetching direct pages for: Category:Reformed villains
[depth 4] Recursing into child: Category:Dragon Hunters
[depth 4] Recursing into child: Category:Whack Rats
[depth 3] Recursing into child: Category:Serpentine
[depth 3] Recursing into child: Category:Shark Army
Visited 372 categories so far… (current: Category:Shark Army)
[depth 4] Fetching subcategories for: Category:Shark Army
[depth 4] Fetching direct pages for: Category:Shark Army
[depth 3] Recursing into child: Category:Skulkin
[depth 3] Recursing into child: Category:Sky Pirates
[depth 3] Recursing into child: Category:Sons of Garmadon (group)
Visited 373 categories so far… (current: Category:Sons of Garmadon (group))
[depth 4] Fetching subcategories for: Category:Sons of Garmadon (group)
[depth 4] Fetching direct pages for: Category:Sons of Garmadon (group)
[depth 4] Recursing into child: Category:Sons of Garmadon vehicles
Visited 374 categories so far… (current: Category:Sons of Garmadon vehicles)
[depth 5] Fetching subcategories for: Category:Sons of Garmadon vehicles
[depth 5] Fetching direct pages for: Category:Sons of Garmadon vehicles
[depth 3] Recursing into child: Category:Stone Army
[depth 3] Recursing into child: Category:Unagami's army
Visited 375 categories so far… (current: Category:Unagami's army)
[depth 4] Fetching subcategories for: Category:Unagami's army
[depth 4] Fetching direct pages for: Category:Unagami's army
[depth 3] Recursing into child: Category:Vermillion
[depth 3] Recursing into child: Category:Wolf Clan
Visited 376 categories so far… (current: Category:Wolf Clan)
[depth 4] Fetching subcategories for: Category:Wolf Clan
[depth 4] Fetching direct pages for: Category:Wolf Clan
[depth 4] Recursing into child: Category:Shatterspin
[depth 2] Recursing into child: Category:Wolf Clan
[depth 1] Recursing into child: Category:Heroes
Visited 377 categories so far… (current: Category:Heroes)
[depth 2] Fetching subcategories for: Category:Heroes
[depth 1] Recursing into child: Category:Humans
[depth 1] Recursing into child: Category:Hybrids
Visited 378 categories so far… (current: Category:Hybrids)
[depth 2] Fetching subcategories for: Category:Hybrids
[depth 2] Fetching direct pages for: Category:Hybrids
[depth 1] Recursing into child: Category:Ice Dragons
[depth 1] Recursing into child: Category:Imperians
[depth 1] Recursing into child: Category:Insects
[depth 1] Recursing into child: Category:Inventors
Visited 379 categories so far… (current: Category:Inventors)
[depth 2] Fetching subcategories for: Category:Inventors
[depth 2] Fetching direct pages for: Category:Inventors
[depth 1] Recursing into child: Category:Jay's family
[depth 1] Recursing into child: Category:Kai and Nya's family
[depth 1] Recursing into child: Category:Keepers
[depth 1] Recursing into child: Category:Kryptarium Inmates
Visited 380 categories so far… (current: Category:Kryptarium Inmates)
[depth 2] Fetching subcategories for: Category:Kryptarium Inmates
[depth 2] Fetching direct pages for: Category:Kryptarium Inmates
[depth 1] Recursing into child: Category:Lava-Tides
[depth 1] Recursing into child: Category:League of Jay
[depth 1] Recursing into child: Category:Lightning Dragons
[depth 1] Recursing into child: Category:Lightning-Tides
[depth 1] Recursing into child: Category:Magic
[depth 1] Recursing into child: Category:Magic-Tides
[depth 1] Recursing into child: Category:Main Antagonists
Visited 381 categories so far… (current: Category:Main Antagonists)
[depth 2] Fetching subcategories for: Category:Main Antagonists
[depth 2] Fetching direct pages for: Category:Main Antagonists
[depth 1] Recursing into child: Category:Males
Visited 382 categories so far… (current: Category:Males)
[depth 2] Fetching subcategories for: Category:Males
[depth 2] Fetching direct pages for: Category:Males
[depth 2] continuation (cmcontinue) direct pages: Category:Males
[depth 1] Recursing into child: Category:Mascot characters
Visited 383 categories so far… (current: Category:Mascot characters)
[depth 2] Fetching subcategories for: Category:Mascot characters
[depth 2] Fetching direct pages for: Category:Mascot characters
[depth 1] Recursing into child: Category:Masters/Sensei
Visited 384 categories so far… (current: Category:Masters/Sensei)
[depth 2] Fetching subcategories for: Category:Masters/Sensei
[depth 2] Fetching direct pages for: Category:Masters/Sensei
[depth 1] Recursing into child: Category:Merlopians
[depth 1] Recursing into child: Category:Metalonians
[depth 1] Recursing into child: Category:Monsters
[depth 1] Recursing into child: Category:Mucoids
[depth 1] Recursing into child: Category:Mud-Tides
[depth 1] Recursing into child: Category:Munce
[depth 1] Recursing into child: Category:NPCs
[depth 1] Recursing into child: Category:Neutral Characters
Visited 385 categories so far… (current: Category:Neutral Characters)
[depth 2] Fetching subcategories for: Category:Neutral Characters
[depth 2] Fetching direct pages for: Category:Neutral Characters
[depth 1] Recursing into child: Category:Nindroid Army
[depth 1] Recursing into child: Category:Nindroids
Visited 386 categories so far… (current: Category:Nindroids)
[depth 2] Fetching subcategories for: Category:Nindroids
[depth 2] Fetching direct pages for: Category:Nindroids
[depth 2] Recursing into child: Category:Nindroid Army
[depth 1] Recursing into child: Category:Ninja
[depth 1] Recursing into child: Category:Ninja's love interests
[depth 1] Recursing into child: Category:Non-binary
Visited 387 categories so far… (current: Category:Non-binary)
[depth 2] Fetching subcategories for: Category:Non-binary
[depth 2] Fetching direct pages for: Category:Non-binary
[depth 1] Recursing into child: Category:Non-speaking characters
Visited 388 categories so far… (current: Category:Non-speaking characters)
[depth 2] Fetching subcategories for: Category:Non-speaking characters
[depth 2] Fetching direct pages for: Category:Non-speaking characters
[depth 1] Recursing into child: Category:One-Shot characters
Visited 389 categories so far… (current: Category:One-Shot characters)
[depth 2] Fetching subcategories for: Category:One-Shot characters
[depth 2] Fetching direct pages for: Category:One-Shot characters
[depth 1] Recursing into child: Category:Oni
[depth 1] Recursing into child: Category:Order of Felis
[depth 1] Recursing into child: Category:Parents
[depth 1] Recursing into child: Category:Participants of Ninjaball Run
Visited 390 categories so far… (current: Category:Participants of Ninjaball Run)
[depth 2] Fetching subcategories for: Category:Participants of Ninjaball Run
[depth 2] Fetching direct pages for: Category:Participants of Ninjaball Run
[depth 1] Recursing into child: Category:Participants of Thunderblade
Visited 391 categories so far… (current: Category:Participants of Thunderblade)
[depth 2] Fetching subcategories for: Category:Participants of Thunderblade
[depth 2] Fetching direct pages for: Category:Participants of Thunderblade
[depth 1] Recursing into child: Category:Participants of the Cavern Run
Visited 392 categories so far… (current: Category:Participants of the Cavern Run)
[depth 2] Fetching subcategories for: Category:Participants of the Cavern Run
[depth 2] Fetching direct pages for: Category:Participants of the Cavern Run
[depth 1] Recursing into child: Category:Participants of the Mech Master 5000
Visited 393 categories so far… (current: Category:Participants of the Mech Master 5000)
[depth 2] Fetching subcategories for: Category:Participants of the Mech Master 5000
[depth 2] Fetching direct pages for: Category:Participants of the Mech Master 5000
[depth 1] Recursing into child: Category:Participants of the Speedway Five-Billion
Visited 394 categories so far… (current: Category:Participants of the Speedway Five-Billion)
[depth 2] Fetching subcategories for: Category:Participants of the Speedway Five-Billion
[depth 2] Fetching direct pages for: Category:Participants of the Speedway Five-Billion
[depth 1] Recursing into child: Category:Pets
[depth 1] Recursing into child: Category:Pirates
[depth 1] Recursing into child: Category:Police
[depth 1] Recursing into child: Category:Previous Elemental Masters
[depth 1] Recursing into child: Category:Pyro Vipers
[depth 1] Recursing into child: Category:Recasted characters
Visited 395 categories so far… (current: Category:Recasted characters)
[depth 2] Fetching subcategories for: Category:Recasted characters
[depth 2] Fetching direct pages for: Category:Recasted characters
[depth 1] Recursing into child: Category:Red Crows
[depth 1] Recursing into child: Category:Reformed villains
[depth 1] Recursing into child: Category:Reused character models
Visited 396 categories so far… (current: Category:Reused character models)
[depth 2] Fetching subcategories for: Category:Reused character models
[depth 2] Fetching direct pages for: Category:Reused character models
[depth 1] Recursing into child: Category:Revived Characters
[depth 1] Recursing into child: Category:Robots
Visited 397 categories so far… (current: Category:Robots)
[depth 2] Fetching subcategories for: Category:Robots
[depth 2] Fetching direct pages for: Category:Robots
[depth 2] Recursing into child: Category:Dr. Julien's creations
Visited 398 categories so far… (current: Category:Dr. Julien's creations)
[depth 3] Fetching subcategories for: Category:Dr. Julien's creations
[depth 3] Fetching direct pages for: Category:Dr. Julien's creations
[depth 2] Recursing into child: Category:Nindroid Army
[depth 2] Recursing into child: Category:Nindroids
[depth 2] Recursing into child: Category:Tournament of Robots Participants
Visited 399 categories so far… (current: Category:Tournament of Robots Participants)
[depth 3] Fetching subcategories for: Category:Tournament of Robots Participants
[depth 3] Fetching direct pages for: Category:Tournament of Robots Participants
[depth 1] Recursing into child: Category:Royalty
[depth 1] Recursing into child: Category:Rulers
Visited 400 categories so far… (current: Category:Rulers)
── Progress: 400 categories visited (still walking the tree…) ──
[depth 2] Fetching subcategories for: Category:Rulers
[depth 2] Fetching direct pages for: Category:Rulers
[depth 1] Recursing into child: Category:Samurai
Visited 401 categories so far… (current: Category:Samurai)
[depth 2] Fetching subcategories for: Category:Samurai
[depth 2] Fetching direct pages for: Category:Samurai
[depth 1] Recursing into child: Category:Scientists
Visited 402 categories so far… (current: Category:Scientists)
[depth 2] Fetching subcategories for: Category:Scientists
[depth 2] Fetching direct pages for: Category:Scientists
[depth 1] Recursing into child: Category:Scouts
Visited 403 categories so far… (current: Category:Scouts)
[depth 2] Fetching subcategories for: Category:Scouts
[depth 2] Fetching direct pages for: Category:Scouts
[depth 1] Recursing into child: Category:Secret Ninja Force
[depth 1] Recursing into child: Category:Serpentine
[depth 1] Recursing into child: Category:Siblings
[depth 1] Recursing into child: Category:Skeleton Warriors
[depth 1] Recursing into child: Category:Skeletons
[depth 1] Recursing into child: Category:Skulkin
[depth 1] Recursing into child: Category:Sky Folk
[depth 1] Recursing into child: Category:Sky Pirates
[depth 1] Recursing into child: Category:Sons of Garmadon (group)
[depth 1] Recursing into child: Category:Spinjitzu Master
Visited 404 categories so far… (current: Category:Spinjitzu Master)
[depth 2] Fetching subcategories for: Category:Spinjitzu Master
[depth 2] Fetching direct pages for: Category:Spinjitzu Master
[depth 1] Recursing into child: Category:Spirits
Visited 405 categories so far… (current: Category:Spirits)
[depth 2] Fetching subcategories for: Category:Spirits
[depth 2] Fetching direct pages for: Category:Spirits
[depth 1] Recursing into child: Category:Statues
Visited 406 categories so far… (current: Category:Statues)
[depth 2] Fetching subcategories for: Category:Statues
[depth 2] Fetching direct pages for: Category:Statues
[depth 1] Recursing into child: Category:Stone Army
[depth 1] Recursing into child: Category:Tide-Folk
[depth 1] Recursing into child: Category:Tournament of Elements Participants
[depth 1] Recursing into child: Category:Tournament of Robots Participants
[depth 1] Recursing into child: Category:Tournament of the Sources Participants
[depth 1] Recursing into child: Category:Unagami's army
[depth 1] Recursing into child: Category:Undead
Visited 407 categories so far… (current: Category:Undead)
[depth 2] Fetching subcategories for: Category:Undead
[depth 2] Fetching direct pages for: Category:Undead
[depth 2] Recursing into child: Category:Greenbone Warriors
[depth 2] Recursing into child: Category:Re-Awakened
[depth 2] Recursing into child: Category:Skulkin
[depth 1] Recursing into child: Category:Unseen characters
[depth 1] Recursing into child: Category:Upply
[depth 1] Recursing into child: Category:Villains
Visited 408 categories so far… (current: Category:Villains)
[depth 2] Fetching subcategories for: Category:Villains
[depth 2] Fetching direct pages for: Category:Villains
[depth 2] Recursing into child: Category:Anacondrai Cultists
[depth 2] Recursing into child: Category:Blizzard Samurai
[depth 2] Recursing into child: Category:Claws of Imperium
[depth 2] Recursing into child: Category:Crystal army
[depth 2] Recursing into child: Category:Dark Samurai
[depth 2] Recursing into child: Category:Dragon Hunters
[depth 2] Recursing into child: Category:Elemental Monsters
[depth 2] Recursing into child: Category:Freebooters
[depth 2] Recursing into child: Category:Ghost Warriors
[depth 2] Recursing into child: Category:Greenbone Warriors
[depth 2] Recursing into child: Category:Loyalists
[depth 2] Recursing into child: Category:Main Antagonists
[depth 2] Recursing into child: Category:Nindroid Army
[depth 2] Recursing into child: Category:Oni
[depth 2] Recursing into child: Category:Pirates
[depth 2] Recursing into child: Category:Pyro Vipers
[depth 2] Recursing into child: Category:Re-Awakened
[depth 2] Recursing into child: Category:Red Crows
[depth 2] Recursing into child: Category:Reformed villains
[depth 2] Recursing into child: Category:Serpentine
[depth 2] Recursing into child: Category:Serpents
[depth 2] Recursing into child: Category:Shark Army
[depth 2] Recursing into child: Category:Skulkin
[depth 2] Recursing into child: Category:Sky Pirates
[depth 2] Recursing into child: Category:Sons of Garmadon (group)
[depth 2] Recursing into child: Category:Stone Army
[depth 2] Recursing into child: Category:Unagami's army
[depth 2] Recursing into child: Category:Vermillion
[depth 2] Recursing into child: Category:Villainous factions
[depth 2] Recursing into child: Category:Whack Rats
[depth 2] Recursing into child: Category:Wolf Clan
[depth 1] Recursing into child: Category:Warriors
Visited 409 categories so far… (current: Category:Warriors)
[depth 2] Fetching subcategories for: Category:Warriors
[depth 2] Fetching direct pages for: Category:Warriors
[depth 2] Recursing into child: Category:Ghost Warriors
[depth 1] Recursing into child: Category:Water Dragons
[depth 1] Recursing into child: Category:Water-Tides
[depth 1] Recursing into child: Category:Whack Rats
[depth 1] Recursing into child: Category:Wizards/Sorcerers
[depth 1] Recursing into child: Category:Wolf Clan
[depth 0] Recursing into child: Category:Contests
Visited 410 categories so far… (current: Category:Contests)
[depth 1] Fetching subcategories for: Category:Contests
[depth 1] Fetching direct pages for: Category:Contests
[depth 1] Recursing into child: Category:Rebrick
Visited 411 categories so far… (current: Category:Rebrick)
[depth 2] Fetching subcategories for: Category:Rebrick
[depth 2] Fetching direct pages for: Category:Rebrick
[depth 0] Recursing into child: Category:Elements
[depth 0] Recursing into child: Category:Episodes
Visited 412 categories so far… (current: Category:Episodes)
[depth 1] Fetching subcategories for: Category:Episodes
[depth 1] Fetching direct pages for: Category:Episodes
[depth 1] Recursing into child: Category:Episodes of Crystalized
Visited 413 categories so far… (current: Category:Episodes of Crystalized)
[depth 2] Fetching subcategories for: Category:Episodes of Crystalized
[depth 2] Fetching direct pages for: Category:Episodes of Crystalized
[depth 1] Recursing into child: Category:Episodes of Decoded
Visited 414 categories so far… (current: Category:Episodes of Decoded)
[depth 2] Fetching subcategories for: Category:Episodes of Decoded
[depth 2] Fetching direct pages for: Category:Episodes of Decoded
[depth 1] Recursing into child: Category:Episodes of Hunted
Visited 415 categories so far… (current: Category:Episodes of Hunted)
[depth 2] Fetching subcategories for: Category:Episodes of Hunted
[depth 2] Fetching direct pages for: Category:Episodes of Hunted
[depth 1] Recursing into child: Category:Episodes of Kai's Monstrous Journey
Visited 416 categories so far… (current: Category:Episodes of Kai's Monstrous Journey)
[depth 2] Fetching subcategories for: Category:Episodes of Kai's Monstrous Journey
[depth 2] Fetching direct pages for: Category:Episodes of Kai's Monstrous Journey
[depth 1] Recursing into child: Category:Episodes of Legacy of the Green Ninja
Visited 417 categories so far… (current: Category:Episodes of Legacy of the Green Ninja)
[depth 2] Fetching subcategories for: Category:Episodes of Legacy of the Green Ninja
[depth 2] Fetching direct pages for: Category:Episodes of Legacy of the Green Ninja
[depth 1] Recursing into child: Category:Episodes of March of the Oni
Visited 418 categories so far… (current: Category:Episodes of March of the Oni)
[depth 2] Fetching subcategories for: Category:Episodes of March of the Oni
[depth 2] Fetching direct pages for: Category:Episodes of March of the Oni
[depth 1] Recursing into child: Category:Episodes of Master of the Mountain
Visited 419 categories so far… (current: Category:Episodes of Master of the Mountain)
[depth 2] Fetching subcategories for: Category:Episodes of Master of the Mountain
[depth 2] Fetching direct pages for: Category:Episodes of Master of the Mountain
[depth 1] Recursing into child: Category:Episodes of Monstrosity
Visited 420 categories so far… (current: Category:Episodes of Monstrosity)
[depth 2] Fetching subcategories for: Category:Episodes of Monstrosity
[depth 2] Fetching direct pages for: Category:Episodes of Monstrosity
[depth 1] Recursing into child: Category:Episodes of Operation Heavy Metal
Visited 421 categories so far… (current: Category:Episodes of Operation Heavy Metal)
[depth 2] Fetching subcategories for: Category:Episodes of Operation Heavy Metal
[depth 2] Fetching direct pages for: Category:Episodes of Operation Heavy Metal
[depth 1] Recursing into child: Category:Episodes of Possession
Visited 422 categories so far… (current: Category:Episodes of Possession)
[depth 2] Fetching subcategories for: Category:Episodes of Possession
[depth 2] Fetching direct pages for: Category:Episodes of Possession
[depth 1] Recursing into child: Category:Episodes of Prime Empire
Visited 423 categories so far… (current: Category:Episodes of Prime Empire)
[depth 2] Fetching subcategories for: Category:Episodes of Prime Empire
[depth 2] Fetching direct pages for: Category:Episodes of Prime Empire
[depth 1] Recursing into child: Category:Episodes of Rebooted
Visited 424 categories so far… (current: Category:Episodes of Rebooted)
[depth 2] Fetching subcategories for: Category:Episodes of Rebooted
[depth 2] Fetching direct pages for: Category:Episodes of Rebooted
[depth 1] Recursing into child: Category:Episodes of Return to the Wyldness
Visited 425 categories so far… (current: Category:Episodes of Return to the Wyldness)
[depth 2] Fetching subcategories for: Category:Episodes of Return to the Wyldness
[depth 2] Fetching direct pages for: Category:Episodes of Return to the Wyldness
[depth 1] Recursing into child: Category:Episodes of Rise of the Snakes
Visited 426 categories so far… (current: Category:Episodes of Rise of the Snakes)
[depth 2] Fetching subcategories for: Category:Episodes of Rise of the Snakes
[depth 2] Fetching direct pages for: Category:Episodes of Rise of the Snakes
[depth 1] Recursing into child: Category:Episodes of Seabound
Visited 427 categories so far… (current: Category:Episodes of Seabound)
[depth 2] Fetching subcategories for: Category:Episodes of Seabound
[depth 2] Fetching direct pages for: Category:Episodes of Seabound
[depth 1] Recursing into child: Category:Episodes of Season 1 (Dragons Rising)
Visited 428 categories so far… (current: Category:Episodes of Season 1 (Dragons Rising))
[depth 2] Fetching subcategories for: Category:Episodes of Season 1 (Dragons Rising)
[depth 2] Fetching direct pages for: Category:Episodes of Season 1 (Dragons Rising)
[depth 1] Recursing into child: Category:Episodes of Season 2 (Dragons Rising)
Visited 429 categories so far… (current: Category:Episodes of Season 2 (Dragons Rising))
[depth 2] Fetching subcategories for: Category:Episodes of Season 2 (Dragons Rising)
[depth 2] Fetching direct pages for: Category:Episodes of Season 2 (Dragons Rising)
[depth 1] Recursing into child: Category:Episodes of Season 3 (Dragons Rising)
Visited 430 categories so far… (current: Category:Episodes of Season 3 (Dragons Rising))
[depth 2] Fetching subcategories for: Category:Episodes of Season 3 (Dragons Rising)
[depth 2] Fetching direct pages for: Category:Episodes of Season 3 (Dragons Rising)
[depth 1] Recursing into child: Category:Episodes of Season 4 (Dragons Rising)
Visited 431 categories so far… (current: Category:Episodes of Season 4 (Dragons Rising))
[depth 2] Fetching subcategories for: Category:Episodes of Season 4 (Dragons Rising)
[depth 2] Fetching direct pages for: Category:Episodes of Season 4 (Dragons Rising)
[depth 1] Recursing into child: Category:Episodes of Secrets of the Forbidden Spinjitzu
Visited 432 categories so far… (current: Category:Episodes of Secrets of the Forbidden Spinjitzu)
[depth 2] Fetching subcategories for: Category:Episodes of Secrets of the Forbidden Spinjitzu
[depth 2] Fetching direct pages for: Category:Episodes of Secrets of the Forbidden Spinjitzu
[depth 1] Recursing into child: Category:Episodes of Skybound
Visited 433 categories so far… (current: Category:Episodes of Skybound)
[depth 2] Fetching subcategories for: Category:Episodes of Skybound
[depth 2] Fetching direct pages for: Category:Episodes of Skybound
[depth 1] Recursing into child: Category:Episodes of Sons of Garmadon
Visited 434 categories so far… (current: Category:Episodes of Sons of Garmadon)
[depth 2] Fetching subcategories for: Category:Episodes of Sons of Garmadon
[depth 2] Fetching direct pages for: Category:Episodes of Sons of Garmadon
[depth 1] Recursing into child: Category:Episodes of Tales from the Monastery of Spinjitzu
Visited 435 categories so far… (current: Category:Episodes of Tales from the Monastery of Spinjitzu)
[depth 2] Fetching subcategories for: Category:Episodes of Tales from the Monastery of Spinjitzu
[depth 2] Fetching direct pages for: Category:Episodes of Tales from the Monastery of Spinjitzu
[depth 1] Recursing into child: Category:Episodes of The Elemental Mechs
Visited 436 categories so far… (current: Category:Episodes of The Elemental Mechs)
[depth 2] Fetching subcategories for: Category:Episodes of The Elemental Mechs
[depth 2] Fetching direct pages for: Category:Episodes of The Elemental Mechs
[depth 1] Recursing into child: Category:Episodes of The Hands of Time
Visited 437 categories so far… (current: Category:Episodes of The Hands of Time)
[depth 2] Fetching subcategories for: Category:Episodes of The Hands of Time
[depth 2] Fetching direct pages for: Category:Episodes of The Hands of Time
[depth 1] Recursing into child: Category:Episodes of The Island
Visited 438 categories so far… (current: Category:Episodes of The Island)
[depth 2] Fetching subcategories for: Category:Episodes of The Island
[depth 2] Fetching direct pages for: Category:Episodes of The Island
[depth 1] Recursing into child: Category:Episodes of The Virtues of Spinjitzu
Visited 439 categories so far… (current: Category:Episodes of The Virtues of Spinjitzu)
[depth 2] Fetching subcategories for: Category:Episodes of The Virtues of Spinjitzu
[depth 2] Fetching direct pages for: Category:Episodes of The Virtues of Spinjitzu
[depth 1] Recursing into child: Category:Episodes of Tournament of Elements
Visited 440 categories so far… (current: Category:Episodes of Tournament of Elements)
[depth 2] Fetching subcategories for: Category:Episodes of Tournament of Elements
[depth 2] Fetching direct pages for: Category:Episodes of Tournament of Elements
[depth 1] Recursing into child: Category:Episodes of Will you enter the Dream World?
Visited 441 categories so far… (current: Category:Episodes of Will you enter the Dream World?)
[depth 2] Fetching subcategories for: Category:Episodes of Will you enter the Dream World?
[depth 2] Fetching direct pages for: Category:Episodes of Will you enter the Dream World?
[depth 1] Recursing into child: Category:Specials
Visited 442 categories so far… (current: Category:Specials)
[depth 2] Fetching subcategories for: Category:Specials
[depth 2] Fetching direct pages for: Category:Specials
[depth 1] Recursing into child: Category:Transcript
Visited 443 categories so far… (current: Category:Transcript)
[depth 2] Fetching subcategories for: Category:Transcript
[depth 2] Fetching direct pages for: Category:Transcript
[depth 0] Recursing into child: Category:Events
Visited 444 categories so far… (current: Category:Events)
[depth 1] Fetching subcategories for: Category:Events
[depth 1] Fetching direct pages for: Category:Events
[depth 1] Recursing into child: Category:Battles
Visited 445 categories so far… (current: Category:Battles)
[depth 2] Fetching subcategories for: Category:Battles
[depth 2] Fetching direct pages for: Category:Battles
[depth 1] Recursing into child: Category:Competitions
Visited 446 categories so far… (current: Category:Competitions)
[depth 2] Fetching subcategories for: Category:Competitions
[depth 2] Fetching direct pages for: Category:Competitions
[depth 1] Recursing into child: Category:Holiday
Visited 447 categories so far… (current: Category:Holiday)
[depth 2] Fetching subcategories for: Category:Holiday
[depth 2] Fetching direct pages for: Category:Holiday
[depth 1] Recursing into child: Category:Tradition
Visited 448 categories so far… (current: Category:Tradition)
[depth 2] Fetching subcategories for: Category:Tradition
[depth 2] Fetching direct pages for: Category:Tradition
[depth 1] Recursing into child: Category:Wars
Visited 449 categories so far… (current: Category:Wars)
[depth 2] Fetching subcategories for: Category:Wars
[depth 2] Fetching direct pages for: Category:Wars
[depth 0] Recursing into child: Category:Gallery
Visited 450 categories so far… (current: Category:Gallery)
── Progress: 450 categories visited (still walking the tree…) ──
[depth 1] Fetching subcategories for: Category:Gallery
[depth 1] Fetching direct pages for: Category:Gallery
[depth 1] Recursing into child: Category:2011 galleries
Visited 451 categories so far… (current: Category:2011 galleries)
[depth 2] Fetching subcategories for: Category:2011 galleries
[depth 2] Fetching direct pages for: Category:2011 galleries
[depth 1] Recursing into child: Category:2012 galleries
Visited 452 categories so far… (current: Category:2012 galleries)
[depth 2] Fetching subcategories for: Category:2012 galleries
[depth 2] Fetching direct pages for: Category:2012 galleries
[depth 1] Recursing into child: Category:2013 galleries
Visited 453 categories so far… (current: Category:2013 galleries)
[depth 2] Fetching subcategories for: Category:2013 galleries
[depth 2] Fetching direct pages for: Category:2013 galleries
[depth 1] Recursing into child: Category:2014 galleries
Visited 454 categories so far… (current: Category:2014 galleries)
[depth 2] Fetching subcategories for: Category:2014 galleries
[depth 2] Fetching direct pages for: Category:2014 galleries
[depth 1] Recursing into child: Category:2015 galleries
Visited 455 categories so far… (current: Category:2015 galleries)
[depth 2] Fetching subcategories for: Category:2015 galleries
[depth 2] Fetching direct pages for: Category:2015 galleries
[depth 1] Recursing into child: Category:2016 galleries
Visited 456 categories so far… (current: Category:2016 galleries)
[depth 2] Fetching subcategories for: Category:2016 galleries
[depth 2] Fetching direct pages for: Category:2016 galleries
[depth 1] Recursing into child: Category:2017 galleries
Visited 457 categories so far… (current: Category:2017 galleries)
[depth 2] Fetching subcategories for: Category:2017 galleries
[depth 2] Fetching direct pages for: Category:2017 galleries
[depth 1] Recursing into child: Category:2018 galleries
Visited 458 categories so far… (current: Category:2018 galleries)
[depth 2] Fetching subcategories for: Category:2018 galleries
[depth 2] Fetching direct pages for: Category:2018 galleries
[depth 1] Recursing into child: Category:2019 galleries
Visited 459 categories so far… (current: Category:2019 galleries)
[depth 2] Fetching subcategories for: Category:2019 galleries
[depth 2] Fetching direct pages for: Category:2019 galleries
[depth 1] Recursing into child: Category:2020 galleries
Visited 460 categories so far… (current: Category:2020 galleries)
[depth 2] Fetching subcategories for: Category:2020 galleries
[depth 2] Fetching direct pages for: Category:2020 galleries
[depth 1] Recursing into child: Category:2021 galleries
Visited 461 categories so far… (current: Category:2021 galleries)
[depth 2] Fetching subcategories for: Category:2021 galleries
[depth 2] Fetching direct pages for: Category:2021 galleries
[depth 1] Recursing into child: Category:2022 galleries
Visited 462 categories so far… (current: Category:2022 galleries)
[depth 2] Fetching subcategories for: Category:2022 galleries
[depth 2] Fetching direct pages for: Category:2022 galleries
[depth 1] Recursing into child: Category:2023 galleries
Visited 463 categories so far… (current: Category:2023 galleries)
[depth 2] Fetching subcategories for: Category:2023 galleries
[depth 2] Fetching direct pages for: Category:2023 galleries
[depth 1] Recursing into child: Category:2024 galleries
Visited 464 categories so far… (current: Category:2024 galleries)
[depth 2] Fetching subcategories for: Category:2024 galleries
[depth 2] Fetching direct pages for: Category:2024 galleries
[depth 1] Recursing into child: Category:2025 galleries
Visited 465 categories so far… (current: Category:2025 galleries)
[depth 2] Fetching subcategories for: Category:2025 galleries
[depth 2] Fetching direct pages for: Category:2025 galleries
[depth 1] Recursing into child: Category:2026 galleries
Visited 466 categories so far… (current: Category:2026 galleries)
[depth 2] Fetching subcategories for: Category:2026 galleries
[depth 2] Fetching direct pages for: Category:2026 galleries
[depth 1] Recursing into child: Category:Character Gallery
Visited 467 categories so far… (current: Category:Character Gallery)
[depth 2] Fetching subcategories for: Category:Character Gallery
[depth 2] Fetching direct pages for: Category:Character Gallery
[depth 1] Recursing into child: Category:Episode Gallery
Visited 468 categories so far… (current: Category:Episode Gallery)
[depth 2] Fetching subcategories for: Category:Episode Gallery
[depth 2] Fetching direct pages for: Category:Episode Gallery
[depth 0] Recursing into child: Category:Games
Visited 469 categories so far… (current: Category:Games)
[depth 1] Fetching subcategories for: Category:Games
[depth 1] Fetching direct pages for: Category:Games
[depth 1] Recursing into child: Category:In-universe video games
Visited 470 categories so far… (current: Category:In-universe video games)
[depth 2] Fetching subcategories for: Category:In-universe video games
[depth 2] Fetching direct pages for: Category:In-universe video games
[depth 1] Recursing into child: Category:Physical games
Visited 471 categories so far… (current: Category:Physical games)
[depth 2] Fetching subcategories for: Category:Physical games
[depth 2] Fetching direct pages for: Category:Physical games
[depth 2] Recursing into child: Category:Airjitzu Flyers
Visited 472 categories so far… (current: Category:Airjitzu Flyers)
[depth 3] Fetching subcategories for: Category:Airjitzu Flyers
[depth 3] Fetching direct pages for: Category:Airjitzu Flyers
[depth 2] Recursing into child: Category:Ninjago Spinners
[depth 2] Recursing into child: Category:Spinners
Visited 473 categories so far… (current: Category:Spinners)
[depth 3] Fetching subcategories for: Category:Spinners
[depth 3] Fetching direct pages for: Category:Spinners
[depth 3] Recursing into child: Category:2011 spinners
Visited 474 categories so far… (current: Category:2011 spinners)
[depth 4] Fetching subcategories for: Category:2011 spinners
[depth 4] Fetching direct pages for: Category:2011 spinners
[depth 3] Recursing into child: Category:2012 spinners
Visited 475 categories so far… (current: Category:2012 spinners)
[depth 4] Fetching subcategories for: Category:2012 spinners
[depth 4] Fetching direct pages for: Category:2012 spinners
[depth 3] Recursing into child: Category:2017 spinners
Visited 476 categories so far… (current: Category:2017 spinners)
[depth 4] Fetching subcategories for: Category:2017 spinners
[depth 4] Fetching direct pages for: Category:2017 spinners
[depth 3] Recursing into child: Category:2018 spinners
Visited 477 categories so far… (current: Category:2018 spinners)
[depth 4] Fetching subcategories for: Category:2018 spinners
[depth 4] Fetching direct pages for: Category:2018 spinners
[depth 3] Recursing into child: Category:2019 spinners
Visited 478 categories so far… (current: Category:2019 spinners)
[depth 4] Fetching subcategories for: Category:2019 spinners
[depth 4] Fetching direct pages for: Category:2019 spinners
[depth 4] Recursing into child: Category:Spinjitzu Slam
Visited 479 categories so far… (current: Category:Spinjitzu Slam)
[depth 5] Fetching subcategories for: Category:Spinjitzu Slam
[depth 5] Fetching direct pages for: Category:Spinjitzu Slam
[depth 3] Recursing into child: Category:2020 spinners
Visited 480 categories so far… (current: Category:2020 spinners)
[depth 4] Fetching subcategories for: Category:2020 spinners
[depth 4] Fetching direct pages for: Category:2020 spinners
[depth 3] Recursing into child: Category:2022 spinners
Visited 481 categories so far… (current: Category:2022 spinners)
[depth 4] Fetching subcategories for: Category:2022 spinners
[depth 4] Fetching direct pages for: Category:2022 spinners
[depth 3] Recursing into child: Category:2023 spinners
Visited 482 categories so far… (current: Category:2023 spinners)
[depth 4] Fetching subcategories for: Category:2023 spinners
[depth 4] Fetching direct pages for: Category:2023 spinners
[depth 3] Recursing into child: Category:2025 spinners
Visited 483 categories so far… (current: Category:2025 spinners)
[depth 4] Fetching subcategories for: Category:2025 spinners
[depth 4] Fetching direct pages for: Category:2025 spinners
[depth 3] Recursing into child: Category:2026 spinners
Visited 484 categories so far… (current: Category:2026 spinners)
[depth 4] Fetching subcategories for: Category:2026 spinners
[depth 4] Fetching direct pages for: Category:2026 spinners
[depth 3] Recursing into child: Category:Ninjago Spinners
[depth 3] Recursing into child: Category:Spinjitzu Slam
[depth 1] Recursing into child: Category:Video games
Visited 485 categories so far… (current: Category:Video games)
[depth 2] Fetching subcategories for: Category:Video games
[depth 2] Fetching direct pages for: Category:Video games
[depth 2] Recursing into child: Category:Apps
Visited 486 categories so far… (current: Category:Apps)
[depth 3] Fetching subcategories for: Category:Apps
[depth 3] Fetching direct pages for: Category:Apps
[depth 2] Recursing into child: Category:Console games
Visited 487 categories so far… (current: Category:Console games)
[depth 3] Fetching subcategories for: Category:Console games
[depth 3] Fetching direct pages for: Category:Console games
[depth 2] Recursing into child: Category:Fortnite
Visited 488 categories so far… (current: Category:Fortnite)
[depth 3] Fetching subcategories for: Category:Fortnite
[depth 3] Fetching direct pages for: Category:Fortnite
[depth 2] Recursing into child: Category:LEGO Brawls
Visited 489 categories so far… (current: Category:LEGO Brawls)
[depth 3] Fetching subcategories for: Category:LEGO Brawls
[depth 3] Fetching direct pages for: Category:LEGO Brawls
[depth 2] Recursing into child: Category:LEGO Ninjago: Nindroids
Visited 490 categories so far… (current: Category:LEGO Ninjago: Nindroids)
[depth 3] Fetching subcategories for: Category:LEGO Ninjago: Nindroids
[depth 3] Fetching direct pages for: Category:LEGO Ninjago: Nindroids
[depth 2] Recursing into child: Category:LEGO Party!
Visited 491 categories so far… (current: Category:LEGO Party!)
[depth 3] Fetching subcategories for: Category:LEGO Party!
[depth 3] Fetching direct pages for: Category:LEGO Party!
[depth 2] Recursing into child: Category:LEGO Universe
Visited 492 categories so far… (current: Category:LEGO Universe)
[depth 3] Fetching subcategories for: Category:LEGO Universe
[depth 3] Fetching direct pages for: Category:LEGO Universe
[depth 2] Recursing into child: Category:Roblox
Visited 493 categories so far… (current: Category:Roblox)
[depth 3] Fetching subcategories for: Category:Roblox
[depth 3] Fetching direct pages for: Category:Roblox
[depth 2] Recursing into child: Category:Shadow of Ronin
Visited 494 categories so far… (current: Category:Shadow of Ronin)
[depth 3] Fetching subcategories for: Category:Shadow of Ronin
[depth 3] Fetching direct pages for: Category:Shadow of Ronin
[depth 2] Recursing into child: Category:Spinjitzu Smash series
Visited 495 categories so far… (current: Category:Spinjitzu Smash series)
[depth 3] Fetching subcategories for: Category:Spinjitzu Smash series
[depth 3] Fetching direct pages for: Category:Spinjitzu Smash series
[depth 2] Recursing into child: Category:The LEGO Ninjago Movie Videogame
Visited 496 categories so far… (current: Category:The LEGO Ninjago Movie Videogame)
[depth 3] Fetching subcategories for: Category:The LEGO Ninjago Movie Videogame
[depth 3] Fetching direct pages for: Category:The LEGO Ninjago Movie Videogame
[depth 2] Recursing into child: Category:Web games
Visited 497 categories so far… (current: Category:Web games)
[depth 3] Fetching subcategories for: Category:Web games
[depth 3] Fetching direct pages for: Category:Web games
[depth 3] Recursing into child: Category:Spinjitzu Smash series
[depth 1] Recursing into child: Category:Web games
[depth 0] Recursing into child: Category:LEGO themes
Visited 498 categories so far… (current: Category:LEGO themes)
[depth 1] Fetching subcategories for: Category:LEGO themes
[depth 1] Fetching direct pages for: Category:LEGO themes
[depth 1] Recursing into child: Category:DREAMZzz
Visited 499 categories so far… (current: Category:DREAMZzz)
[depth 2] Fetching subcategories for: Category:DREAMZzz
[depth 2] Fetching direct pages for: Category:DREAMZzz
[depth 2] Recursing into child: Category:Episodes of Will you enter the Dream World?
[depth 2] Recursing into child: Category:Ninjago - Dream Team
Visited 500 categories so far… (current: Category:Ninjago - Dream Team)
── Progress: 500 categories visited (still walking the tree…) ──
[depth 3] Fetching subcategories for: Category:Ninjago - Dream Team
[depth 3] Fetching direct pages for: Category:Ninjago - Dream Team
[depth 1] Recursing into child: Category:LEGO Dimensions
Visited 501 categories so far… (current: Category:LEGO Dimensions)
[depth 2] Fetching subcategories for: Category:LEGO Dimensions
[depth 2] Fetching direct pages for: Category:LEGO Dimensions
[depth 1] Recursing into child: Category:Legends of Chima
Visited 502 categories so far… (current: Category:Legends of Chima)
[depth 2] Fetching subcategories for: Category:Legends of Chima
[depth 2] Fetching direct pages for: Category:Legends of Chima
[depth 1] Recursing into child: Category:Ninjago
Visited 503 categories so far… (current: Category:Ninjago)
[depth 2] Fetching subcategories for: Category:Ninjago
[depth 2] Fetching direct pages for: Category:Ninjago
[depth 1] Recursing into child: Category:The LEGO Movie
Visited 504 categories so far… (current: Category:The LEGO Movie)
[depth 2] Fetching subcategories for: Category:The LEGO Movie
[depth 2] Fetching direct pages for: Category:The LEGO Movie
[depth 0] Recursing into child: Category:Lists
Visited 505 categories so far… (current: Category:Lists)
[depth 1] Fetching subcategories for: Category:Lists
[depth 1] Fetching direct pages for: Category:Lists
[depth 0] Recursing into child: Category:Locations
Visited 506 categories so far… (current: Category:Locations)
[depth 1] Fetching subcategories for: Category:Locations
[depth 1] Fetching direct pages for: Category:Locations
[depth 1] Recursing into child: Category:Buildings
Visited 507 categories so far… (current: Category:Buildings)
[depth 2] Fetching subcategories for: Category:Buildings
[depth 2] Fetching direct pages for: Category:Buildings
[depth 2] Recursing into child: Category:Temples and monasteries
Visited 508 categories so far… (current: Category:Temples and monasteries)
[depth 3] Fetching subcategories for: Category:Temples and monasteries
[depth 3] Fetching direct pages for: Category:Temples and monasteries
[depth 1] Recursing into child: Category:Cities
Visited 509 categories so far… (current: Category:Cities)
[depth 2] Fetching subcategories for: Category:Cities
[depth 2] Fetching direct pages for: Category:Cities
[depth 1] Recursing into child: Category:Cloud Kingdom
Visited 510 categories so far… (current: Category:Cloud Kingdom)
[depth 2] Fetching subcategories for: Category:Cloud Kingdom
[depth 2] Fetching direct pages for: Category:Cloud Kingdom
[depth 1] Recursing into child: Category:Cursed Realm
Visited 511 categories so far… (current: Category:Cursed Realm)
[depth 2] Fetching subcategories for: Category:Cursed Realm
[depth 2] Fetching direct pages for: Category:Cursed Realm
[depth 2] Recursing into child: Category:Banished to the Cursed Realm
[depth 1] Recursing into child: Category:Departed Realm
Visited 512 categories so far… (current: Category:Departed Realm)
[depth 2] Fetching subcategories for: Category:Departed Realm
[depth 2] Fetching direct pages for: Category:Departed Realm
[depth 1] Recursing into child: Category:Djinjago
Visited 513 categories so far… (current: Category:Djinjago)
[depth 2] Fetching subcategories for: Category:Djinjago
[depth 2] Fetching direct pages for: Category:Djinjago
[depth 2] Recursing into child: Category:Djinns
[depth 1] Recursing into child: Category:First Land
Visited 514 categories so far… (current: Category:First Land)
[depth 2] Fetching subcategories for: Category:First Land
[depth 2] Fetching direct pages for: Category:First Land
[depth 2] Recursing into child: Category:Devonians
[depth 2] Recursing into child: Category:Dragon Hunters
[depth 2] Recursing into child: Category:Dragon Hunters vehicles
[depth 2] Recursing into child: Category:Oni
[depth 1] Recursing into child: Category:Forests and jungles
Visited 515 categories so far… (current: Category:Forests and jungles)
[depth 2] Fetching subcategories for: Category:Forests and jungles
[depth 2] Fetching direct pages for: Category:Forests and jungles
[depth 1] Recursing into child: Category:Game locations
Visited 516 categories so far… (current: Category:Game locations)
[depth 2] Fetching subcategories for: Category:Game locations
[depth 2] Fetching direct pages for: Category:Game locations
[depth 1] Recursing into child: Category:Icy Locations
Visited 517 categories so far… (current: Category:Icy Locations)
[depth 2] Fetching subcategories for: Category:Icy Locations
[depth 2] Fetching direct pages for: Category:Icy Locations
[depth 1] Recursing into child: Category:Imperium
Visited 518 categories so far… (current: Category:Imperium)
[depth 2] Fetching subcategories for: Category:Imperium
[depth 2] Fetching direct pages for: Category:Imperium
[depth 2] Recursing into child: Category:Advanced Systems Lab
[depth 2] Recursing into child: Category:Claws of Imperium
[depth 2] Recursing into child: Category:Freebooters
[depth 2] Recursing into child: Category:Imperian vehicles
[depth 2] Recursing into child: Category:Imperians
[depth 2] Recursing into child: Category:Loyalists
[depth 1] Recursing into child: Category:Islands
Visited 519 categories so far… (current: Category:Islands)
[depth 2] Fetching subcategories for: Category:Islands
[depth 2] Fetching direct pages for: Category:Islands
[depth 1] Recursing into child: Category:Land of Eternal Dawn
Visited 520 categories so far… (current: Category:Land of Eternal Dawn)
[depth 2] Fetching subcategories for: Category:Land of Eternal Dawn
[depth 2] Fetching direct pages for: Category:Land of Eternal Dawn
[depth 1] Recursing into child: Category:Land of Lee
Visited 521 categories so far… (current: Category:Land of Lee)
[depth 2] Fetching subcategories for: Category:Land of Lee
[depth 2] Fetching direct pages for: Category:Land of Lee
[depth 1] Recursing into child: Category:Land of Madness
Visited 522 categories so far… (current: Category:Land of Madness)
[depth 2] Fetching subcategories for: Category:Land of Madness
[depth 2] Fetching direct pages for: Category:Land of Madness
[depth 2] Recursing into child: Category:Craglings
[depth 1] Recursing into child: Category:Land of Monsters
Visited 523 categories so far… (current: Category:Land of Monsters)
[depth 2] Fetching subcategories for: Category:Land of Monsters
[depth 2] Fetching direct pages for: Category:Land of Monsters
[depth 2] Recursing into child: Category:Monsters
[depth 1] Recursing into child: Category:Mountains
Visited 524 categories so far… (current: Category:Mountains)
[depth 2] Fetching subcategories for: Category:Mountains
[depth 2] Fetching direct pages for: Category:Mountains
[depth 1] Recursing into child: Category:Mysterium
Visited 525 categories so far… (current: Category:Mysterium)
[depth 2] Fetching subcategories for: Category:Mysterium
[depth 2] Fetching direct pages for: Category:Mysterium
[depth 2] Recursing into child: Category:Magic-Tides
[depth 2] Recursing into child: Category:Wizards/Sorcerers
[depth 1] Recursing into child: Category:Never Kingdoms
Visited 526 categories so far… (current: Category:Never Kingdoms)
[depth 2] Fetching subcategories for: Category:Never Kingdoms
[depth 2] Fetching direct pages for: Category:Never Kingdoms
[depth 2] Recursing into child: Category:Blizzard Samurai
[depth 2] Recursing into child: Category:Formlings
[depth 1] Recursing into child: Category:Ninja's Homes
[depth 1] Recursing into child: Category:Ninjago (realm)
Visited 527 categories so far… (current: Category:Ninjago (realm))
[depth 2] Fetching subcategories for: Category:Ninjago (realm)
[depth 2] Fetching direct pages for: Category:Ninjago (realm)
[depth 2] continuation (cmcontinue) direct pages: Category:Ninjago (realm)
[depth 2] continuation (cmcontinue) direct pages: Category:Ninjago (realm)
[depth 2] Recursing into child: Category:Anacondrai Cultists
[depth 2] Recursing into child: Category:Explorer's Club
Visited 528 categories so far… (current: Category:Explorer's Club)
[depth 3] Fetching subcategories for: Category:Explorer's Club
[depth 3] Fetching direct pages for: Category:Explorer's Club
[depth 2] Recursing into child: Category:Geckles
[depth 2] Recursing into child: Category:Keepers
[depth 2] Recursing into child: Category:Merlopians
[depth 2] Recursing into child: Category:Metalonians
[depth 2] Recursing into child: Category:Munce
[depth 2] Recursing into child: Category:Museum of History
Visited 529 categories so far… (current: Category:Museum of History)
[depth 3] Fetching subcategories for: Category:Museum of History
[depth 3] Fetching direct pages for: Category:Museum of History
[depth 2] Recursing into child: Category:Nindroid Army
[depth 2] Recursing into child: Category:Order of Felis
[depth 2] Recursing into child: Category:Police
[depth 2] Recursing into child: Category:Red Crows
[depth 2] Recursing into child: Category:Sky Folk
[depth 2] Recursing into child: Category:Sky Pirates
[depth 2] Recursing into child: Category:Sons of Garmadon (group)
[depth 2] Recursing into child: Category:Upply
[depth 1] Recursing into child: Category:Realms
Visited 530 categories so far… (current: Category:Realms)
[depth 2] Fetching subcategories for: Category:Realms
[depth 2] Fetching direct pages for: Category:Realms
[depth 2] Recursing into child: Category:Cloud Kingdom
[depth 2] Recursing into child: Category:Cursed Realm
[depth 2] Recursing into child: Category:Departed Realm
[depth 2] Recursing into child: Category:Djinjago
[depth 2] Recursing into child: Category:First Land
[depth 2] Recursing into child: Category:Imperium
[depth 2] Recursing into child: Category:Land of Eternal Dawn
[depth 2] Recursing into child: Category:Land of Lee
[depth 2] Recursing into child: Category:Land of Madness
[depth 2] Recursing into child: Category:Land of Monsters
[depth 2] Recursing into child: Category:Mysterium
[depth 2] Recursing into child: Category:Never Kingdoms
[depth 2] Recursing into child: Category:Ninjago (realm)
[depth 2] Recursing into child: Category:Umbrasilvis
Visited 531 categories so far… (current: Category:Umbrasilvis)
[depth 3] Fetching subcategories for: Category:Umbrasilvis
[depth 3] Fetching direct pages for: Category:Umbrasilvis
[depth 2] Recursing into child: Category:Underworld
Visited 532 categories so far… (current: Category:Underworld)
[depth 3] Fetching subcategories for: Category:Underworld
[depth 3] Fetching direct pages for: Category:Underworld
[depth 3] Recursing into child: Category:Greenbone Warriors
[depth 3] Recursing into child: Category:Skulkin
[depth 2] Recursing into child: Category:Whispering Wood
Visited 533 categories so far… (current: Category:Whispering Wood)
[depth 3] Fetching subcategories for: Category:Whispering Wood
[depth 3] Fetching direct pages for: Category:Whispering Wood
[depth 2] Recursing into child: Category:Wyldness
Visited 534 categories so far… (current: Category:Wyldness)
[depth 3] Fetching subcategories for: Category:Wyldness
[depth 3] Fetching direct pages for: Category:Wyldness
[depth 3] Recursing into child: Category:Lava-Tides
[depth 3] Recursing into child: Category:Lightning-Tides
[depth 3] Recursing into child: Category:Mucoids
[depth 3] Recursing into child: Category:Mud-Tides
[depth 1] Recursing into child: Category:Serpentine Tombs
[depth 1] Recursing into child: Category:Temples and monasteries
[depth 1] Recursing into child: Category:Tombs
Visited 535 categories so far… (current: Category:Tombs)
[depth 2] Fetching subcategories for: Category:Tombs
[depth 2] Fetching direct pages for: Category:Tombs
[depth 1] Recursing into child: Category:Umbrasilvis
[depth 1] Recursing into child: Category:Underworld
[depth 1] Recursing into child: Category:Villages
Visited 536 categories so far… (current: Category:Villages)
[depth 2] Fetching subcategories for: Category:Villages
[depth 2] Fetching direct pages for: Category:Villages
[depth 1] Recursing into child: Category:Whispering Wood
[depth 1] Recursing into child: Category:Wyldness
[depth 0] Recursing into child: Category:Magazine
Visited 537 categories so far… (current: Category:Magazine)
[depth 1] Fetching subcategories for: Category:Magazine
[depth 1] Fetching direct pages for: Category:Magazine
[depth 0] Recursing into child: Category:Mini-Series
Visited 538 categories so far… (current: Category:Mini-Series)
[depth 1] Fetching subcategories for: Category:Mini-Series
[depth 1] Fetching direct pages for: Category:Mini-Series
[depth 1] Recursing into child: Category:Crossroads' Crosstalk
Visited 539 categories so far… (current: Category:Crossroads' Crosstalk)
[depth 2] Fetching subcategories for: Category:Crossroads' Crosstalk
[depth 2] Fetching direct pages for: Category:Crossroads' Crosstalk
[depth 2] Recursing into child: Category:Episodes of Crossroads' Crosstalk
Visited 540 categories so far… (current: Category:Episodes of Crossroads' Crosstalk)
[depth 3] Fetching subcategories for: Category:Episodes of Crossroads' Crosstalk
[depth 3] Fetching direct pages for: Category:Episodes of Crossroads' Crosstalk
[depth 1] Recursing into child: Category:Decoded
Visited 541 categories so far… (current: Category:Decoded)
[depth 2] Fetching subcategories for: Category:Decoded
[depth 2] Fetching direct pages for: Category:Decoded
[depth 2] continuation (cmcontinue) direct pages: Category:Decoded
[depth 2] Recursing into child: Category:Airjitzu Master
[depth 2] Recursing into child: Category:Episodes of Decoded
[depth 1] Recursing into child: Category:Duskfall
Visited 542 categories so far… (current: Category:Duskfall)
[depth 2] Fetching subcategories for: Category:Duskfall
[depth 2] Fetching direct pages for: Category:Duskfall
[depth 1] Recursing into child: Category:Kai's Monstrous Journey
Visited 543 categories so far… (current: Category:Kai's Monstrous Journey)
[depth 2] Fetching subcategories for: Category:Kai's Monstrous Journey
[depth 2] Fetching direct pages for: Category:Kai's Monstrous Journey
[depth 2] Recursing into child: Category:Episodes of Kai's Monstrous Journey
[depth 1] Recursing into child: Category:Monstrosity
Visited 544 categories so far… (current: Category:Monstrosity)
[depth 2] Fetching subcategories for: Category:Monstrosity
[depth 2] Fetching direct pages for: Category:Monstrosity
[depth 2] Recursing into child: Category:Episodes of Monstrosity
[depth 1] Recursing into child: Category:Wyldfyre (campaign)
Visited 545 categories so far… (current: Category:Wyldfyre (campaign))
[depth 2] Fetching subcategories for: Category:Wyldfyre (campaign)
[depth 2] Fetching direct pages for: Category:Wyldfyre (campaign)
[depth 2] Recursing into child: Category:Episodes of Wyldfyre's Stories
Visited 546 categories so far… (current: Category:Episodes of Wyldfyre's Stories)
[depth 3] Fetching subcategories for: Category:Episodes of Wyldfyre's Stories
[depth 3] Fetching direct pages for: Category:Episodes of Wyldfyre's Stories
[depth 2] Recursing into child: Category:Episodes of Wyldfyre's Voice Notes
Visited 547 categories so far… (current: Category:Episodes of Wyldfyre's Voice Notes)
[depth 3] Fetching subcategories for: Category:Episodes of Wyldfyre's Voice Notes
[depth 3] Fetching direct pages for: Category:Episodes of Wyldfyre's Voice Notes
[depth 2] Recursing into child: Category:Wyldfyre's Stories
Visited 548 categories so far… (current: Category:Wyldfyre's Stories)
[depth 3] Fetching subcategories for: Category:Wyldfyre's Stories
[depth 3] Fetching direct pages for: Category:Wyldfyre's Stories
[depth 3] Recursing into child: Category:Episodes of Wyldfyre's Stories
[depth 0] Recursing into child: Category:Mini-movies
Visited 549 categories so far… (current: Category:Mini-movies)
[depth 1] Fetching subcategories for: Category:Mini-movies
[depth 1] Fetching direct pages for: Category:Mini-movies
[depth 1] Recursing into child: Category:Episodes of Ninjago: Reimagined
Visited 550 categories so far… (current: Category:Episodes of Ninjago: Reimagined)
── Progress: 550 categories visited (still walking the tree…) ──
[depth 2] Fetching subcategories for: Category:Episodes of Ninjago: Reimagined
[depth 2] Fetching direct pages for: Category:Episodes of Ninjago: Reimagined
[depth 1] Recursing into child: Category:Return to the Wyldness
Visited 551 categories so far… (current: Category:Return to the Wyldness)
[depth 2] Fetching subcategories for: Category:Return to the Wyldness
[depth 2] Fetching direct pages for: Category:Return to the Wyldness
[depth 2] Recursing into child: Category:Episodes of Return to the Wyldness
[depth 1] Recursing into child: Category:The Elemental Mechs
Visited 552 categories so far… (current: Category:The Elemental Mechs)
[depth 2] Fetching subcategories for: Category:The Elemental Mechs
[depth 2] Fetching direct pages for: Category:The Elemental Mechs
[depth 2] Recursing into child: Category:Episodes of The Elemental Mechs
[depth 1] Recursing into child: Category:The Virtues of Spinjitzu
Visited 553 categories so far… (current: Category:The Virtues of Spinjitzu)
[depth 2] Fetching subcategories for: Category:The Virtues of Spinjitzu
[depth 2] Fetching direct pages for: Category:The Virtues of Spinjitzu
[depth 2] Recursing into child: Category:Episodes of The Virtues of Spinjitzu
[depth 1] Recursing into child: Category:Wu's Teas
Visited 554 categories so far… (current: Category:Wu's Teas)
[depth 2] Fetching subcategories for: Category:Wu's Teas
[depth 2] Fetching direct pages for: Category:Wu's Teas
[depth 0] Recursing into child: Category:Movies
Visited 555 categories so far… (current: Category:Movies)
[depth 1] Fetching subcategories for: Category:Movies
[depth 1] Fetching direct pages for: Category:Movies
[depth 0] Recursing into child: Category:Music
Visited 556 categories so far… (current: Category:Music)
[depth 1] Fetching subcategories for: Category:Music
[depth 1] Fetching direct pages for: Category:Music
[depth 1] Recursing into child: Category:Albums
Visited 557 categories so far… (current: Category:Albums)
[depth 2] Fetching subcategories for: Category:Albums
[depth 2] Fetching direct pages for: Category:Albums
[depth 1] Recursing into child: Category:In-universe songs
Visited 558 categories so far… (current: Category:In-universe songs)
[depth 2] Fetching subcategories for: Category:In-universe songs
[depth 2] Fetching direct pages for: Category:In-universe songs
[depth 0] Recursing into child: Category:Ninjago
[depth 0] Recursing into child: Category:Non-canon
Visited 559 categories so far… (current: Category:Non-canon)
[depth 1] Fetching subcategories for: Category:Non-canon
[depth 1] Fetching direct pages for: Category:Non-canon
[depth 1] continuation (cmcontinue) direct pages: Category:Non-canon
[depth 1] Recursing into child: Category:Characters only appearing in sets
[depth 1] Recursing into child: Category:Video games
[depth 1] Recursing into child: Category:Web games
[depth 0] Recursing into child: Category:Objects
Visited 560 categories so far… (current: Category:Objects)
[depth 1] Fetching subcategories for: Category:Objects
[depth 1] Fetching direct pages for: Category:Objects
[depth 1] continuation (cmcontinue) direct pages: Category:Objects
[depth 1] Recursing into child: Category:Artifacts
Visited 561 categories so far… (current: Category:Artifacts)
[depth 2] Fetching subcategories for: Category:Artifacts
[depth 2] Fetching direct pages for: Category:Artifacts
[depth 2] Recursing into child: Category:Collectible items
[depth 2] Recursing into child: Category:Maps
Visited 562 categories so far… (current: Category:Maps)
[depth 3] Fetching subcategories for: Category:Maps
[depth 3] Fetching direct pages for: Category:Maps
[depth 2] Recursing into child: Category:Oni Masks
Visited 563 categories so far… (current: Category:Oni Masks)
[depth 3] Fetching subcategories for: Category:Oni Masks
[depth 3] Fetching direct pages for: Category:Oni Masks
[depth 2] Recursing into child: Category:Time Blades
Visited 564 categories so far… (current: Category:Time Blades)
[depth 3] Fetching subcategories for: Category:Time Blades
[depth 3] Fetching direct pages for: Category:Time Blades
[depth 3] Recursing into child: Category:Time Blades
[depth 1] Recursing into child: Category:Dragon Icons
Visited 565 categories so far… (current: Category:Dragon Icons)
[depth 2] Fetching subcategories for: Category:Dragon Icons
[depth 2] Fetching direct pages for: Category:Dragon Icons
[depth 1] Recursing into child: Category:Drink
Visited 566 categories so far… (current: Category:Drink)
[depth 2] Fetching subcategories for: Category:Drink
[depth 2] Fetching direct pages for: Category:Drink
[depth 1] Recursing into child: Category:Elemental creations
[depth 1] Recursing into child: Category:Food
Visited 567 categories so far… (current: Category:Food)
[depth 2] Fetching subcategories for: Category:Food
[depth 2] Fetching direct pages for: Category:Food
[depth 2] Recursing into child: Category:Drink
[depth 1] Recursing into child: Category:Magic
[depth 1] Recursing into child: Category:Maps
[depth 1] Recursing into child: Category:Plants
Visited 568 categories so far… (current: Category:Plants)
[depth 2] Fetching subcategories for: Category:Plants
[depth 2] Fetching direct pages for: Category:Plants
[depth 1] Recursing into child: Category:Serpentine Staffs
Visited 569 categories so far… (current: Category:Serpentine Staffs)
[depth 2] Fetching subcategories for: Category:Serpentine Staffs
[depth 2] Fetching direct pages for: Category:Serpentine Staffs
[depth 1] Recursing into child: Category:Statues
[depth 1] Recursing into child: Category:Stone
Visited 570 categories so far… (current: Category:Stone)
[depth 2] Fetching subcategories for: Category:Stone
[depth 2] Fetching direct pages for: Category:Stone
[depth 2] Recursing into child: Category:Statues
[depth 1] Recursing into child: Category:Substances
Visited 571 categories so far… (current: Category:Substances)
[depth 2] Fetching subcategories for: Category:Substances
[depth 2] Fetching direct pages for: Category:Substances
[depth 1] Recursing into child: Category:Technology
Visited 572 categories so far… (current: Category:Technology)
[depth 2] Fetching subcategories for: Category:Technology
[depth 2] Fetching direct pages for: Category:Technology
[depth 2] Recursing into child: Category:Dr. Julien's creations
[depth 2] Recursing into child: Category:Inventions
Visited 573 categories so far… (current: Category:Inventions)
[depth 3] Fetching subcategories for: Category:Inventions
[depth 3] Fetching direct pages for: Category:Inventions
[depth 3] Recursing into child: Category:Dr. Julien's creations
[depth 2] Recursing into child: Category:Mechs
Visited 574 categories so far… (current: Category:Mechs)
[depth 3] Fetching subcategories for: Category:Mechs
[depth 3] Fetching direct pages for: Category:Mechs
[depth 3] Recursing into child: Category:Titan Mechs
[depth 2] Recursing into child: Category:Nindroid Army
[depth 2] Recursing into child: Category:Nindroids
[depth 2] Recursing into child: Category:Prime Empire (video game)
Visited 575 categories so far… (current: Category:Prime Empire (video game))
[depth 3] Fetching subcategories for: Category:Prime Empire (video game)
[depth 3] Fetching direct pages for: Category:Prime Empire (video game)
[depth 3] Recursing into child: Category:League of Jay
[depth 3] Recursing into child: Category:NPCs
[depth 3] Recursing into child: Category:Whack Rats
[depth 2] Recursing into child: Category:Robots
[depth 2] Recursing into child: Category:Spiders
[depth 2] Recursing into child: Category:Titan Mechs
[depth 2] Recursing into child: Category:Tournament of Robots Participants
[depth 1] Recursing into child: Category:Weapons
Visited 576 categories so far… (current: Category:Weapons)
[depth 2] Fetching subcategories for: Category:Weapons
[depth 2] Fetching direct pages for: Category:Weapons
[depth 2] Recursing into child: Category:2011 weapons
Visited 577 categories so far… (current: Category:2011 weapons)
[depth 3] Fetching subcategories for: Category:2011 weapons
[depth 3] Fetching direct pages for: Category:2011 weapons
[depth 2] Recursing into child: Category:2012 weapons
Visited 578 categories so far… (current: Category:2012 weapons)
[depth 3] Fetching subcategories for: Category:2012 weapons
[depth 3] Fetching direct pages for: Category:2012 weapons
[depth 2] Recursing into child: Category:2013 weapons
Visited 579 categories so far… (current: Category:2013 weapons)
[depth 3] Fetching subcategories for: Category:2013 weapons
[depth 3] Fetching direct pages for: Category:2013 weapons
[depth 2] Recursing into child: Category:2014 weapons
Visited 580 categories so far… (current: Category:2014 weapons)
[depth 3] Fetching subcategories for: Category:2014 weapons
[depth 3] Fetching direct pages for: Category:2014 weapons
[depth 2] Recursing into child: Category:2015 weapons
Visited 581 categories so far… (current: Category:2015 weapons)
[depth 3] Fetching subcategories for: Category:2015 weapons
[depth 3] Fetching direct pages for: Category:2015 weapons
[depth 2] Recursing into child: Category:2016 weapons
Visited 582 categories so far… (current: Category:2016 weapons)
[depth 3] Fetching subcategories for: Category:2016 weapons
[depth 3] Fetching direct pages for: Category:2016 weapons
[depth 2] Recursing into child: Category:2017 weapons
Visited 583 categories so far… (current: Category:2017 weapons)
[depth 3] Fetching subcategories for: Category:2017 weapons
[depth 3] Fetching direct pages for: Category:2017 weapons
[depth 2] Recursing into child: Category:2018 weapons
Visited 584 categories so far… (current: Category:2018 weapons)
[depth 3] Fetching subcategories for: Category:2018 weapons
[depth 3] Fetching direct pages for: Category:2018 weapons
[depth 2] Recursing into child: Category:2019 weapons
Visited 585 categories so far… (current: Category:2019 weapons)
[depth 3] Fetching subcategories for: Category:2019 weapons
[depth 3] Fetching direct pages for: Category:2019 weapons
[depth 2] Recursing into child: Category:2020 weapons
Visited 586 categories so far… (current: Category:2020 weapons)
[depth 3] Fetching subcategories for: Category:2020 weapons
[depth 3] Fetching direct pages for: Category:2020 weapons
[depth 2] Recursing into child: Category:2021 weapons
Visited 587 categories so far… (current: Category:2021 weapons)
[depth 3] Fetching subcategories for: Category:2021 weapons
[depth 3] Fetching direct pages for: Category:2021 weapons
[depth 2] Recursing into child: Category:2022 weapons
Visited 588 categories so far… (current: Category:2022 weapons)
[depth 3] Fetching subcategories for: Category:2022 weapons
[depth 3] Fetching direct pages for: Category:2022 weapons
[depth 2] Recursing into child: Category:2023 weapons
Visited 589 categories so far… (current: Category:2023 weapons)
[depth 3] Fetching subcategories for: Category:2023 weapons
[depth 3] Fetching direct pages for: Category:2023 weapons
[depth 2] Recursing into child: Category:2024 weapons
Visited 590 categories so far… (current: Category:2024 weapons)
[depth 3] Fetching subcategories for: Category:2024 weapons
[depth 3] Fetching direct pages for: Category:2024 weapons
[depth 2] Recursing into child: Category:2025 weapons
Visited 591 categories so far… (current: Category:2025 weapons)
[depth 3] Fetching subcategories for: Category:2025 weapons
[depth 3] Fetching direct pages for: Category:2025 weapons
[depth 2] Recursing into child: Category:2026 weapons
Visited 592 categories so far… (current: Category:2026 weapons)
[depth 3] Fetching subcategories for: Category:2026 weapons
[depth 3] Fetching direct pages for: Category:2026 weapons
[depth 2] Recursing into child: Category:Arin's weapons
Visited 593 categories so far… (current: Category:Arin's weapons)
[depth 3] Fetching subcategories for: Category:Arin's weapons
[depth 3] Fetching direct pages for: Category:Arin's weapons
[depth 2] Recursing into child: Category:Cole's Weapons
Visited 594 categories so far… (current: Category:Cole's Weapons)
[depth 3] Fetching subcategories for: Category:Cole's Weapons
[depth 3] Fetching direct pages for: Category:Cole's Weapons
[depth 2] Recursing into child: Category:Collectible items
[depth 2] Recursing into child: Category:Elemental weapons
Visited 595 categories so far… (current: Category:Elemental weapons)
[depth 3] Fetching subcategories for: Category:Elemental weapons
[depth 3] Fetching direct pages for: Category:Elemental weapons
[depth 2] Recursing into child: Category:Frak's weapons
Visited 596 categories so far… (current: Category:Frak's weapons)
[depth 3] Fetching subcategories for: Category:Frak's weapons
[depth 3] Fetching direct pages for: Category:Frak's weapons
[depth 2] Recursing into child: Category:Garmadon's weapons
Visited 597 categories so far… (current: Category:Garmadon's weapons)
[depth 3] Fetching subcategories for: Category:Garmadon's weapons
[depth 3] Fetching direct pages for: Category:Garmadon's weapons
[depth 2] Recursing into child: Category:Golden Weapons
Visited 598 categories so far… (current: Category:Golden Weapons)
[depth 3] Fetching subcategories for: Category:Golden Weapons
[depth 3] Fetching direct pages for: Category:Golden Weapons
[depth 2] Recursing into child: Category:Jadeblade
Visited 599 categories so far… (current: Category:Jadeblade)
[depth 3] Fetching subcategories for: Category:Jadeblade
[depth 3] Fetching direct pages for: Category:Jadeblade
[depth 2] Recursing into child: Category:Jay's weapons
Visited 600 categories so far… (current: Category:Jay's weapons)
── Progress: 600 categories visited (still walking the tree…) ──
[depth 3] Fetching subcategories for: Category:Jay's weapons
[depth 3] Fetching direct pages for: Category:Jay's weapons
[depth 2] Recursing into child: Category:Kai's weapons
Visited 601 categories so far… (current: Category:Kai's weapons)
[depth 3] Fetching subcategories for: Category:Kai's weapons
[depth 3] Fetching direct pages for: Category:Kai's weapons
[depth 2] Recursing into child: Category:Lloyd's weapons
Visited 602 categories so far… (current: Category:Lloyd's weapons)
[depth 3] Fetching subcategories for: Category:Lloyd's weapons
[depth 3] Fetching direct pages for: Category:Lloyd's weapons
[depth 2] Recursing into child: Category:Magazine exclusive weapons
Visited 603 categories so far… (current: Category:Magazine exclusive weapons)
[depth 3] Fetching subcategories for: Category:Magazine exclusive weapons
[depth 3] Fetching direct pages for: Category:Magazine exclusive weapons
[depth 2] Recursing into child: Category:Ninja's weapons
Visited 604 categories so far… (current: Category:Ninja's weapons)
[depth 3] Fetching subcategories for: Category:Ninja's weapons
[depth 3] Fetching direct pages for: Category:Ninja's weapons
[depth 2] Recursing into child: Category:Nya's weapons
Visited 605 categories so far… (current: Category:Nya's weapons)
[depth 3] Fetching subcategories for: Category:Nya's weapons
[depth 3] Fetching direct pages for: Category:Nya's weapons
[depth 2] Recursing into child: Category:Obsidian Weapons
Visited 606 categories so far… (current: Category:Obsidian Weapons)
[depth 3] Fetching subcategories for: Category:Obsidian Weapons
[depth 3] Fetching direct pages for: Category:Obsidian Weapons
[depth 2] Recursing into child: Category:Ras' weapons
Visited 607 categories so far… (current: Category:Ras' weapons)
[depth 3] Fetching subcategories for: Category:Ras' weapons
[depth 3] Fetching direct pages for: Category:Ras' weapons
[depth 2] Recursing into child: Category:Ronin's weapons
Visited 608 categories so far… (current: Category:Ronin's weapons)
[depth 3] Fetching subcategories for: Category:Ronin's weapons
[depth 3] Fetching direct pages for: Category:Ronin's weapons
[depth 2] Recursing into child: Category:Samurai X weapons
Visited 609 categories so far… (current: Category:Samurai X weapons)
[depth 3] Fetching subcategories for: Category:Samurai X weapons
[depth 3] Fetching direct pages for: Category:Samurai X weapons
[depth 2] Recursing into child: Category:Scythe
Visited 610 categories so far… (current: Category:Scythe)
[depth 3] Fetching subcategories for: Category:Scythe
[depth 3] Fetching direct pages for: Category:Scythe
[depth 2] Recursing into child: Category:Serpentine Staffs
[depth 2] Recursing into child: Category:Serpentine weapons
[depth 2] Recursing into child: Category:Shurikens
Visited 611 categories so far… (current: Category:Shurikens)
[depth 3] Fetching subcategories for: Category:Shurikens
[depth 3] Fetching direct pages for: Category:Shurikens
[depth 2] Recursing into child: Category:Skulkin weapons
[depth 2] Recursing into child: Category:Sora's weapons
Visited 612 categories so far… (current: Category:Sora's weapons)
[depth 3] Fetching subcategories for: Category:Sora's weapons
[depth 3] Fetching direct pages for: Category:Sora's weapons
[depth 2] Recursing into child: Category:Spears
Visited 613 categories so far… (current: Category:Spears)
[depth 3] Fetching subcategories for: Category:Spears
[depth 3] Fetching direct pages for: Category:Spears
[depth 2] Recursing into child: Category:Staffs
Visited 614 categories so far… (current: Category:Staffs)
[depth 3] Fetching subcategories for: Category:Staffs
[depth 3] Fetching direct pages for: Category:Staffs
[depth 3] Recursing into child: Category:Serpentine Staffs
[depth 2] Recursing into child: Category:Swords
Visited 615 categories so far… (current: Category:Swords)
[depth 3] Fetching subcategories for: Category:Swords
[depth 3] Fetching direct pages for: Category:Swords
[depth 2] Recursing into child: Category:Techno Blades
Visited 616 categories so far… (current: Category:Techno Blades)
[depth 3] Fetching subcategories for: Category:Techno Blades
[depth 3] Fetching direct pages for: Category:Techno Blades
[depth 2] Recursing into child: Category:Time Blades
[depth 2] Recursing into child: Category:Vipers
[depth 2] Recursing into child: Category:Wu's weapons
Visited 617 categories so far… (current: Category:Wu's weapons)
[depth 3] Fetching subcategories for: Category:Wu's weapons
[depth 3] Fetching direct pages for: Category:Wu's weapons
[depth 2] Recursing into child: Category:Wyldfyre's weapons
Visited 618 categories so far… (current: Category:Wyldfyre's weapons)
[depth 3] Fetching subcategories for: Category:Wyldfyre's weapons
[depth 3] Fetching direct pages for: Category:Wyldfyre's weapons
[depth 2] Recursing into child: Category:Zane's weapons
Visited 619 categories so far… (current: Category:Zane's weapons)
[depth 3] Fetching subcategories for: Category:Zane's weapons
[depth 3] Fetching direct pages for: Category:Zane's weapons
[depth 0] Recursing into child: Category:Real-Life Articles
Visited 620 categories so far… (current: Category:Real-Life Articles)
[depth 1] Fetching subcategories for: Category:Real-Life Articles
[depth 1] Fetching direct pages for: Category:Real-Life Articles
[depth 1] Recursing into child: Category:Companies
Visited 621 categories so far… (current: Category:Companies)
[depth 2] Fetching subcategories for: Category:Companies
[depth 2] Fetching direct pages for: Category:Companies
[depth 2] Recursing into child: Category:Blue Ocean
Visited 622 categories so far… (current: Category:Blue Ocean)
[depth 3] Fetching subcategories for: Category:Blue Ocean
[depth 3] Fetching direct pages for: Category:Blue Ocean
[depth 2] Recursing into child: Category:Channels
Visited 623 categories so far… (current: Category:Channels)
[depth 3] Fetching subcategories for: Category:Channels
[depth 3] Fetching direct pages for: Category:Channels
[depth 2] Recursing into child: Category:DC Comics
Visited 624 categories so far… (current: Category:DC Comics)
[depth 3] Fetching subcategories for: Category:DC Comics
[depth 3] Fetching direct pages for: Category:DC Comics
[depth 1] Recursing into child: Category:LEGO partner
Visited 625 categories so far… (current: Category:LEGO partner)
[depth 2] Fetching subcategories for: Category:LEGO partner
[depth 2] Fetching direct pages for: Category:LEGO partner
[depth 1] Recursing into child: Category:Real-Life Deceased Individuals
Visited 626 categories so far… (current: Category:Real-Life Deceased Individuals)
[depth 2] Fetching subcategories for: Category:Real-Life Deceased Individuals
[depth 2] Fetching direct pages for: Category:Real-Life Deceased Individuals
[depth 1] Recursing into child: Category:Set designers
Visited 627 categories so far… (current: Category:Set designers)
[depth 2] Fetching subcategories for: Category:Set designers
[depth 2] Fetching direct pages for: Category:Set designers
[depth 1] Recursing into child: Category:The Fold
Visited 628 categories so far… (current: Category:The Fold)
[depth 2] Fetching subcategories for: Category:The Fold
[depth 2] Fetching direct pages for: Category:The Fold
[depth 1] Recursing into child: Category:Voice Actors
Visited 629 categories so far… (current: Category:Voice Actors)
[depth 2] Fetching subcategories for: Category:Voice Actors
[depth 2] Fetching direct pages for: Category:Voice Actors
[depth 2] Recursing into child: Category:Foreign casts
Visited 630 categories so far… (current: Category:Foreign casts)
[depth 3] Fetching subcategories for: Category:Foreign casts
[depth 3] Fetching direct pages for: Category:Foreign casts
[depth 1] Recursing into child: Category:Writers
Visited 631 categories so far… (current: Category:Writers)
[depth 2] Fetching subcategories for: Category:Writers
[depth 2] Fetching direct pages for: Category:Writers
[depth 0] Recursing into child: Category:Seasons
Visited 632 categories so far… (current: Category:Seasons)
[depth 1] Fetching subcategories for: Category:Seasons
[depth 1] Fetching direct pages for: Category:Seasons
[depth 1] Recursing into child: Category:Crystalized
Visited 633 categories so far… (current: Category:Crystalized)
[depth 2] Fetching subcategories for: Category:Crystalized
[depth 2] Fetching direct pages for: Category:Crystalized
[depth 2] continuation (cmcontinue) direct pages: Category:Crystalized
[depth 2] Recursing into child: Category:Episodes of Crystalized
[depth 1] Recursing into child: Category:Hunted
Visited 634 categories so far… (current: Category:Hunted)
[depth 2] Fetching subcategories for: Category:Hunted
[depth 2] Fetching direct pages for: Category:Hunted
[depth 2] Recursing into child: Category:Episodes of Hunted
[depth 1] Recursing into child: Category:Legacy of the Green Ninja
Visited 635 categories so far… (current: Category:Legacy of the Green Ninja)
[depth 2] Fetching subcategories for: Category:Legacy of the Green Ninja
[depth 2] Fetching direct pages for: Category:Legacy of the Green Ninja
[depth 2] Recursing into child: Category:Episodes of Legacy of the Green Ninja
[depth 1] Recursing into child: Category:March of the Oni
Visited 636 categories so far… (current: Category:March of the Oni)
[depth 2] Fetching subcategories for: Category:March of the Oni
[depth 2] Fetching direct pages for: Category:March of the Oni
[depth 2] Recursing into child: Category:Episodes of March of the Oni
[depth 1] Recursing into child: Category:Master of the Mountain
Visited 637 categories so far… (current: Category:Master of the Mountain)
[depth 2] Fetching subcategories for: Category:Master of the Mountain
[depth 2] Fetching direct pages for: Category:Master of the Mountain
[depth 2] Recursing into child: Category:Episodes of Master of the Mountain
[depth 2] Recursing into child: Category:Re-Awakened
[depth 1] Recursing into child: Category:Possession
Visited 638 categories so far… (current: Category:Possession)
[depth 2] Fetching subcategories for: Category:Possession
[depth 2] Fetching direct pages for: Category:Possession
[depth 2] Recursing into child: Category:Airjitzu Flyers
[depth 2] Recursing into child: Category:Airjitzu Master
[depth 2] Recursing into child: Category:Episodes of Possession
[depth 1] Recursing into child: Category:Prime Empire
Visited 639 categories so far… (current: Category:Prime Empire)
[depth 2] Fetching subcategories for: Category:Prime Empire
[depth 2] Fetching direct pages for: Category:Prime Empire
[depth 2] Recursing into child: Category:Airjitzu Master
[depth 2] Recursing into child: Category:Episodes of Prime Empire
[depth 1] Recursing into child: Category:Rebooted
Visited 640 categories so far… (current: Category:Rebooted)
[depth 2] Fetching subcategories for: Category:Rebooted
[depth 2] Fetching direct pages for: Category:Rebooted
[depth 2] Recursing into child: Category:Episodes of Rebooted
[depth 1] Recursing into child: Category:Rise of the Snakes
Visited 641 categories so far… (current: Category:Rise of the Snakes)
[depth 2] Fetching subcategories for: Category:Rise of the Snakes
[depth 2] Fetching direct pages for: Category:Rise of the Snakes
[depth 2] Recursing into child: Category:Episodes of Rise of the Snakes
[depth 2] Recursing into child: Category:Serpentine abilities
[depth 1] Recursing into child: Category:Seabound
Visited 642 categories so far… (current: Category:Seabound)
[depth 2] Fetching subcategories for: Category:Seabound
[depth 2] Fetching direct pages for: Category:Seabound
[depth 2] Recursing into child: Category:Episodes of Seabound
[depth 1] Recursing into child: Category:Season 1 (Dragons Rising)
Visited 643 categories so far… (current: Category:Season 1 (Dragons Rising))
[depth 2] Fetching subcategories for: Category:Season 1 (Dragons Rising)
[depth 2] Fetching direct pages for: Category:Season 1 (Dragons Rising)
[depth 2] continuation (cmcontinue) direct pages: Category:Season 1 (Dragons Rising)
[depth 2] Recursing into child: Category:Episodes of Season 1 (Dragons Rising)
[depth 1] Recursing into child: Category:Season 2 (Dragons Rising)
Visited 644 categories so far… (current: Category:Season 2 (Dragons Rising))
[depth 2] Fetching subcategories for: Category:Season 2 (Dragons Rising)
[depth 2] Fetching direct pages for: Category:Season 2 (Dragons Rising)
[depth 2] continuation (cmcontinue) direct pages: Category:Season 2 (Dragons Rising)
[depth 2] Recursing into child: Category:Episodes of Season 2 (Dragons Rising)
[depth 1] Recursing into child: Category:Season 3 (Dragons Rising)
Visited 645 categories so far… (current: Category:Season 3 (Dragons Rising))
[depth 2] Fetching subcategories for: Category:Season 3 (Dragons Rising)
[depth 2] Fetching direct pages for: Category:Season 3 (Dragons Rising)
[depth 2] continuation (cmcontinue) direct pages: Category:Season 3 (Dragons Rising)
[depth 2] Recursing into child: Category:Episodes of Season 3 (Dragons Rising)
[depth 1] Recursing into child: Category:Season 4 (Dragons Rising)
Visited 646 categories so far… (current: Category:Season 4 (Dragons Rising))
[depth 2] Fetching subcategories for: Category:Season 4 (Dragons Rising)
[depth 2] Fetching direct pages for: Category:Season 4 (Dragons Rising)
[depth 2] Recursing into child: Category:Episodes of Season 4 (Dragons Rising)
[depth 1] Recursing into child: Category:Secrets of the Forbidden Spinjitzu
Visited 647 categories so far… (current: Category:Secrets of the Forbidden Spinjitzu)
[depth 2] Fetching subcategories for: Category:Secrets of the Forbidden Spinjitzu
[depth 2] Fetching direct pages for: Category:Secrets of the Forbidden Spinjitzu
[depth 2] Recursing into child: Category:Episodes of Secrets of the Forbidden Spinjitzu
[depth 1] Recursing into child: Category:Skybound
Visited 648 categories so far… (current: Category:Skybound)
[depth 2] Fetching subcategories for: Category:Skybound
[depth 2] Fetching direct pages for: Category:Skybound
[depth 2] Recursing into child: Category:2016 weapons
[depth 2] Recursing into child: Category:Airjitzu Master
[depth 2] Recursing into child: Category:Episodes of Skybound
[depth 1] Recursing into child: Category:Sons of Garmadon
Visited 649 categories so far… (current: Category:Sons of Garmadon)
[depth 2] Fetching subcategories for: Category:Sons of Garmadon
[depth 2] Fetching direct pages for: Category:Sons of Garmadon
[depth 2] Recursing into child: Category:Episodes of Sons of Garmadon
[depth 1] Recursing into child: Category:The Hands of Time
Visited 650 categories so far… (current: Category:The Hands of Time)
── Progress: 650 categories visited (still walking the tree…) ──
[depth 2] Fetching subcategories for: Category:The Hands of Time
[depth 2] Fetching direct pages for: Category:The Hands of Time
[depth 2] Recursing into child: Category:Airjitzu Master
[depth 2] Recursing into child: Category:Episodes of Operation Heavy Metal
[depth 2] Recursing into child: Category:Episodes of The Hands of Time
[depth 1] Recursing into child: Category:Tournament of Elements
Visited 651 categories so far… (current: Category:Tournament of Elements)
[depth 2] Fetching subcategories for: Category:Tournament of Elements
[depth 2] Fetching direct pages for: Category:Tournament of Elements
[depth 2] Recursing into child: Category:Episodes of Tournament of Elements
[depth 0] Recursing into child: Category:Series
Visited 652 categories so far… (current: Category:Series)
[depth 1] Fetching subcategories for: Category:Series
[depth 1] Fetching direct pages for: Category:Series
[depth 0] Recursing into child: Category:Sets
Visited 653 categories so far… (current: Category:Sets)
[depth 1] Fetching subcategories for: Category:Sets
[depth 1] Fetching direct pages for: Category:Sets
[depth 1] continuation (cmcontinue) direct pages: Category:Sets
[depth 1] Recursing into child: Category:2010 polybags
Visited 654 categories so far… (current: Category:2010 polybags)
[depth 2] Fetching subcategories for: Category:2010 polybags
[depth 2] Fetching direct pages for: Category:2010 polybags
[depth 1] Recursing into child: Category:2010 sets
Visited 655 categories so far… (current: Category:2010 sets)
[depth 2] Fetching subcategories for: Category:2010 sets
[depth 2] Fetching direct pages for: Category:2010 sets
[depth 2] Recursing into child: Category:2010 polybags
[depth 1] Recursing into child: Category:2011 sets
Visited 656 categories so far… (current: Category:2011 sets)
[depth 2] Fetching subcategories for: Category:2011 sets
[depth 2] Fetching direct pages for: Category:2011 sets
[depth 2] Recursing into child: Category:2011 spinners
[depth 2] Recursing into child: Category:Spinners
[depth 1] Recursing into child: Category:2011 spinners
[depth 1] Recursing into child: Category:2012 sets
Visited 657 categories so far… (current: Category:2012 sets)
[depth 2] Fetching subcategories for: Category:2012 sets
[depth 2] Fetching direct pages for: Category:2012 sets
[depth 2] Recursing into child: Category:2012 spinners
[depth 2] Recursing into child: Category:Booster Packs
Visited 658 categories so far… (current: Category:Booster Packs)
[depth 3] Fetching subcategories for: Category:Booster Packs
[depth 3] Fetching direct pages for: Category:Booster Packs
[depth 2] Recursing into child: Category:Spinners
[depth 1] Recursing into child: Category:2012 spinners
[depth 1] Recursing into child: Category:2013 sets
Visited 659 categories so far… (current: Category:2013 sets)
[depth 2] Fetching subcategories for: Category:2013 sets
[depth 2] Fetching direct pages for: Category:2013 sets
[depth 1] Recursing into child: Category:2014 sets
Visited 660 categories so far… (current: Category:2014 sets)
[depth 2] Fetching subcategories for: Category:2014 sets
[depth 2] Fetching direct pages for: Category:2014 sets
[depth 1] Recursing into child: Category:2015 sets
Visited 661 categories so far… (current: Category:2015 sets)
[depth 2] Fetching subcategories for: Category:2015 sets
[depth 2] Fetching direct pages for: Category:2015 sets
[depth 1] Recursing into child: Category:2016 sets
Visited 662 categories so far… (current: Category:2016 sets)
[depth 2] Fetching subcategories for: Category:2016 sets
[depth 2] Fetching direct pages for: Category:2016 sets
[depth 1] Recursing into child: Category:2017 sets
Visited 663 categories so far… (current: Category:2017 sets)
[depth 2] Fetching subcategories for: Category:2017 sets
[depth 2] Fetching direct pages for: Category:2017 sets
[depth 2] Recursing into child: Category:2017 spinners
[depth 2] Recursing into child: Category:Minifigure Pods
[depth 2] Recursing into child: Category:Spinners
[depth 1] Recursing into child: Category:2017 spinners
[depth 1] Recursing into child: Category:2018 sets
Visited 664 categories so far… (current: Category:2018 sets)
[depth 2] Fetching subcategories for: Category:2018 sets
[depth 2] Fetching direct pages for: Category:2018 sets
[depth 2] Recursing into child: Category:2018 spinners
[depth 2] Recursing into child: Category:Minifigure Pods
[depth 2] Recursing into child: Category:Spinners
[depth 1] Recursing into child: Category:2018 spinners
[depth 1] Recursing into child: Category:2019 sets
Visited 665 categories so far… (current: Category:2019 sets)
[depth 2] Fetching subcategories for: Category:2019 sets
[depth 2] Fetching direct pages for: Category:2019 sets
[depth 2] Recursing into child: Category:2019 spinners
[depth 2] Recursing into child: Category:Minifigure Pods
[depth 2] Recursing into child: Category:Spinners
[depth 1] Recursing into child: Category:2019 spinners
[depth 1] Recursing into child: Category:2020 sets
Visited 666 categories so far… (current: Category:2020 sets)
[depth 2] Fetching subcategories for: Category:2020 sets
[depth 2] Fetching direct pages for: Category:2020 sets
[depth 2] Recursing into child: Category:2020 spinners
[depth 2] Recursing into child: Category:Spinners
[depth 1] Recursing into child: Category:2020 spinners
[depth 1] Recursing into child: Category:2021 sets
Visited 667 categories so far… (current: Category:2021 sets)
[depth 2] Fetching subcategories for: Category:2021 sets
[depth 2] Fetching direct pages for: Category:2021 sets
[depth 1] Recursing into child: Category:2022 sets
Visited 668 categories so far… (current: Category:2022 sets)
[depth 2] Fetching subcategories for: Category:2022 sets
[depth 2] Fetching direct pages for: Category:2022 sets
[depth 2] Recursing into child: Category:2022 spinners
[depth 2] Recursing into child: Category:Spinners
[depth 1] Recursing into child: Category:2022 spinners
[depth 1] Recursing into child: Category:2023 sets
Visited 669 categories so far… (current: Category:2023 sets)
[depth 2] Fetching subcategories for: Category:2023 sets
[depth 2] Fetching direct pages for: Category:2023 sets
[depth 2] Recursing into child: Category:2023 spinners
[depth 2] Recursing into child: Category:Spinners
[depth 1] Recursing into child: Category:2023 spinners
[depth 1] Recursing into child: Category:2024 sets
Visited 670 categories so far… (current: Category:2024 sets)
[depth 2] Fetching subcategories for: Category:2024 sets
[depth 2] Fetching direct pages for: Category:2024 sets
[depth 2] Recursing into child: Category:2024 polybags
Visited 671 categories so far… (current: Category:2024 polybags)
[depth 3] Fetching subcategories for: Category:2024 polybags
[depth 3] Fetching direct pages for: Category:2024 polybags
[depth 1] Recursing into child: Category:2025 sets
Visited 672 categories so far… (current: Category:2025 sets)
[depth 2] Fetching subcategories for: Category:2025 sets
[depth 2] Fetching direct pages for: Category:2025 sets
[depth 2] Recursing into child: Category:2025 spinners
[depth 1] Recursing into child: Category:2025 spinners
[depth 1] Recursing into child: Category:2026 sets
Visited 673 categories so far… (current: Category:2026 sets)
[depth 2] Fetching subcategories for: Category:2026 sets
[depth 2] Fetching direct pages for: Category:2026 sets
[depth 2] Recursing into child: Category:2026 spinners
[depth 1] Recursing into child: Category:2026 spinners
[depth 1] Recursing into child: Category:Airjitzu Flyers
[depth 1] Recursing into child: Category:Booster Packs
[depth 1] Recursing into child: Category:BrickHeadz
Visited 674 categories so far… (current: Category:BrickHeadz)
[depth 2] Fetching subcategories for: Category:BrickHeadz
[depth 2] Fetching direct pages for: Category:BrickHeadz
[depth 1] Recursing into child: Category:Clocks
Visited 675 categories so far… (current: Category:Clocks)
[depth 2] Fetching subcategories for: Category:Clocks
[depth 2] Fetching direct pages for: Category:Clocks
[depth 1] Recursing into child: Category:Keychains
Visited 676 categories so far… (current: Category:Keychains)
[depth 2] Fetching subcategories for: Category:Keychains
[depth 2] Fetching direct pages for: Category:Keychains
[depth 1] Recursing into child: Category:Limited Edition
Visited 677 categories so far… (current: Category:Limited Edition)
[depth 2] Fetching subcategories for: Category:Limited Edition
[depth 2] Fetching direct pages for: Category:Limited Edition
[depth 1] Recursing into child: Category:Magnets
Visited 678 categories so far… (current: Category:Magnets)
[depth 2] Fetching subcategories for: Category:Magnets
[depth 2] Fetching direct pages for: Category:Magnets
[depth 1] Recursing into child: Category:Minifigure Packs
Visited 679 categories so far… (current: Category:Minifigure Packs)
[depth 2] Fetching subcategories for: Category:Minifigure Packs
[depth 2] Fetching direct pages for: Category:Minifigure Packs
[depth 1] Recursing into child: Category:Minifigure Pods
[depth 1] Recursing into child: Category:Plushes
Visited 680 categories so far… (current: Category:Plushes)
[depth 2] Fetching subcategories for: Category:Plushes
[depth 2] Fetching direct pages for: Category:Plushes
[depth 1] Recursing into child: Category:Polybags
Visited 681 categories so far… (current: Category:Polybags)
[depth 2] Fetching subcategories for: Category:Polybags
[depth 2] Fetching direct pages for: Category:Polybags
[depth 2] Recursing into child: Category:2010 polybags
[depth 2] Recursing into child: Category:2011 polybags
Visited 682 categories so far… (current: Category:2011 polybags)
[depth 3] Fetching subcategories for: Category:2011 polybags
[depth 3] Fetching direct pages for: Category:2011 polybags
[depth 2] Recursing into child: Category:2012 polybags
Visited 683 categories so far… (current: Category:2012 polybags)
[depth 3] Fetching subcategories for: Category:2012 polybags
[depth 3] Fetching direct pages for: Category:2012 polybags
[depth 2] Recursing into child: Category:2014 polybags
Visited 684 categories so far… (current: Category:2014 polybags)
[depth 3] Fetching subcategories for: Category:2014 polybags
[depth 3] Fetching direct pages for: Category:2014 polybags
[depth 2] Recursing into child: Category:2015 polybags
Visited 685 categories so far… (current: Category:2015 polybags)
[depth 3] Fetching subcategories for: Category:2015 polybags
[depth 3] Fetching direct pages for: Category:2015 polybags
[depth 2] Recursing into child: Category:2016 polybags
Visited 686 categories so far… (current: Category:2016 polybags)
[depth 3] Fetching subcategories for: Category:2016 polybags
[depth 3] Fetching direct pages for: Category:2016 polybags
[depth 2] Recursing into child: Category:2017 polybags
Visited 687 categories so far… (current: Category:2017 polybags)
[depth 3] Fetching subcategories for: Category:2017 polybags
[depth 3] Fetching direct pages for: Category:2017 polybags
[depth 2] Recursing into child: Category:2018 polybags
Visited 688 categories so far… (current: Category:2018 polybags)
[depth 3] Fetching subcategories for: Category:2018 polybags
[depth 3] Fetching direct pages for: Category:2018 polybags
[depth 2] Recursing into child: Category:2019 polybags
Visited 689 categories so far… (current: Category:2019 polybags)
[depth 3] Fetching subcategories for: Category:2019 polybags
[depth 3] Fetching direct pages for: Category:2019 polybags
[depth 2] Recursing into child: Category:2020 polybags
Visited 690 categories so far… (current: Category:2020 polybags)
[depth 3] Fetching subcategories for: Category:2020 polybags
[depth 3] Fetching direct pages for: Category:2020 polybags
[depth 2] Recursing into child: Category:2021 polybags
Visited 691 categories so far… (current: Category:2021 polybags)
[depth 3] Fetching subcategories for: Category:2021 polybags
[depth 3] Fetching direct pages for: Category:2021 polybags
[depth 2] Recursing into child: Category:2022 polybags
Visited 692 categories so far… (current: Category:2022 polybags)
[depth 3] Fetching subcategories for: Category:2022 polybags
[depth 3] Fetching direct pages for: Category:2022 polybags
[depth 2] Recursing into child: Category:2023 polybags
Visited 693 categories so far… (current: Category:2023 polybags)
[depth 3] Fetching subcategories for: Category:2023 polybags
[depth 3] Fetching direct pages for: Category:2023 polybags
[depth 2] Recursing into child: Category:2024 polybags
[depth 1] Recursing into child: Category:Promotional sets
Visited 694 categories so far… (current: Category:Promotional sets)
[depth 2] Fetching subcategories for: Category:Promotional sets
[depth 2] Fetching direct pages for: Category:Promotional sets
[depth 1] Recursing into child: Category:Sets not shown onscreen
Visited 695 categories so far… (current: Category:Sets not shown onscreen)
[depth 2] Fetching subcategories for: Category:Sets not shown onscreen
[depth 2] Fetching direct pages for: Category:Sets not shown onscreen
[depth 1] Recursing into child: Category:Spinners
[depth 0] Recursing into child: Category:Songs
Visited 696 categories so far… (current: Category:Songs)
[depth 1] Fetching subcategories for: Category:Songs
[depth 1] Fetching direct pages for: Category:Songs
[depth 1] Recursing into child: Category:The Weekend Whip
Visited 697 categories so far… (current: Category:The Weekend Whip)
[depth 2] Fetching subcategories for: Category:The Weekend Whip
[depth 2] Fetching direct pages for: Category:The Weekend Whip
[depth 0] Recursing into child: Category:Sources
[depth 0] Recursing into child: Category:Spinjitzu
Visited 698 categories so far… (current: Category:Spinjitzu)
[depth 1] Fetching subcategories for: Category:Spinjitzu
[depth 1] Fetching direct pages for: Category:Spinjitzu
[depth 1] Recursing into child: Category:Dragon Spinjitzu
[depth 1] Recursing into child: Category:Forbidden Spinjitzu
[depth 1] Recursing into child: Category:Spinjitzu Burst
[depth 1] Recursing into child: Category:Spinjitzu Master
[depth 1] Recursing into child: Category:Spinners
[depth 0] Recursing into child: Category:TBD canon
Visited 699 categories so far… (current: Category:TBD canon)
[depth 1] Fetching subcategories for: Category:TBD canon
[depth 1] Fetching direct pages for: Category:TBD canon
[depth 0] Recursing into child: Category:The LEGO Ninjago Movie
Visited 700 categories so far… (current: Category:The LEGO Ninjago Movie)
── Progress: 700 categories visited (still walking the tree…) ──
[depth 1] Fetching subcategories for: Category:The LEGO Ninjago Movie
[depth 1] Fetching direct pages for: Category:The LEGO Ninjago Movie
[depth 1] Recursing into child: Category:GPL Tech
[depth 1] Recursing into child: Category:Movie Elements
[depth 1] Recursing into child: Category:Secret Ninja Force
[depth 1] Recursing into child: Category:Shark Army
[depth 1] Recursing into child: Category:The LEGO Ninjago Movie Videogame
[depth 0] Recursing into child: Category:Transcript
[depth 0] Recursing into child: Category:Unknown Status
Visited 701 categories so far… (current: Category:Unknown Status)
[depth 1] Fetching subcategories for: Category:Unknown Status
[depth 1] Fetching direct pages for: Category:Unknown Status
[depth 0] Recursing into child: Category:Vehicles
Visited 702 categories so far… (current: Category:Vehicles)
[depth 1] Fetching subcategories for: Category:Vehicles
[depth 1] Fetching direct pages for: Category:Vehicles
[depth 1] Recursing into child: Category:2011 vehicles
Visited 703 categories so far… (current: Category:2011 vehicles)
[depth 2] Fetching subcategories for: Category:2011 vehicles
[depth 2] Fetching direct pages for: Category:2011 vehicles
[depth 1] Recursing into child: Category:2012 vehicles
Visited 704 categories so far… (current: Category:2012 vehicles)
[depth 2] Fetching subcategories for: Category:2012 vehicles
[depth 2] Fetching direct pages for: Category:2012 vehicles
[depth 1] Recursing into child: Category:2013 vehicles
Visited 705 categories so far… (current: Category:2013 vehicles)
[depth 2] Fetching subcategories for: Category:2013 vehicles
[depth 2] Fetching direct pages for: Category:2013 vehicles
[depth 1] Recursing into child: Category:2014 vehicles
Visited 706 categories so far… (current: Category:2014 vehicles)
[depth 2] Fetching subcategories for: Category:2014 vehicles
[depth 2] Fetching direct pages for: Category:2014 vehicles
[depth 1] Recursing into child: Category:2015 vehicles
Visited 707 categories so far… (current: Category:2015 vehicles)
[depth 2] Fetching subcategories for: Category:2015 vehicles
[depth 2] Fetching direct pages for: Category:2015 vehicles
[depth 1] Recursing into child: Category:2016 vehicles
Visited 708 categories so far… (current: Category:2016 vehicles)
[depth 2] Fetching subcategories for: Category:2016 vehicles
[depth 2] Fetching direct pages for: Category:2016 vehicles
[depth 1] Recursing into child: Category:2017 vehicles
Visited 709 categories so far… (current: Category:2017 vehicles)
[depth 2] Fetching subcategories for: Category:2017 vehicles
[depth 2] Fetching direct pages for: Category:2017 vehicles
[depth 1] Recursing into child: Category:2018 vehicles
Visited 710 categories so far… (current: Category:2018 vehicles)
[depth 2] Fetching subcategories for: Category:2018 vehicles
[depth 2] Fetching direct pages for: Category:2018 vehicles
[depth 1] Recursing into child: Category:2019 vehicles
Visited 711 categories so far… (current: Category:2019 vehicles)
[depth 2] Fetching subcategories for: Category:2019 vehicles
[depth 2] Fetching direct pages for: Category:2019 vehicles
[depth 1] Recursing into child: Category:2020 vehicles
Visited 712 categories so far… (current: Category:2020 vehicles)
[depth 2] Fetching subcategories for: Category:2020 vehicles
[depth 2] Fetching direct pages for: Category:2020 vehicles
[depth 1] Recursing into child: Category:2021 vehicles
Visited 713 categories so far… (current: Category:2021 vehicles)
[depth 2] Fetching subcategories for: Category:2021 vehicles
[depth 2] Fetching direct pages for: Category:2021 vehicles
[depth 1] Recursing into child: Category:2022 vehicles
Visited 714 categories so far… (current: Category:2022 vehicles)
[depth 2] Fetching subcategories for: Category:2022 vehicles
[depth 2] Fetching direct pages for: Category:2022 vehicles
[depth 1] Recursing into child: Category:2023 vehicles
Visited 715 categories so far… (current: Category:2023 vehicles)
[depth 2] Fetching subcategories for: Category:2023 vehicles
[depth 2] Fetching direct pages for: Category:2023 vehicles
[depth 1] Recursing into child: Category:2024 vehicles
Visited 716 categories so far… (current: Category:2024 vehicles)
[depth 2] Fetching subcategories for: Category:2024 vehicles
[depth 2] Fetching direct pages for: Category:2024 vehicles
[depth 1] Recursing into child: Category:2025 vehicles
Visited 717 categories so far… (current: Category:2025 vehicles)
[depth 2] Fetching subcategories for: Category:2025 vehicles
[depth 2] Fetching direct pages for: Category:2025 vehicles
[depth 1] Recursing into child: Category:2026 vehicles
Visited 718 categories so far… (current: Category:2026 vehicles)
[depth 2] Fetching subcategories for: Category:2026 vehicles
[depth 2] Fetching direct pages for: Category:2026 vehicles
[depth 1] Recursing into child: Category:Arin's vehicles
[depth 1] Recursing into child: Category:Bikes
Visited 719 categories so far… (current: Category:Bikes)
[depth 2] Fetching subcategories for: Category:Bikes
[depth 2] Fetching direct pages for: Category:Bikes
[depth 1] Recursing into child: Category:Boats
Visited 720 categories so far… (current: Category:Boats)
[depth 2] Fetching subcategories for: Category:Boats
[depth 2] Fetching direct pages for: Category:Boats
[depth 1] Recursing into child: Category:Bountys
Visited 721 categories so far… (current: Category:Bountys)
[depth 2] Fetching subcategories for: Category:Bountys
[depth 2] Fetching direct pages for: Category:Bountys
[depth 1] Recursing into child: Category:Cole's vehicles
[depth 1] Recursing into child: Category:Dragon Hunters vehicles
[depth 1] Recursing into child: Category:Frak's vehicles
[depth 1] Recursing into child: Category:Ghost vehicles
[depth 1] Recursing into child: Category:Imperian vehicles
[depth 1] Recursing into child: Category:Jay's vehicles
[depth 1] Recursing into child: Category:Jets
Visited 722 categories so far… (current: Category:Jets)
[depth 2] Fetching subcategories for: Category:Jets
[depth 2] Fetching direct pages for: Category:Jets
[depth 1] Recursing into child: Category:Kai's vehicles
[depth 1] Recursing into child: Category:Lloyd's vehicles
[depth 1] Recursing into child: Category:Mechs
[depth 1] Recursing into child: Category:Nindroid vehicles
[depth 1] Recursing into child: Category:Ninja vehicles
[depth 1] Recursing into child: Category:Nya's vehicles
[depth 1] Recursing into child: Category:P.I.X.A.L.'s vehicles
[depth 1] Recursing into child: Category:Serpentine vehicles
[depth 1] Recursing into child: Category:Skulkin vehicles
[depth 1] Recursing into child: Category:Sons of Garmadon vehicles
[depth 1] Recursing into child: Category:Sora's vehicles
[depth 1] Recursing into child: Category:Stone Army vehicles
[depth 1] Recursing into child: Category:Titan Mechs
[depth 1] Recursing into child: Category:Vehicles without a set
Visited 723 categories so far… (current: Category:Vehicles without a set)
[depth 2] Fetching subcategories for: Category:Vehicles without a set
[depth 2] Fetching direct pages for: Category:Vehicles without a set
[depth 1] Recursing into child: Category:Wu's vehicles
[depth 1] Recursing into child: Category:Wyldfyre's vehicles
[depth 1] Recursing into child: Category:Zane's vehicles
[depth 0] Recursing into child: Category:Year
Visited 724 categories so far… (current: Category:Year)
[depth 1] Fetching subcategories for: Category:Year
[depth 1] Fetching direct pages for: Category:Year
[depth 1] Recursing into child: Category:2009
Visited 725 categories so far… (current: Category:2009)
[depth 2] Fetching subcategories for: Category:2009
[depth 2] Fetching direct pages for: Category:2009
[depth 1] Recursing into child: Category:2010
Visited 726 categories so far… (current: Category:2010)
[depth 2] Fetching subcategories for: Category:2010
[depth 2] Fetching direct pages for: Category:2010
[depth 2] Recursing into child: Category:2010 polybags
[depth 2] Recursing into child: Category:2010 sets
[depth 1] Recursing into child: Category:2011
Visited 727 categories so far… (current: Category:2011)
[depth 2] Fetching subcategories for: Category:2011
[depth 2] Fetching direct pages for: Category:2011
[depth 2] Recursing into child: Category:2011 books
[depth 2] Recursing into child: Category:2011 cards
[depth 2] Recursing into child: Category:2011 characters
[depth 2] Recursing into child: Category:2011 galleries
[depth 2] Recursing into child: Category:2011 polybags
[depth 2] Recursing into child: Category:2011 sets
[depth 2] Recursing into child: Category:2011 spinners
[depth 2] Recursing into child: Category:2011 vehicles
[depth 2] Recursing into child: Category:2011 weapons
[depth 2] Recursing into child: Category:Build cards
[depth 2] Recursing into child: Category:Character cards (Spinners)
[depth 2] Recursing into child: Category:Confuse cards
[depth 2] Recursing into child: Category:Control cards
[depth 2] Recursing into child: Category:Destroyed
Visited 728 categories so far… (current: Category:Destroyed)
[depth 3] Fetching subcategories for: Category:Destroyed
[depth 3] Fetching direct pages for: Category:Destroyed
[depth 2] Recursing into child: Category:Episodes of Rise of the Snakes
[depth 2] Recursing into child: Category:Ninjago Spinners
[depth 2] Recursing into child: Category:Pilot episodes
Visited 729 categories so far… (current: Category:Pilot episodes)
[depth 3] Fetching subcategories for: Category:Pilot episodes
[depth 3] Fetching direct pages for: Category:Pilot episodes
[depth 2] Recursing into child: Category:Skulkin weapons
[depth 2] Recursing into child: Category:Spinners
[depth 2] Recursing into child: Category:Trap cards (Spinners)
[depth 2] Recursing into child: Category:Voice Actors
[depth 1] Recursing into child: Category:2012
Visited 730 categories so far… (current: Category:2012)
[depth 2] Fetching subcategories for: Category:2012
[depth 2] Fetching direct pages for: Category:2012
[depth 2] continuation (cmcontinue) direct pages: Category:2012
[depth 2] Recursing into child: Category:2012 books
[depth 2] Recursing into child: Category:2012 cards
[depth 2] Recursing into child: Category:2012 characters
[depth 2] Recursing into child: Category:2012 galleries
[depth 2] Recursing into child: Category:2012 polybags
[depth 2] Recursing into child: Category:2012 sets
[depth 2] Recursing into child: Category:2012 spinners
[depth 2] Recursing into child: Category:2012 vehicles
[depth 2] Recursing into child: Category:2012 weapons
[depth 2] Recursing into child: Category:Build cards
[depth 2] Recursing into child: Category:Character cards (Spinners)
[depth 2] Recursing into child: Category:Confuse cards
[depth 2] Recursing into child: Category:Control cards
[depth 2] Recursing into child: Category:Destroyed
[depth 2] Recursing into child: Category:Episodes of Legacy of the Green Ninja
[depth 2] Recursing into child: Category:Episodes of Rise of the Snakes
[depth 2] Recursing into child: Category:Ninjago Spinners
[depth 2] Recursing into child: Category:Spinners
[depth 2] Recursing into child: Category:Trap cards (Spinners)
[depth 2] Recursing into child: Category:Voice Actors
[depth 1] Recursing into child: Category:2013
Visited 731 categories so far… (current: Category:2013)
[depth 2] Fetching subcategories for: Category:2013
[depth 2] Fetching direct pages for: Category:2013
[depth 2] Recursing into child: Category:2013 books
[depth 2] Recursing into child: Category:2013 characters
[depth 2] Recursing into child: Category:2013 galleries
[depth 2] Recursing into child: Category:2013 sets
[depth 2] Recursing into child: Category:2013 vehicles
[depth 2] Recursing into child: Category:2013 weapons
[depth 1] Recursing into child: Category:2014
Visited 732 categories so far… (current: Category:2014)
[depth 2] Fetching subcategories for: Category:2014
[depth 2] Fetching direct pages for: Category:2014
[depth 2] Recursing into child: Category:2014 books
[depth 2] Recursing into child: Category:2014 characters
[depth 2] Recursing into child: Category:2014 galleries
[depth 2] Recursing into child: Category:2014 polybags
[depth 2] Recursing into child: Category:2014 sets
[depth 2] Recursing into child: Category:2014 vehicles
[depth 2] Recursing into child: Category:2014 weapons
[depth 2] Recursing into child: Category:Destroyed
[depth 2] Recursing into child: Category:Episodes of Rebooted
[depth 2] Recursing into child: Category:Voice Actors
[depth 1] Recursing into child: Category:2015
Visited 733 categories so far… (current: Category:2015)
[depth 2] Fetching subcategories for: Category:2015
[depth 2] Fetching direct pages for: Category:2015
[depth 2] continuation (cmcontinue) direct pages: Category:2015
[depth 2] Recursing into child: Category:2015 books
[depth 2] Recursing into child: Category:2015 characters
[depth 2] Recursing into child: Category:2015 galleries
[depth 2] Recursing into child: Category:2015 polybags
[depth 2] Recursing into child: Category:2015 sets
[depth 2] Recursing into child: Category:2015 vehicles
[depth 2] Recursing into child: Category:Airjitzu Flyers
[depth 2] Recursing into child: Category:Airjitzu Master
[depth 2] Recursing into child: Category:Destroyed
[depth 2] Recursing into child: Category:Episodes of Possession
[depth 2] Recursing into child: Category:Episodes of Tournament of Elements
[depth 2] Recursing into child: Category:Premieres
Visited 734 categories so far… (current: Category:Premieres)
[depth 3] Fetching subcategories for: Category:Premieres
[depth 3] Fetching direct pages for: Category:Premieres
[depth 2] Recursing into child: Category:San Diego Comic-Con
Visited 735 categories so far… (current: Category:San Diego Comic-Con)
[depth 3] Fetching subcategories for: Category:San Diego Comic-Con
[depth 3] Fetching direct pages for: Category:San Diego Comic-Con
[depth 2] Recursing into child: Category:The Realm of Shadows
Visited 736 categories so far… (current: Category:The Realm of Shadows)
[depth 3] Fetching subcategories for: Category:The Realm of Shadows
[depth 3] Fetching direct pages for: Category:The Realm of Shadows
[depth 2] Recursing into child: Category:Voice Actors
[depth 1] Recursing into child: Category:2016
Visited 737 categories so far… (current: Category:2016)
[depth 2] Fetching subcategories for: Category:2016
[depth 2] Fetching direct pages for: Category:2016
[depth 2] continuation (cmcontinue) direct pages: Category:2016
[depth 2] Recursing into child: Category:2016 books
[depth 2] Recursing into child: Category:2016 cards
[depth 2] Recursing into child: Category:2016 characters
[depth 2] Recursing into child: Category:2016 galleries
[depth 2] Recursing into child: Category:2016 sets
[depth 2] Recursing into child: Category:2016 vehicles
[depth 2] Recursing into child: Category:2016 weapons
[depth 2] Recursing into child: Category:Airjitzu Master
[depth 2] Recursing into child: Category:Dark Island Trilogy
[depth 2] Recursing into child: Category:Day of the Departed
Visited 738 categories so far… (current: Category:Day of the Departed)
[depth 3] Fetching subcategories for: Category:Day of the Departed
[depth 3] Fetching direct pages for: Category:Day of the Departed
[depth 3] Recursing into child: Category:2016 weapons
[depth 3] Recursing into child: Category:Airjitzu Master
[depth 2] Recursing into child: Category:Destroyed
[depth 2] Recursing into child: Category:Episodes of Skybound
[depth 2] Recursing into child: Category:San Diego Comic-Con
[depth 2] Recursing into child: Category:Voice Actors
[depth 2] Recursing into child: Category:Wu-Cru
Visited 739 categories so far… (current: Category:Wu-Cru)
[depth 3] Fetching subcategories for: Category:Wu-Cru
[depth 3] Fetching direct pages for: Category:Wu-Cru
[depth 1] Recursing into child: Category:2017
Visited 740 categories so far… (current: Category:2017)
[depth 2] Fetching subcategories for: Category:2017
[depth 2] Fetching direct pages for: Category:2017
[depth 2] continuation (cmcontinue) direct pages: Category:2017
[depth 2] continuation (cmcontinue) direct pages: Category:2017
[depth 2] Recursing into child: Category:2017 books
[depth 2] Recursing into child: Category:2017 cards
[depth 2] Recursing into child: Category:2017 characters
[depth 2] Recursing into child: Category:2017 galleries
[depth 2] Recursing into child: Category:2017 sets
[depth 2] Recursing into child: Category:2017 spinners
[depth 2] Recursing into child: Category:2017 vehicles
[depth 2] Recursing into child: Category:2017 weapons
[depth 2] Recursing into child: Category:Airjitzu Master
[depth 2] Recursing into child: Category:Decoded
[depth 2] Recursing into child: Category:Destroyed
[depth 2] Recursing into child: Category:Episodes of Decoded
[depth 2] Recursing into child: Category:Episodes of Operation Heavy Metal
[depth 2] Recursing into child: Category:Episodes of The Hands of Time
[depth 2] Recursing into child: Category:Minifigure Pods
[depth 2] Recursing into child: Category:San Diego Comic-Con
[depth 2] Recursing into child: Category:Spinners
[depth 2] Recursing into child: Category:The LEGO Ninjago Movie
[depth 2] Recursing into child: Category:Voice Actors
[depth 2] Recursing into child: Category:Way of the Departed
[depth 2] Recursing into child: Category:Wu's Teas
[depth 2] Recursing into child: Category:Wu-Cru
[depth 1] Recursing into child: Category:2018
Visited 741 categories so far… (current: Category:2018)
[depth 2] Fetching subcategories for: Category:2018
[depth 2] Fetching direct pages for: Category:2018
[depth 2] continuation (cmcontinue) direct pages: Category:2018
[depth 2] Recursing into child: Category:2018 books
[depth 2] Recursing into child: Category:2018 cards
[depth 2] Recursing into child: Category:2018 characters
[depth 2] Recursing into child: Category:2018 galleries
[depth 2] Recursing into child: Category:2018 sets
[depth 2] Recursing into child: Category:2018 spinners
[depth 2] Recursing into child: Category:2018 vehicles
[depth 2] Recursing into child: Category:2018 weapons
[depth 2] Recursing into child: Category:Decoded
[depth 2] Recursing into child: Category:Destroyed
[depth 2] Recursing into child: Category:Episodes of Decoded
[depth 2] Recursing into child: Category:Episodes of Hunted
[depth 2] Recursing into child: Category:Episodes of Sons of Garmadon
[depth 2] Recursing into child: Category:Episodes of Tales from the Monastery of Spinjitzu
[depth 2] Recursing into child: Category:Hunted
[depth 2] Recursing into child: Category:Minifigure Pods
[depth 2] Recursing into child: Category:San Diego Comic-Con
[depth 2] Recursing into child: Category:Spinners
[depth 2] Recursing into child: Category:Tales from the Monastery of Spinjitzu
Visited 742 categories so far… (current: Category:Tales from the Monastery of Spinjitzu)
[depth 3] Fetching subcategories for: Category:Tales from the Monastery of Spinjitzu
[depth 3] Fetching direct pages for: Category:Tales from the Monastery of Spinjitzu
[depth 3] Recursing into child: Category:Episodes of Tales from the Monastery of Spinjitzu
[depth 2] Recursing into child: Category:The Splinter in the Blind Man's Eye
[depth 2] Recursing into child: Category:Voice Actors
[depth 2] Recursing into child: Category:Way of the Departed
[depth 1] Recursing into child: Category:2019
Visited 743 categories so far… (current: Category:2019)
[depth 2] Fetching subcategories for: Category:2019
[depth 2] Fetching direct pages for: Category:2019
[depth 2] continuation (cmcontinue) direct pages: Category:2019
[depth 2] Recursing into child: Category:2019 books
[depth 2] Recursing into child: Category:2019 characters
[depth 2] Recursing into child: Category:2019 galleries
[depth 2] Recursing into child: Category:2019 sets
[depth 2] Recursing into child: Category:2019 spinners
[depth 2] Recursing into child: Category:2019 vehicles
[depth 2] Recursing into child: Category:2019 weapons
[depth 2] Recursing into child: Category:Destroyed
[depth 2] Recursing into child: Category:Episodes of March of the Oni
[depth 2] Recursing into child: Category:Episodes of Secrets of the Forbidden Spinjitzu
[depth 2] Recursing into child: Category:Minifigure Pods
[depth 2] Recursing into child: Category:Ninjago: Legacy
Visited 744 categories so far… (current: Category:Ninjago: Legacy)
[depth 3] Fetching subcategories for: Category:Ninjago: Legacy
[depth 3] Fetching direct pages for: Category:Ninjago: Legacy
[depth 3] Recursing into child: Category:Ninjago: Legacy HERO
Visited 745 categories so far… (current: Category:Ninjago: Legacy HERO)
[depth 4] Fetching subcategories for: Category:Ninjago: Legacy HERO
[depth 4] Fetching direct pages for: Category:Ninjago: Legacy HERO
[depth 2] Recursing into child: Category:Spinners
[depth 2] Recursing into child: Category:Voice Actors
[depth 1] Recursing into child: Category:2020
Visited 746 categories so far… (current: Category:2020)
[depth 2] Fetching subcategories for: Category:2020
[depth 2] Fetching direct pages for: Category:2020
[depth 2] continuation (cmcontinue) direct pages: Category:2020
[depth 2] Recursing into child: Category:2020 books
[depth 2] Recursing into child: Category:2020 characters
[depth 2] Recursing into child: Category:2020 galleries
[depth 2] Recursing into child: Category:2020 polybags
[depth 2] Recursing into child: Category:2020 sets
[depth 2] Recursing into child: Category:2020 spinners
[depth 2] Recursing into child: Category:2020 vehicles
[depth 2] Recursing into child: Category:2020 weapons
[depth 2] Recursing into child: Category:Airjitzu Master
[depth 2] Recursing into child: Category:Destroyed
[depth 2] Recursing into child: Category:Episodes of Master of the Mountain
[depth 2] Recursing into child: Category:Episodes of Prime Empire
[depth 2] Recursing into child: Category:Master of the Mountain
[depth 2] Recursing into child: Category:Ninjago: Legacy
[depth 2] Recursing into child: Category:Prime Empire
[depth 2] Recursing into child: Category:Prime Empire Original Shorts
Visited 747 categories so far… (current: Category:Prime Empire Original Shorts)
[depth 3] Fetching subcategories for: Category:Prime Empire Original Shorts
[depth 3] Fetching direct pages for: Category:Prime Empire Original Shorts
[depth 2] Recursing into child: Category:Spinners
[depth 2] Recursing into child: Category:Voice Actors
[depth 2] Recursing into child: Category:Way of the Departed
[depth 1] Recursing into child: Category:2021
Visited 748 categories so far… (current: Category:2021)
[depth 2] Fetching subcategories for: Category:2021
[depth 2] Fetching direct pages for: Category:2021
[depth 2] continuation (cmcontinue) direct pages: Category:2021
[depth 2] Recursing into child: Category:2021 books
[depth 2] Recursing into child: Category:2021 galleries
[depth 2] Recursing into child: Category:2021 sets
[depth 2] Recursing into child: Category:2021 vehicles
[depth 2] Recursing into child: Category:2021 weapons
[depth 2] Recursing into child: Category:Destroyed
[depth 2] Recursing into child: Category:Episodes of Seabound
[depth 2] Recursing into child: Category:Episodes of The Island
[depth 2] Recursing into child: Category:Ninjago: Legacy
[depth 2] Recursing into child: Category:Ninjago: Reimagined
Visited 749 categories so far… (current: Category:Ninjago: Reimagined)
[depth 3] Fetching subcategories for: Category:Ninjago: Reimagined
[depth 3] Fetching direct pages for: Category:Ninjago: Reimagined
[depth 2] Recursing into child: Category:Seabound
[depth 2] Recursing into child: Category:Storm
Visited 750 categories so far… (current: Category:Storm)
── Progress: 750 categories visited (still walking the tree…) ──
[depth 3] Fetching subcategories for: Category:Storm
[depth 3] Fetching direct pages for: Category:Storm
[depth 2] Recursing into child: Category:The Island
Visited 751 categories so far… (current: Category:The Island)
[depth 3] Fetching subcategories for: Category:The Island
[depth 3] Fetching direct pages for: Category:The Island
[depth 3] Recursing into child: Category:Episodes of The Island
[depth 2] Recursing into child: Category:The Splinter in the Blind Man's Eye
[depth 2] Recursing into child: Category:Voice Actors
[depth 2] Recursing into child: Category:Wave
Visited 752 categories so far… (current: Category:Wave)
[depth 3] Fetching subcategories for: Category:Wave
[depth 3] Fetching direct pages for: Category:Wave
[depth 2] Recursing into child: Category:Way of the Departed
[depth 1] Recursing into child: Category:2022
Visited 753 categories so far… (current: Category:2022)
[depth 2] Fetching subcategories for: Category:2022
[depth 2] Fetching direct pages for: Category:2022
[depth 2] continuation (cmcontinue) direct pages: Category:2022
[depth 2] Recursing into child: Category:2022 books
[depth 2] Recursing into child: Category:2022 characters
[depth 2] Recursing into child: Category:2022 galleries
[depth 2] Recursing into child: Category:2022 sets
[depth 2] Recursing into child: Category:2022 spinners
[depth 2] Recursing into child: Category:2022 vehicles
[depth 2] Recursing into child: Category:2022 weapons
[depth 2] Recursing into child: Category:Amber Spiral
[depth 2] Recursing into child: Category:Crystalized
[depth 2] Recursing into child: Category:Destroyed
[depth 2] Recursing into child: Category:Episodes of Crystalized
[depth 2] Recursing into child: Category:Episodes of The Virtues of Spinjitzu
[depth 2] Recursing into child: Category:Garmadon (comic series)
[depth 2] Recursing into child: Category:Ninjago: Core
Visited 754 categories so far… (current: Category:Ninjago: Core)
[depth 3] Fetching subcategories for: Category:Ninjago: Core
[depth 3] Fetching direct pages for: Category:Ninjago: Core
[depth 3] Recursing into child: Category:Ninjago NXT
Visited 755 categories so far… (current: Category:Ninjago NXT)
[depth 4] Fetching subcategories for: Category:Ninjago NXT
[depth 4] Fetching direct pages for: Category:Ninjago NXT
[depth 2] Recursing into child: Category:Premieres
[depth 2] Recursing into child: Category:San Diego Comic-Con
[depth 2] Recursing into child: Category:Spinners
[depth 2] Recursing into child: Category:The Splinter in the Blind Man's Eye
[depth 2] Recursing into child: Category:The Virtues of Spinjitzu
[depth 2] Recursing into child: Category:Voice Actors
[depth 1] Recursing into child: Category:2023
Visited 756 categories so far… (current: Category:2023)
[depth 2] Fetching subcategories for: Category:2023
[depth 2] Fetching direct pages for: Category:2023
[depth 2] continuation (cmcontinue) direct pages: Category:2023
[depth 2] Recursing into child: Category:2023 books
[depth 2] Recursing into child: Category:2023 characters
[depth 2] Recursing into child: Category:2023 galleries
[depth 2] Recursing into child: Category:2023 sets
[depth 2] Recursing into child: Category:2023 spinners
[depth 2] Recursing into child: Category:2023 vehicles
[depth 2] Recursing into child: Category:2023 weapons
[depth 2] Recursing into child: Category:Destroyed
[depth 2] Recursing into child: Category:Episodes of Season 1 (Dragons Rising)
[depth 2] Recursing into child: Category:Episodes of Will you enter the Dream World?
[depth 2] Recursing into child: Category:Ninjago: Core
[depth 2] Recursing into child: Category:San Diego Comic-Con
[depth 2] Recursing into child: Category:Spinners
[depth 2] Recursing into child: Category:Voice Actors
[depth 1] Recursing into child: Category:2024
Visited 757 categories so far… (current: Category:2024)
[depth 2] Fetching subcategories for: Category:2024
[depth 2] Fetching direct pages for: Category:2024
[depth 2] continuation (cmcontinue) direct pages: Category:2024
[depth 2] Recursing into child: Category:2024 books
[depth 2] Recursing into child: Category:2024 cards
[depth 2] Recursing into child: Category:2024 characters
[depth 2] Recursing into child: Category:2024 galleries
[depth 2] Recursing into child: Category:2024 polybags
[depth 2] Recursing into child: Category:2024 sets
[depth 2] Recursing into child: Category:2024 vehicles
[depth 2] Recursing into child: Category:2024 weapons
[depth 2] Recursing into child: Category:Destroyed
[depth 2] Recursing into child: Category:Episodes of Return to the Wyldness
[depth 2] Recursing into child: Category:Episodes of Season 2 (Dragons Rising)
[depth 2] Recursing into child: Category:Episodes of The Elemental Mechs
[depth 2] Recursing into child: Category:Episodes of Wyldfyre's Stories
[depth 2] Recursing into child: Category:Episodes of Wyldfyre's Voice Notes
[depth 2] Recursing into child: Category:Return to the Wyldness
[depth 2] Recursing into child: Category:San Diego Comic-Con
[depth 2] Recursing into child: Category:Shatterspin (comic series)
[depth 2] Recursing into child: Category:The Elemental Mechs
[depth 2] Recursing into child: Category:Voice Actors
[depth 2] Recursing into child: Category:Wyldfyre's Stories
[depth 1] Recursing into child: Category:2025
Visited 758 categories so far… (current: Category:2025)
[depth 2] Fetching subcategories for: Category:2025
[depth 2] Fetching direct pages for: Category:2025
[depth 2] continuation (cmcontinue) direct pages: Category:2025
[depth 2] continuation (cmcontinue) direct pages: Category:2025
[depth 2] Recursing into child: Category:2025 books
[depth 2] Recursing into child: Category:2025 characters
[depth 2] Recursing into child: Category:2025 galleries
[depth 2] Recursing into child: Category:2025 sets
[depth 2] Recursing into child: Category:2025 spinners
[depth 2] Recursing into child: Category:2025 vehicles
[depth 2] Recursing into child: Category:2025 weapons
[depth 2] Recursing into child: Category:Crossroads' Crosstalk
[depth 2] Recursing into child: Category:Episodes of Crossroads' Crosstalk
[depth 2] Recursing into child: Category:Episodes of Kai's Monstrous Journey
[depth 2] Recursing into child: Category:Episodes of Monstrosity
[depth 2] Recursing into child: Category:Episodes of Season 3 (Dragons Rising)
[depth 2] Recursing into child: Category:Kai's Monstrous Journey
[depth 2] Recursing into child: Category:Monstrosity
[depth 2] Recursing into child: Category:San Diego Comic-Con
[depth 2] Recursing into child: Category:Shatterspin (comic series)
[depth 1] Recursing into child: Category:2026
Visited 759 categories so far… (current: Category:2026)
[depth 2] Fetching subcategories for: Category:2026
[depth 2] Fetching direct pages for: Category:2026
[depth 2] continuation (cmcontinue) direct pages: Category:2026
[depth 2] Recursing into child: Category:2026 books
[depth 2] Recursing into child: Category:2026 characters
[depth 2] Recursing into child: Category:2026 galleries
[depth 2] Recursing into child: Category:2026 sets
[depth 2] Recursing into child: Category:2026 spinners
[depth 2] Recursing into child: Category:2026 vehicles
[depth 2] Recursing into child: Category:2026 weapons
[depth 2] Recursing into child: Category:Duskfall
[depth 2] Recursing into child: Category:Episodes of Season 4 (Dragons Rising)
[depth 2] Recursing into child: Category:Ninjago: Legacy
[depth 2] Recursing into child: Category:Quill of Destiny
[depth 2] Recursing into child: Category:Riyu the Dragon
[depth 2] Recursing into child: Category:Strike of the Serpentine
Wrote /Users/evan/Downloads/ninjago site/assets/data/fandom_content_category_tree.json (759 categories visited, 1789 nodes in tree display).
Would append 165 manifest rows (tree titles not in wiki_pages / characters).
Wrote 6257 total rows to /Users/evan/Downloads/ninjago site/assets/data/wiki_pages.json
Missing on disk: 168 row(s) to import.
FAIL 'user-bloglscnuke' ('User Blog:LSCNuke'): {'code': 'missingtitle', 'info': "The page you specified doesn't exist.", '*': 'See https://ninjago.fandom.com/api.php for API usage. Subscribe to the mediawiki-api-announce mailing list at &lt;https://lists.wikimedia.org/postorius/lists/mediawiki-api-announce.lists.wikimedia.org/&gt; for notice of API deprecations and breaking changes.'}
FAIL 'usermickeyjohnson47glim' ('User:MickeyJohnson47/Glim'): Empty body after rewrite: 'User:MickeyJohnson47/Glim'
FAIL 'userspinjitzufordays99sandbox' ('User:SpinjitzuForDays99/Sandbox'): Empty body after rewrite: 'User:SpinjitzuForDays99/Sandbox'
… 25 imported
… 50 imported
… 75 imported
… 100 imported
… 125 imported
… 150 imported
Done: imported=165 errors=3
… 50/6257
FAIL '2026-ninjago-installment' ('2026 Ninjago installment'): {'code': 'missingtitle', 'info': "The page you specified doesn't exist.", '*': 'See https://ninjago.fandom.com/api.php for API usage. Subscribe to the mediawiki-api-announce mailing list at &lt;https://lists.wikimedia.org/postorius/lists/mediawiki-api-announce.lists.wikimedia.org/&gt; for notice of API deprecations and breaking changes.'}
… 100/6257
FAIL '2855165-special-edition-ninjago-card' ('2855165 Special Edition Ninjago Card'): {'code': 'missingtitle', 'info': "The page you specified doesn't exist.", '*': 'See https://ninjago.fandom.com/api.php for API usage. Subscribe to the mediawiki-api-announce mailing list at &lt;https://lists.wikimedia.org/postorius/lists/mediawiki-api-announce.lists.wikimedia.org/&gt; for notice of API deprecations and breaking changes.'}
… 150/6257
FAIL '4659640-special-edition-card' ('4659640 Special Edition Card'): {'code': 'missingtitle', 'info': "The page you specified doesn't exist.", '*': 'See https://ninjago.fandom.com/api.php for API usage. Subscribe to the mediawiki-api-announce mailing list at &lt;https://lists.wikimedia.org/postorius/lists/mediawiki-api-announce.lists.wikimedia.org/&gt; for notice of API deprecations and breaking changes.'}
… 200/6257
… 250/6257
… 300/6257
… 350/6257
… 400/6257
… 450/6257
… 500/6257
… 550/6257
… 600/6257
… 650/6257
… 700/6257
… 750/6257
… 800/6257
… 850/6257
… 900/6257
… 950/6257
… 1000/6257
FAIL 'arc-dragon-of-the-life-tribe' ('Arc Dragon of the Life Tribe'): {'code': 'missingtitle', 'info': "The page you specified doesn't exist.", '*': 'See https://ninjago.fandom.com/api.php for API usage. Subscribe to the mediawiki-api-announce mailing list at &lt;https://lists.wikimedia.org/postorius/lists/mediawiki-api-announce.lists.wikimedia.org/&gt; for notice of API deprecations and breaking changes.'}
… 1050/6257
… 1100/6257
… 1150/6257
FAIL 'blogrecent-posts' ('Blog:Recent posts'): {'code': 'missingtitle', 'info': "The page you specified doesn't exist.", '*': 'See https://ninjago.fandom.com/api.php for API usage. Subscribe to the mediawiki-api-announce mailing list at &lt;https://lists.wikimedia.org/postorius/lists/mediawiki-api-announce.lists.wikimedia.org/&gt; for notice of API deprecations and breaking changes.'}
… 1200/6257
… 1250/6257
… 1300/6257
… 1350/6257
… 1400/6257
… 1450/6257
… 1500/6257
… 1550/6257
… 1600/6257
… 1650/6257
… 1700/6257
… 1750/6257
… 1800/6257
… 1850/6257
… 1900/6257
… 1950/6257
… 2000/6257
… 2050/6257
FAIL 'dead-mans-squall-storm' ("Dead Man's Squall (storm)"): {'code': 'missingtitle', 'info': "The page you specified doesn't exist.", '*': 'See https://ninjago.fandom.com/api.php for API usage. Subscribe to the mediawiki-api-announce mailing list at &lt;https://lists.wikimedia.org/postorius/lists/mediawiki-api-announce.lists.wikimedia.org/&gt; for notice of API deprecations and breaking changes.'}
FAIL 'dead-mans-squallgallery' ("Dead Man's Squall/Gallery"): {'code': 'missingtitle', 'info': "The page you specified doesn't exist.", '*': 'See https://ninjago.fandom.com/api.php for API usage. Subscribe to the mediawiki-api-announce mailing list at &lt;https://lists.wikimedia.org/postorius/lists/mediawiki-api-announce.lists.wikimedia.org/&gt; for notice of API deprecations and breaking changes.'}
FAIL 'dead-mans-squalltranscript' ("Dead Man's Squall/Transcript"): {'code': 'missingtitle', 'info': "The page you specified doesn't exist.", '*': 'See https://ninjago.fandom.com/api.php for API usage. Subscribe to the mediawiki-api-announce mailing list at &lt;https://lists.wikimedia.org/postorius/lists/mediawiki-api-announce.lists.wikimedia.org/&gt; for notice of API deprecations and breaking changes.'}
… 2100/6257
… 2150/6257
FAIL 'dk-ninjago-chapter-book-series' ('DK Ninjago chapter book series'): {'code': 'missingtitle', 'info': "The page you specified doesn't exist.", '*': 'See https://ninjago.fandom.com/api.php for API usage. Subscribe to the mediawiki-api-announce mailing list at &lt;https://lists.wikimedia.org/postorius/lists/mediawiki-api-announce.lists.wikimedia.org/&gt; for notice of API deprecations and breaking changes.'}
… 2200/6257
… 2250/6257
… 2300/6257
… 2350/6257
… 2400/6257
… 2450/6257
… 2500/6257
… 2550/6257
… 2600/6257
… 2650/6257
… 2700/6257
… 2750/6257
… 2800/6257
… 2850/6257
… 2900/6257
… 2950/6257
FAIL 'image-comics-ninjago-graphic-novel-collection' ('Image Comics Ninjago graphic novel collection'): {'code': 'missingtitle', 'info': "The page you specified doesn't exist.", '*': 'See https://ninjago.fandom.com/api.php for API usage. Subscribe to the mediawiki-api-announce mailing list at &lt;https://lists.wikimedia.org/postorius/lists/mediawiki-api-announce.lists.wikimedia.org/&gt; for notice of API deprecations and breaking changes.'}
… 3000/6257
… 3050/6257
… 3100/6257
… 3150/6257
… 3200/6257
… 3250/6257
FAIL 'l0002203-earth-monster' ('L0002203 Earth Monster'): {'code': 'missingtitle', 'info': "The page you specified doesn't exist.", '*': 'See https://ninjago.fandom.com/api.php for API usage. Subscribe to the mediawiki-api-announce mailing list at &lt;https://lists.wikimedia.org/postorius/lists/mediawiki-api-announce.lists.wikimedia.org/&gt; for notice of API deprecations and breaking changes.'}
FAIL 'land-of-madness-monastery' ('Land of Madness Monastery'): {'code': 'missingtitle', 'info': "The page you specified doesn't exist.", '*': 'See https://ninjago.fandom.com/api.php for API usage. Subscribe to the mediawiki-api-announce mailing list at &lt;https://lists.wikimedia.org/postorius/lists/mediawiki-api-announce.lists.wikimedia.org/&gt; for notice of API deprecations and breaking changes.'}
… 3300/6257
… 3350/6257
… 3400/6257
… 3450/6257
… 3500/6257
… 3550/6257
… 3600/6257
… 3650/6257
… 3700/6257
… 3750/6257
FAIL 'my-poison' ('My Poison'): {'code': 'missingtitle', 'info': "The page you specified doesn't exist.", '*': 'See https://ninjago.fandom.com/api.php for API usage. Subscribe to the mediawiki-api-announce mailing list at &lt;https://lists.wikimedia.org/postorius/lists/mediawiki-api-announce.lists.wikimedia.org/&gt; for notice of API deprecations and breaking changes.'}
… 3800/6257
… 3850/6257
… 3900/6257
… 3950/6257
… 4000/6257
… 4050/6257
… 4100/6257
… 4150/6257
… 4200/6257
FAIL 'pit-of-plains' ('Pit of Plains'): {'code': 'missingtitle', 'info': "The page you specified doesn't exist.", '*': 'See https://ninjago.fandom.com/api.php for API usage. Subscribe to the mediawiki-api-announce mailing list at &lt;https://lists.wikimedia.org/postorius/lists/mediawiki-api-announce.lists.wikimedia.org/&gt; for notice of API deprecations and breaking changes.'}
… 4250/6257
… 4300/6257
… 4350/6257
… 4400/6257
… 4450/6257
… 4500/6257
… 4550/6257
… 4600/6257
… 4650/6257
… 4700/6257
… 4750/6257
… 4800/6257
… 4850/6257
FAIL 'spectral-monastery' ('Spectral Monastery'): {'code': 'missingtitle', 'info': "The page you specified doesn't exist.", '*': 'See https://ninjago.fandom.com/api.php for API usage. Subscribe to the mediawiki-api-announce mailing list at &lt;https://lists.wikimedia.org/postorius/lists/mediawiki-api-announce.lists.wikimedia.org/&gt; for notice of API deprecations and breaking changes.'}
… 4900/6257
… 4950/6257
… 5000/6257
… 5050/6257
… 5100/6257
… 5150/6257
… 5200/6257
… 5250/6257
… 5300/6257
… 5350/6257
… 5400/6257
… 5450/6257
… 5500/6257
… 5550/6257
… 5600/6257
… 5650/6257
… 5700/6257
… 5750/6257
FAIL 'umbrasilvians' ('Umbrasilvians'): {'code': 'missingtitle', 'info': "The page you specified doesn't exist.", '*': 'See https://ninjago.fandom.com/api.php for API usage. Subscribe to the mediawiki-api-announce mailing list at &lt;https://lists.wikimedia.org/postorius/lists/mediawiki-api-announce.lists.wikimedia.org/&gt; for notice of API deprecations and breaking changes.'}
FAIL 'unknown-elemental-master-champion-of-the-sources' ('Unknown Elemental Master (Champion of the Sources)'): {'code': 'missingtitle', 'info': "The page you specified doesn't exist.", '*': 'See https://ninjago.fandom.com/api.php for API usage. Subscribe to the mediawiki-api-announce mailing list at &lt;https://lists.wikimedia.org/postorius/lists/mediawiki-api-announce.lists.wikimedia.org/&gt; for notice of API deprecations and breaking changes.'}
FAIL 'unknown-monastery-plains' ('Unknown monastery (plains)'): {'code': 'missingtitle', 'info': "The page you specified doesn't exist.", '*': 'See https://ninjago.fandom.com/api.php for API usage. Subscribe to the mediawiki-api-announce mailing list at &lt;https://lists.wikimedia.org/postorius/lists/mediawiki-api-announce.lists.wikimedia.org/&gt; for notice of API deprecations and breaking changes.'}
FAIL 'unknown-realm-plains' ('Unknown realm (plains)'): {'code': 'missingtitle', 'info': "The page you specified doesn't exist.", '*': 'See https://ninjago.fandom.com/api.php for API usage. Subscribe to the mediawiki-api-announce mailing list at &lt;https://lists.wikimedia.org/postorius/lists/mediawiki-api-announce.lists.wikimedia.org/&gt; for notice of API deprecations and breaking changes.'}
FAIL 'unnamed-realm-plains' ('Unnamed realm (plains)'): {'code': 'missingtitle', 'info': "The page you specified doesn't exist.", '*': 'See https://ninjago.fandom.com/api.php for API usage. Subscribe to the mediawiki-api-announce mailing list at &lt;https://lists.wikimedia.org/postorius/lists/mediawiki-api-announce.lists.wikimedia.org/&gt; for notice of API deprecations and breaking changes.'}
… 5800/6257
… 5850/6257
… 5900/6257
FAIL 'whispering-wood-monastery' ('Whispering Wood Monastery'): {'code': 'missingtitle', 'info': "The page you specified doesn't exist.", '*': 'See https://ninjago.fandom.com/api.php for API usage. Subscribe to the mediawiki-api-announce mailing list at &lt;https://lists.wikimedia.org/postorius/lists/mediawiki-api-announce.lists.wikimedia.org/&gt; for notice of API deprecations and breaking changes.'}
… 5950/6257
… 6000/6257
… 6050/6257
FAIL 'user-bloglscnuke' ('User Blog:LSCNuke'): {'code': 'missingtitle', 'info': "The page you specified doesn't exist.", '*': 'See https://ninjago.fandom.com/api.php for API usage. Subscribe to the mediawiki-api-announce mailing list at &lt;https://lists.wikimedia.org/postorius/lists/mediawiki-api-announce.lists.wikimedia.org/&gt; for notice of API deprecations and breaking changes.'}
FAIL 'usermickeyjohnson47glim' ('User:MickeyJohnson47/Glim'): Empty body after rewrite: 'User:MickeyJohnson47/Glim'
FAIL 'userspinjitzufordays99sandbox' ('User:SpinjitzuForDays99/Sandbox'): Empty body after rewrite: 'User:SpinjitzuForDays99/Sandbox'
… 6100/6257
… 6150/6257
… 6200/6257
Done: refreshed=6233 errors=24 total_rows=6257
[1/1241] import: lloyd ('Lloyd')
[2/1241] import: kai ('Kai')
[3/1241] import: jay ('Jay')
[4/1241] import: cole ('Cole')
[5/1241] import: zane ('Zane')
[6/1241] import: nya ('Nya')
[7/1241] import: wu ('Wu')
[8/1241] import: garmadon ('Garmadon')
[9/1241] import: pythor ('Pythor')
[10/1241] import: overlord ('The Overlord')
[11/1241] import: ace ('Ace')
[12/1241] import: acid-monsters ('Acid Monsters')
[13/1241] import: acidicus ('Acidicus')
[14/1241] import: acona ('Acona')
[15/1241] import: acronix ('Acronix')
[16/1241] import: adam ('Adam')
[17/1241] import: adara ('Adara')
[18/1241] import: admin-droid ('Admin Droid')
[19/1241] import: administration-agents ('Administration Agents')
[20/1241] import: adventure-ready-woman ('Adventure-Ready Woman')
[21/1241] import: akita ('Akita')
[22/1241] import: albert ('Albert')
[23/1241] import: alfonzo-frohicky ('Alfonzo Frohicky')
[24/1241] import: alfonzo-frohickys-mother ("Alfonzo Frohicky's mother")
[25/1241] import: algae-farmers ('Algae farmers')
[26/1241] import: algu ('Algu')
[27/1241] import: anacondrai ('Anacondrai')
[28/1241] import: anacondrai-cultists ('Anacondrai Cultists')
[29/1241] import: anacondrai-generals ('Anacondrai generals')
[30/1241] import: anacondrai-serpent ('Anacondrai serpent')
[31/1241] import: andrea-thomson ('Andrea Thomson')
[32/1241] import: andrew ('Andrew')
[33/1241] import: androids ('Androids')
[34/1241] import: angler ('Angler')
[35/1241] import: angler-goon ('Angler Goon')
[36/1241] import: announcer ('Announcer')
[37/1241] import: anthony-brutinelli ('Anthony Brutinelli')
[38/1241] import: antonia ('Antonia')
[39/1241] import: apprentice-male ('Apprentice Male')
[40/1241] import: arc-dragon-of-focus ('Arc Dragon of Focus')
[41/1241] import: arc-dragon-of-life ('Arc Dragon of Life')
[42/1241] import: arc-dragons ('Arc Dragons')
[43/1241] import: arccrack ('Arccrack')
[44/1241] import: arcturus ('Arcturus')
[45/1241] import: argus ('Argus')
[46/1241] import: arin ('Arin')
[47/1241] import: arkade ('Arkade')
[48/1241] import: army-of-shintaro ('Army of Shintaro')
[49/1241] import: arrakore ('Arrakore')
[50/1241] import: aru ('Aru')
[51/1241] import: asa ('Asa')
[52/1241] import: ash ('Ash')
[53/1241] import: asimov ('Asimov')
[54/1241] import: aspheera ('Aspheera')
[55/1241] import: aspheeras-cellmates ("Aspheera's cellmates")
[56/1241] import: astro-parasites ('Astro parasites')
[57/1241] import: atta-the-ratta ('Atta the Ratta')
[58/1241] import: attacker-bots ('Attacker bots')
[59/1241] import: attila ('Attila')
[60/1241] import: auto ('Auto')
[61/1241] import: avatar-harumi ('Avatar Harumi')
[62/1241] import: avatar-pink-zane ('Avatar Pink Zane')
[63/1241] import: avatars ('Avatars')
[64/1241] import: bahn ('Bahn')
[65/1241] import: baker ('Baker')
[66/1241] import: balee ('Balee')
[67/1241] import: ballistic-missiles ('Ballistic Missiles')
[68/1241] import: balun ('Balun')
[69/1241] import: bandit ('Bandit')
[70/1241] import: bank-boss ('Bank Boss')
[71/1241] import: bansha ('Bansha')
[72/1241] import: barracudox ('Barracudox')
[73/1241] import: barry ('Barry')
[74/1241] import: battle-mechs ('Battle Mechs')
[75/1241] import: bears ('Bears')
[76/1241] import: beatrix ('Beatrix')
[77/1241] import: beavers ('Beavers')
[78/1241] import: bees ('Bees')
[79/1241] import: beetle-warriors ('Beetle warriors')
[80/1241] import: ben-shephard-character ('Ben Shephard (character)')
[81/1241] import: benny ('Benny')
[82/1241] import: benthomaar ('Benthomaar')
[83/1241] import: benton ('Benton')
[84/1241] import: beohernie ('Beohernie')
[85/1241] import: beta-jay-137 ('Beta Jay 137')
[86/1241] import: betsy ('Betsy')
[87/1241] import: betsys-baby ("Betsy's baby")
[88/1241] import: bezar ('Bezar')
[89/1241] import: big-dan ('Big Dan')
[90/1241] import: big-han ('Big Han')
[91/1241] import: bill ('Bill')
[92/1241] import: bizarro-cole ('Bizarro Cole')
[93/1241] import: bizarro-jay ('Bizarro Jay')
[94/1241] import: bizarro-kai ('Bizarro Kai')
[95/1241] import: bizarro-zane ('Bizarro Zane')
[96/1241] import: blacktron-fan ('Blacktron Fan')
[97/1241] import: blade-knight ('Blade Knight')
[98/1241] import: bladvic ('Bladvic')
[99/1241] import: blake-donovan ('Blake Donovan')
[100/1241] import: blazey-h-speed ('Blazey H. Speed')
[101/1241] import: bleckt ('Bleckt')
[102/1241] import: blizzard-archers ('Blizzard Archers')
[103/1241] import: blizzard-samurai ('Blizzard Samurai')
[104/1241] import: blizzard-sword-masters ('Blizzard Sword Masters')
[105/1241] import: blizzard-warriors ('Blizzard Warriors')
[106/1241] import: blue-dragon ('Blue Dragon')
[107/1241] import: blunck ('Blunck')
[108/1241] import: boa-destructors ('Boa Destructors')
[109/1241] import: boat-vendor ('Boat Vendor')
[110/1241] import: bob-the-lego-ninjago-movie ('Bob (The LEGO Ninjago Movie)')
[111/1241] import: bob-rattlebottom ('Bob Rattlebottom')
[112/1241] import: bob-the-intern ('Bob the Intern')
[113/1241] import: bob-bob ('Bob-Bob')
[114/1241] import: bolobo ('Bolobo')
[115/1241] import: bolsen ('Bolsen')
[116/1241] import: boma ('Boma')
[117/1241] import: bone-collectors ('Bone collectors')
[118/1241] import: bone-guards ('Bone Guards')
[119/1241] import: bone-hunters ('Bone Hunters')
[120/1241] import: bone-king ('Bone King')
[121/1241] import: bone-knights ('Bone Knights')
[122/1241] import: bone-scorpions ('Bone Scorpions')
[123/1241] import: bone-scorpios ('Bone Scorpios')
[124/1241] import: bone-warriors ('Bone Warriors')
[125/1241] import: bonepickers ('Bonepickers')
[126/1241] import: bonezai ('Bonezai')
[127/1241] import: bonnie ('Bonnie')
[128/1241] import: bonzle ('Bonzle')
[129/1241] import: boreal ('Boreal')
[130/1241] import: borg-store-employee ('Borg Store Employee')
[131/1241] import: brad-tudabone ('Brad Tudabone')
[132/1241] import: bragi-schut-character ('Bragi Schut (character)')
[133/1241] import: brayden-nelson-character ('Brayden Nelson (character)')
[134/1241] import: bridge-warriors ('Bridge Warriors')
[135/1241] import: brillies ('Brillies')
[136/1241] import: bron ('Bron')
[137/1241] import: brook ('Brook')
[138/1241] import: brutal-debbie ('Brutal Debbie')
[139/1241] import: buck-buck ('Buck Buck')
[140/1241] import: bucko ('Bucko')
[141/1241] import: buffer ('Buffer')
[142/1241] import: buffmillion ('Buffmillion')
[143/1241] import: bunch ('Bunch')
[144/1241] import: bunchu ('Bunchu')
[145/1241] import: burnt-generals ('Burnt Generals')
[146/1241] import: business-woman ('Business Woman')
[147/1241] import: butchie ('Butchie')
[148/1241] import: bytar ('Bytar')
[149/1241] import: captain-dragons-rising ('Captain (Dragons Rising)')
[150/1241] import: cardinsto ('Cardinsto')
[151/1241] import: caregiver-bot ('Caregiver bot')
[152/1241] import: carradi ('Carradi')
[153/1241] import: castaway ('Castaway')
[154/1241] import: cathy ('Cathy')
[155/1241] import: cats ('Cats')
[156/1241] import: cave-snake ('Cave Snake')
[157/1241] import: cece ('Cece')
[158/1241] import: cecil-putnam ('Cecil Putnam')
[159/1241] import: centipede-monster ('Centipede monster')
[160/1241] import: chad ('Chad')
[161/1241] import: chamille ('Chamille')
[162/1241] import: chan-kong-sang ('Chan Kong-Sang')
[163/1241] import: char ('Char')
[164/1241] import: charlie ('Charlie')
[165/1241] import: checkout-girl ('Checkout Girl')
[166/1241] import: chen ('Chen')
[167/1241] import: chew-toy ('Chew Toy')
[168/1241] import: chickens ('Chickens')
[169/1241] import: children-of-the-wolf ('Children of the Wolf')
[170/1241] import: chip-c-rumble ('Chip C. Rumble')
[171/1241] import: chironograx ('Chironograx')
[172/1241] import: chironograxs-clan ("Chironograx's clan")
[173/1241] import: chokun ('Chokun')
[174/1241] import: chompy ('Chompy')
[175/1241] import: chope ('Chope')
[176/1241] import: chopov ('Chopov')
[177/1241] import: chopper-maroon ('Chopper Maroon')
[178/1241] import: chris ('Chris')
[179/1241] import: christina ('Christina')
[180/1241] import: chrome-domes ('Chrome Domes')
[181/1241] import: chuck ('Chuck')
[182/1241] import: chuck-wus-teas ("Chuck (Wu's Teas)")
  ERROR chuck-wus-teas: No wiki overview page: "Chuck (Wu's Teas)"
[183/1241] import: cinder ('Cinder')
[184/1241] import: circus-clown ('Circus Clown')
[185/1241] import: claire ('Claire')
[186/1241] import: clancee ('Clancee')
[187/1241] import: claw-generals ('Claw Generals')
[188/1241] import: claw-hunters ('Claw Hunters')
[189/1241] import: cliff-gordon ('Cliff Gordon')
[190/1241] import: clouse ('Clouse')
[191/1241] import: clutch-powers ('Clutch Powers')
[192/1241] import: clutch-powers-interns ("Clutch Powers' interns")
[193/1241] import: coast-guard ('Coast Guard')
[194/1241] import: cobra-mechanics ('Cobra Mechanics')
[195/1241] import: coconut-copy ('Coconut copy')
[196/1241] import: cole-the-lego-movie ('Cole (The LEGO Movie)')
[197/1241] import: cole-the-lego-ninjago-movie ('Cole (The LEGO Ninjago Movie)')
[198/1241] import: coles-family ("Cole's family")
[199/1241] import: colin ('Colin')
[200/1241] import: collins ('Collins')
[201/1241] import: colossus ('Colossus')
[202/1241] import: constrictai ('Constrictai')
[203/1241] import: construction-workers ('Construction workers')
[204/1241] import: cook ('Cook')
[205/1241] import: cooper ('Cooper')
[206/1241] import: corrupted-ones ('Corrupted Ones')
[207/1241] import: council-of-sources ('Council of Sources')
[208/1241] import: council-of-the-crystal-king ('Council of the Crystal King')
[209/1241] import: courthouse-civilian ('Courthouse civilian')
[210/1241] import: cowler ('Cowler')
[211/1241] import: cows ('Cows')
[212/1241] import: crab-monster ('Crab monster')
[213/1241] import: crabbed-beast ('Crabbed beast')
[214/1241] import: crabby ('Crabby')
[215/1241] import: crag-nor ('Crag-Nor')
[216/1241] import: cragger ('Cragger')
[217/1241] import: cruel-lord ('Cruel Lord')
[218/1241] import: cruel-lords-guards ("Cruel Lord's guards")
[219/1241] import: crusher ('Crusher')
[220/1241] import: crusty ('Crusty')
[221/1241] import: cryptor ('Cryptor')
[222/1241] import: crystal-army ('Crystal army')
[223/1241] import: crystal-warriors ('Crystal Warriors')
[224/1241] import: crystal-zombies ('Crystal zombies')
[225/1241] import: cyber-dragons ('Cyber Dragons')
[226/1241] import: cyber-giant ('Cyber Giant')
[227/1241] import: cyclops-gary ('Cyclops Gary')
[228/1241] import: cyclopses ('Cyclopses')
[229/1241] import: cyren ('Cyren')
[230/1241] import: cyrus ('Cyrus')
[231/1241] import: cyrus-borg ('Cyrus Borg')
[232/1241] import: daddy-no-legs ('Daddy No Legs')
[233/1241] import: daidan ('Daidan')
[234/1241] import: daidans-child ("Daidan's child")
[235/1241] import: daidarabotchi ('Daidarabotchi')
[236/1241] import: dale ('Dale')
[237/1241] import: dan-inmate ('Dan (inmate)')
[238/1241] import: dan-security-guard ('Dan (security guard)')
[239/1241] import: dan-and-kevin-hageman-characters ('Dan and Kevin Hageman (characters)')
[240/1241] import: dan-daniels ('Dan Daniels')
[241/1241] import: dan-vaapit ('Dan Vaapit')
[242/1241] import: dangerbuff-clan ('Dangerbuff clan')
[243/1241] import: dareth ('Dareth')
[244/1241] import: dark-samurai ('Dark Samurai')
[245/1241] import: darkleys-students ("Darkley's students")
[246/1241] import: death-wasps ('Death Wasps')
[247/1241] import: dee-jay-81 ('Dee-Jay 81')
[248/1241] import: delara ('Delara')
[249/1241] import: delphee ('Delphee')
[250/1241] import: delphees-mother ("Delphee's mother")
[251/1241] import: demolition-ace ('Demolition Ace')
[252/1241] import: denholt ('Denholt')
[253/1241] import: denza ('Denza')
[254/1241] import: destinys-bounty-pirates ("Destiny's Bounty pirates")
[255/1241] import: devonians ('Devonians')
[256/1241] import: dillon ('Dillon')
[257/1241] import: din ('Din')
[258/1241] import: dire-bats ('Dire Bats')
[259/1241] import: djinjagan-dragons ('Djinjagan Dragons')
[260/1241] import: djinns ('Djinns')
[261/1241] import: dogs ('Dogs')
[262/1241] import: dogshank ('Dogshank')
[263/1241] import: dojo-kid ('Dojo Kid')
[264/1241] import: dolphins ('Dolphins')
[265/1241] import: dom-de-la-woosh ('Dom de la Woosh')
[266/1241] import: dorama ('Dorama')
[267/1241] import: doramas-stagehands ("Dorama's stagehands")
[268/1241] import: doubloon ('Doubloon')
[269/1241] import: doves ('Doves')
[270/1241] import: dr-julien ('Dr. Julien')
[271/1241] import: dr-larow ('Dr. LaRow')
[272/1241] import: dragon-critters ('Dragon critters')
[273/1241] import: dragon-hunters ('Dragon Hunters')
[274/1241] import: dragon-keeper ('Dragon keeper')
[275/1241] import: dragon-mechs ('Dragon Mechs')
[276/1241] import: dragonhead ('Dragonhead')
[277/1241] import: dragonian-hunting-party ('Dragonian Hunting Party')
[278/1241] import: dragonian-scouts ('Dragonian Scouts')
[279/1241] import: dragonian-tourist ('Dragonian Tourist')
[280/1241] import: dragonian-trackers ('Dragonian Trackers')
[281/1241] import: dragonian-warriors ('Dragonian Warriors')
[282/1241] import: dragonians ('Dragonians')
[283/1241] import: dragonides ('Dragonides')
[284/1241] import: dragons ('Dragons')
[285/1241] import: dragons-of-fallen-leaves ('Dragons of Fallen Leaves')
[286/1241] import: dragons-of-the-northern-spiral ('Dragons of the Northern Spiral')
[287/1241] import: dream-chasers ('Dream Chasers')
[288/1241] import: dream-guyvers ('Dream-Guyvers')
[289/1241] import: drix ('Drix')
[290/1241] import: ducks ('Ducks')
[291/1241] import: dusk ('Dusk')
[292/1241] import: dwayne ('Dwayne')
[293/1241] import: earth-dragons-core ('Earth Dragons (Core)')
[294/1241] import: earth-dragons-first-land ('Earth Dragons (First Land)')
[295/1241] import: earth-monsters ('Earth Monsters')
[296/1241] import: echo-zane ('Echo Zane')
[297/1241] import: ed ('Ed')
[298/1241] import: ed-the-lego-ninjago-movie ('Ed (The LEGO Ninjago Movie)')
[299/1241] import: edna ('Edna')
[300/1241] import: edna-the-lego-ninjago-movie ('Edna (The LEGO Ninjago Movie)')
[301/1241] import: eels ('Eels')
[302/1241] import: egalt ('Egalt')
[303/1241] import: egon-the-extraordinary ('Egon the Extraordinary')
[304/1241] import: eileen ('Eileen')
[305/1241] import: electro-cobrai ('Electro-Cobrai')
[306/1241] import: elemental-alliance ('Elemental Alliance')
[307/1241] import: elemental-cobras ('Elemental Cobras')
[308/1241] import: elemental-fighters ('Elemental Fighters')
[309/1241] import: elemental-master-of-kismet ('Elemental Master of Kismet')
[310/1241] import: elemental-master-of-portals ('Elemental Master of Portals')
[311/1241] import: elemental-master-of-shockwave ('Elemental Master of Shockwave')
[312/1241] import: elemental-masters ('Elemental Masters')
[313/1241] import: elemental-monsters ('Elemental Monsters')
[314/1241] import: eliminators ('Eliminators')
[315/1241] import: ellie ('Ellie')
[316/1241] import: elway ('Elway')
[317/1241] import: emcee ('Emcee')
[318/1241] import: emperor-of-ninjago ('Emperor of Ninjago')
[319/1241] import: empire-dragon ('Empire Dragon')
[320/1241] import: empress-of-ninjago ('Empress of Ninjago')
[321/1241] import: engelbert ('Engelbert')
[322/1241] import: etha ('Etha')
[323/1241] import: euphrasia ('Euphrasia')
[324/1241] import: evil-ninja ('Evil ninja')
[325/1241] import: eyezor ('Eyezor')
[326/1241] import: faith ('Faith')
[327/1241] import: falcons-mate ("Falcon's mate")
[328/1241] import: fang-mouths ('Fang Mouths')
[329/1241] import: fang-suei ('Fang-Suei')
[330/1241] import: fangdam ('Fangdam')
[331/1241] import: fangfish ('Fangfish')
[332/1241] import: fangpyre ('Fangpyre')
[333/1241] import: fangtom ('Fangtom')
[334/1241] import: farbissina ('Farbissina')
[335/1241] import: fast-chickens ('Fast Chickens')
[336/1241] import: fear-factor ('Fear Factor')
[337/1241] import: fedulian ('Fedulian')
[338/1241] import: feisty ('Feisty')
[339/1241] import: fenwick ('Fenwick')
[340/1241] import: finders ('Finders')
[341/1241] import: fire-dragon-core ('Fire Dragon (Core)')
[342/1241] import: fire-dragon-dragons-rising ('Fire Dragon (Dragons Rising)')
[343/1241] import: fire-dragon-tribe ('Fire Dragon Tribe')
[344/1241] import: fire-dragons-first-land ('Fire Dragons (First Land)')
[345/1241] import: fire-eater ('Fire eater')
[346/1241] import: fire-fang ('Fire Fang')
[347/1241] import: fire-fiends ('Fire Fiends')
[348/1241] import: fire-master ('Fire Master')
[349/1241] import: fire-monsters ('Fire Monsters')
[350/1241] import: fire-spiders ('Fire spiders')
[351/1241] import: first-master-of-ice ('First Master of Ice')
[352/1241] import: first-mate ('First Mate')
[353/1241] import: first-spinjitzu-master ('First Spinjitzu Master')
[354/1241] import: first-spinjitzu-masters-guardians ("First Spinjitzu Master's guardians")
[355/1241] import: firstbourne ('Firstbourne')
[356/1241] import: fish ('Fish')
[357/1241] import: fisherman ('Fisherman')
[358/1241] import: flame ('Flame')
[359/1241] import: flameheart ('Flameheart')
[360/1241] import: fleetwood-mech ('Fleetwood Mech')
[361/1241] import: flerry-mcfloyster ('Flerry McFloyster')
[362/1241] import: flintlocke ('Flintlocke')
[363/1241] import: fluffy ('Fluffy')
[364/1241] import: forbidden-five ('Forbidden Five')
[365/1241] import: forest-dragons ('Forest Dragons')
[366/1241] import: formling-leader ('Formling Leader')
[367/1241] import: formlings ('Formlings')
[368/1241] import: four-eyes ('Four Eyes')
[369/1241] import: frak ('Frak')
[370/1241] import: fraks-mother ("Frak's mother")
[371/1241] import: frakjaw ('Frakjaw')
[372/1241] import: francis ('Francis')
[373/1241] import: fred-finely ('Fred Finely')
[374/1241] import: freya ('Freya')
[375/1241] import: fritz ('Fritz')
[376/1241] import: frost-bite ('Frost-bite')
[377/1241] import: fuchsia-ninja ('Fuchsia Ninja')
[378/1241] import: fuchsia-ninja-the-lego-ninjago-movie ('Fuchsia Ninja (The LEGO Ninjago Movie)')
[379/1241] import: fugi-dove ('Fugi-Dove')
[380/1241] import: fugi-doves-brother ("Fugi-Dove's brother")
[381/1241] import: fungus ('Fungus')
[382/1241] import: fuzz ('Fuzz')
[383/1241] import: gahrann ('Gahrann')
[384/1241] import: gamer-geek ('Gamer Geek')
[385/1241] import: gandalaria ('Gandalaria')
[386/1241] import: garmadon-the-lego-ninjago-movie ('Garmadon (The LEGO Ninjago Movie)')
[387/1241] import: garpo ('Garpo')
[388/1241] import: gayle-gossip ('Gayle Gossip')
[389/1241] import: geckle-paperworkers ('Geckle paperworkers')
[390/1241] import: geckles ('Geckles')
[391/1241] import: gene ('Gene')
[392/1241] import: genn ('Genn')
[393/1241] import: geo ('Geo')
[394/1241] import: geotomic-rock-monsters ('Geotomic Rock Monsters')
[395/1241] import: gertrude ('Gertrude')
[396/1241] import: ghost-dragons ('Ghost Dragons')
[397/1241] import: ghost-warriors ('Ghost Warriors')
[398/1241] import: ghosts ('Ghosts')
[399/1241] import: ghouls ('Ghouls')
[400/1241] import: ghoultar ('Ghoultar')
[401/1241] import: ghurka ('Ghurka')
[402/1241] import: giant-piranhas ('Giant piranhas')
[403/1241] import: giant-scorpion ('Giant scorpion')
[404/1241] import: giant-spiders ('Giant spiders')
[405/1241] import: giant-stone-warrior ('Giant Stone Warrior')
[406/1241] import: gimon-ogu ('Gimon-Ogu')
[407/1241] import: gingerbread-man ('Gingerbread Man')
  ERROR gingerbread-man: No wiki overview page: 'Gingerbread Man'
[408/1241] import: ginkle ('Ginkle')
[409/1241] import: gleck ('Gleck')
[410/1241] import: gliff ('Gliff')
[411/1241] import: glutinous ('Glutinous')
[412/1241] import: gnippo ('Gnippo')
[413/1241] import: goats ('Goats')
[414/1241] import: golden-ninja-reimagined ('Golden Ninja (Reimagined)')
[415/1241] import: golden-vipers ('Golden Vipers')
[416/1241] import: gong-guitar-rocker ('Gong & Guitar Rocker')
[417/1241] import: gorge ('Gorge')
[418/1241] import: gorzan ('Gorzan')
[419/1241] import: gpl-tech ('GPL Tech')
[420/1241] import: grab-barg ('Grab-Barg')
[421/1241] import: grand-inquisitor ('Grand Inquisitor')
[422/1241] import: gravis ('Gravis')
[423/1241] import: great-devourer ('Great Devourer')
[424/1241] import: great-white ('Great White')
[425/1241] import: green-forest-dragon ('Green Forest Dragon')
[426/1241] import: green-ninja ('Green Ninja')
[427/1241] import: green-screen-gary ('Green Screen Gary')
[428/1241] import: greenbone-leader ('Greenbone Leader')
[429/1241] import: grief-bringer ('Grief-Bringer')
[430/1241] import: griffin-turner ('Griffin Turner')
[431/1241] import: grimfax ('Grimfax')
[432/1241] import: grimfaxs-advisor ("Grimfax's advisor")
[433/1241] import: grimkeepers ('Grimkeepers')
[434/1241] import: grimtak ('Grimtak')
[435/1241] import: grimwolves ('Grimwolves')
[436/1241] import: gripe ('Gripe')
[437/1241] import: groko ('Groko')
[438/1241] import: grouce ('Grouce')
[439/1241] import: guide-parrot ('Guide Parrot')
[440/1241] import: gulch ('Gulch')
[441/1241] import: gus ('Gus')
[442/1241] import: gus-mechanic ('Gus (mechanic)')
[443/1241] import: guy ('Guy')
[444/1241] import: gweeg ('Gweeg')
[445/1241] import: hackler ('Hackler')
[446/1241] import: hageman ('Hageman')
[447/1241] import: hai ('Hai')
[448/1241] import: hailmar ('Hailmar')
[449/1241] import: ham ('Ham')
[450/1241] import: hammer-head ('Hammer Head')
[451/1241] import: hana ('Hana')
[452/1241] import: hantro ('Hantro')
[453/1241] import: harumi ('Harumi')
[454/1241] import: harumis-parents ("Harumi's parents")
[455/1241] import: hayley-wolfe-character ('Hayley Wolfe (character)')
[456/1241] import: hazza-dur ("Hazza D'ur")
[457/1241] import: heatwave ('Heatwave')
[458/1241] import: henchmen ('Henchmen')
[459/1241] import: henjamin ('Henjamin')
[460/1241] import: henry ('Henry')
[461/1241] import: henry-yak ('Henry (yak)')
[462/1241] import: hermes ('Hermes')
[463/1241] import: hibernus ('Hibernus')
[464/1241] import: hibiki ('Hibiki')
[465/1241] import: hiroshi ('Hiroshi')
[466/1241] import: hiz-shadoh ('Hiz Shadoh')
[467/1241] import: horned-cat-tribe ('Horned Cat Tribe')
[468/1241] import: hostess ('Hostess')
[469/1241] import: hounddog-mcbrag ('Hounddog McBrag')
[470/1241] import: howla ('Howla')
[471/1241] import: humans ('Humans')
[472/1241] import: hunter-no-29 ('Hunter No. 29')
[473/1241] import: hutchins ('Hutchins')
[474/1241] import: hyper-sonic ('Hyper-Sonic')
[475/1241] import: hypno-vipers ('Hypno Vipers')
[476/1241] import: hypnobrai ('Hypnobrai')
[477/1241] import: ice-behemoth ('Ice Behemoth')
[478/1241] import: ice-birds ('Ice Birds')
[479/1241] import: ice-dragons-core ('Ice Dragons (Core)')
[480/1241] import: ice-dragons-first-land ('Ice Dragons (First Land)')
[481/1241] import: ice-emperor-npc ('Ice Emperor (NPC)')
[482/1241] import: ice-emperor-spinjitzu-virtues ('Ice Emperor (Spinjitzu Virtues)')
[483/1241] import: ice-fishers ('Ice Fishers')
[484/1241] import: ice-monsters ('Ice Monsters')
[485/1241] import: ignacian-villagers ('Ignacian Villagers')
[486/1241] import: imperial-sludge ('Imperial Sludge')
[487/1241] import: imperians ('Imperians')
[488/1241] import: imperium-guard-commanders ('Imperium Guard Commanders')
[489/1241] import: imperium-guards ('Imperium Guards')
[490/1241] import: imperium-teen-resistance-force ('Imperium Teen Resistance Force')
[491/1241] import: indi ('Indi')
[492/1241] import: insect-master ('Insect Master')
[493/1241] import: intelligent-george ('Intelligent George')
[494/1241] import: iriel ('Iriel')
[495/1241] import: iron-baron ('Iron Baron')
[496/1241] import: it-bat-nerd ('IT Bat Nerd')
[497/1241] import: ivy-walker ('Ivy Walker')
[498/1241] import: izzie ('Izzie')
[499/1241] import: jack-the-rabbit-character ('Jack the Rabbit (character)')
[500/1241] import: jacob-pevsner ('Jacob Pevsner')
[501/1241] import: jake ('Jake')
[502/1241] import: jake-the-lego-ninjago-movie ('Jake (The LEGO Ninjago Movie)')
[503/1241] import: jakes-parents ("Jake's parents")
[504/1241] import: jamanakai-villagers ('Jamanakai Villagers')
[505/1241] import: jan ('Jan')
[506/1241] import: janet ('Janet')
[507/1241] import: jay-the-lego-movie ('Jay (The LEGO Movie)')
[508/1241] import: jay-the-lego-ninjago-movie ('Jay (The LEGO Ninjago Movie)')
[509/1241] import: jay-vincent-character ('Jay Vincent (character)')
[510/1241] import: jays-family ("Jay's family")
[511/1241] import: jaybird-64 ('Jaybird 64')
[512/1241] import: jaywalkin-238 ('Jaywalkin 238')
[513/1241] import: jean-paul-van-bamm ('Jean-Paul van Bamm')
[514/1241] import: jedd ('Jedd')
[515/1241] import: jeffy ('Jeffy')
[516/1241] import: jelena ('Jelena')
[517/1241] import: jelly ('Jelly')
[518/1241] import: jellyfish ('Jellyfish')
[519/1241] import: jenny ('Jenny')
[520/1241] import: jeremiah-bobblestein ('Jeremiah Bobblestein')
[521/1241] import: jesper ('Jesper')
[522/1241] import: jet-jack ('Jet Jack')
[523/1241] import: jimmy ('Jimmy')
[524/1241] import: jin ('Jin')
[525/1241] import: jiro ('Jiro')
[526/1241] import: joey ('Joey')
[527/1241] import: johnny ('Johnny')
[528/1241] import: johnny-courageous ('Johnny Courageous')
[529/1241] import: jolly ('Jolly')
[530/1241] import: jordana ('Jordana')
[531/1241] import: joshua-deck-character ('Joshua Deck (character)')
[532/1241] import: juggernaut ('Juggernaut')
[533/1241] import: julien-family ('Julien family')
[534/1241] import: jungle-dragons ('Jungle Dragons')
[535/1241] import: jungle-insects ('Jungle insects')
[536/1241] import: juno ('Juno')
[537/1241] import: kreel ('K.R.E.E.L.')
[538/1241] import: kabuki ('Kabuki')
[539/1241] import: kai-the-lego-movie ('Kai (The LEGO Movie)')
[540/1241] import: kai-the-lego-ninjago-movie ('Kai (The LEGO Ninjago Movie)')
[541/1241] import: kai-and-nyas-family ("Kai and Nya's family")
[542/1241] import: kaito ('Kaito')
[543/1241] import: kalmaar ('Kalmaar')
[544/1241] import: kapau ('Kapau')
[545/1241] import: karenn ('Karenn')
[546/1241] import: karit ('Karit')
[547/1241] import: karlof ('Karlof')
[548/1241] import: kataru ('Kataru')
[549/1241] import: kate-garraway-character ('Kate Garraway (character)')
[550/1241] import: kebaber ('Kebaber')
[551/1241] import: keepers ('Keepers')
[552/1241] import: kenji ('Kenji')
[553/1241] import: kenzo ('Kenzo')
[554/1241] import: khanjikhan ('Khanjikhan')
[555/1241] import: killow ('Killow')
[556/1241] import: kirchonn ('Kirchonn')
[557/1241] import: kizzy ('Kizzy')
[558/1241] import: klirba ('Klirba')
[559/1241] import: knuckles ('Knuckles')
[560/1241] import: koji ('Koji')
[561/1241] import: koko ('Koko')
[562/1241] import: komala ('Komala')
[563/1241] import: konrad ('Konrad')
[564/1241] import: korgran ('Korgran')
[565/1241] import: korgrans-father ("Korgran's father")
[566/1241] import: kozu ('Kozu')
[567/1241] import: krag ('Krag')
[568/1241] import: krait ('Krait')
[569/1241] import: krazi ('Krazi')
[570/1241] import: kreel-2 ('Kreel')
[571/1241] import: kruncha ('Kruncha')
[572/1241] import: krux ('Krux')
[573/1241] import: kryptarium-inmates ('Kryptarium inmates')
[574/1241] import: kuma ('Kuma')
[575/1241] import: kung-fu-cook ('Kung Fu Cook')
[576/1241] import: kur ('Kur')
[577/1241] import: kwon ('Kwon')
[578/1241] import: lan ('Lan')
[579/1241] import: lar ('Lar')
[580/1241] import: large-dragons ('Large dragons')
[581/1241] import: larry ('Larry')
[582/1241] import: lasha ('Lasha')
[583/1241] import: lauren ('Lauren')
[584/1241] import: laurens-groom ("Lauren's groom")
[585/1241] import: lava-dragons ('Lava Dragons')
[586/1241] import: lava-monsters ('Lava Monsters')
[587/1241] import: lava-tide-leader ('Lava-Tide Leader')
[588/1241] import: lava-tides ('Lava-Tides')
[589/1241] import: lava-todd-the-wise ('Lava-Todd the Wise')
[590/1241] import: lava-tony ('Lava-Tony')
[591/1241] import: lava-tonys-sous-chefs ("Lava-Tony's sous-chefs")
[592/1241] import: laval ('Laval')
[593/1241] import: laval-the-lego-ninjago-movie ('Laval (The LEGO Ninjago Movie)')
[594/1241] import: lead-loyalist ('Lead Loyalist')
[595/1241] import: leaf-blade ('Leaf Blade')
[596/1241] import: league-of-jay ('League of Jay')
[597/1241] import: lee ('Lee')
[598/1241] import: lee-lees-supplies ("Lee (Lee's Supplies)")
[599/1241] import: legendary-dragon ('Legendary Dragon')
[600/1241] import: leo ('Leo')
[601/1241] import: leroy ('Leroy')
[602/1241] import: levi ('Levi')
[603/1241] import: leviathans ('Leviathans')
[604/1241] import: levo ('Levo')
[605/1241] import: libber ('Libber')
[606/1241] import: life-dragons ('Life Dragons')
[607/1241] import: light-dragons ('Light Dragons')
[608/1241] import: lightning-dragon-mother ('Lightning Dragon Mother')
[609/1241] import: lightning-dragons-first-land ('Lightning Dragons (First Land)')
[610/1241] import: lightning-tide-defense ('Lightning-Tide Defense')
[611/1241] import: lightning-tide-prosecutor ('Lightning-Tide Prosecutor')
[612/1241] import: lightning-tides ('Lightning-Tides')
[613/1241] import: lilly ('Lilly')
[614/1241] import: list-of-characters ('List of characters')
[615/1241] import: list-of-ninjago-cast-and-characters ('List of Ninjago cast and characters')
[616/1241] import: list-of-ninjago-dragons-rising-cast-and-characters ('List of Ninjago: Dragons Rising cast and characters')
[617/1241] import: list-of-unseen-characters ('List of unseen characters')
[618/1241] import: living-diamonds ('Living Diamonds')
[619/1241] import: lizaru ('Lizaru')
[620/1241] import: lloyd-the-lego-movie ('Lloyd (The LEGO Movie)')
[621/1241] import: lloyd-the-lego-ninjago-movie ('Lloyd (The LEGO Ninjago Movie)')
[622/1241] import: lloyds-family ("Lloyd's family")
[623/1241] import: lobbo ('Lobbo')
[624/1241] import: logan ('Logan')
[625/1241] import: lokko ('Lokko')
[626/1241] import: lou ('Lou')
[627/1241] import: loyalists ('Loyalists')
[628/1241] import: lu ('Lu')
[629/1241] import: luke-cunningham ('Luke Cunningham')
[630/1241] import: lumberjacks ('Lumberjacks')
[631/1241] import: m4u-r1c3 ('M4U-R1C3')
[632/1241] import: maaray-guards ('Maaray Guards')
[633/1241] import: maaray-soldiers ('Maaray Soldiers')
[634/1241] import: machia ('Machia')
[635/1241] import: maggie ('Maggie')
[636/1241] import: magic-tides ('Magic-Tides')
[637/1241] import: magician ('Magician')
[638/1241] import: main-guard ('Main Guard')
[639/1241] import: mambo-v ('Mambo V')
[640/1241] import: mambos-advisor ("Mambo's advisor")
[641/1241] import: mammatus ('Mammatus')
[642/1241] import: mammatus-ancestor ("Mammatus' ancestor")
[643/1241] import: manram ('Manram')
[644/1241] import: manta-rays ('Manta rays')
[645/1241] import: marcus ('Marcus')
[646/1241] import: mariano ('Mariano')
[647/1241] import: marla ('Marla')
[648/1241] import: martin ('Martin')
[649/1241] import: mary-louises-captain ("Mary Louise's captain")
[650/1241] import: mascots ('Mascots')
[651/1241] import: mask-of-malice ('Mask of Malice')
[652/1241] import: master-of-gluing ('Master of Gluing')
[653/1241] import: mateo ('Mateo')
[654/1241] import: matriarch-of-fallen-leaves ('Matriarch of Fallen Leaves')
[655/1241] import: matriarch-of-the-mountain-dragons ('Matriarch of the Mountain Dragons')
[656/1241] import: max ('Max')
[657/1241] import: may-robsen ('May Robsen')
[658/1241] import: maya ('Maya')
[659/1241] import: mayors-advisor ("Mayor's Advisor")
[660/1241] import: mazu ('Mazu')
[661/1241] import: medical-bots ('Medical Bots')
[662/1241] import: megan ('Megan')
[663/1241] import: mei ('Mei')
[664/1241] import: melvin ('Melvin')
[665/1241] import: menkes ('Menkes')
[666/1241] import: meowthra ('Meowthra')
[667/1241] import: merlopians ('Merlopians')
[668/1241] import: messenger-dragons ('Messenger Dragons')
[669/1241] import: metal-rascal ('Metal Rascal')
[670/1241] import: metalonians ('Metalonians')
[671/1241] import: mezmo ('Mezmo')
[672/1241] import: mezmo-junior ('Mezmo Junior')
[673/1241] import: michael-kramer-character ('Michael Kramer (character)')
[674/1241] import: michael-strahan-character ('Michael Strahan (character)')
[675/1241] import: mike-boom ('Mike Boom')
[676/1241] import: mikloshe ('Mikloshe')
[677/1241] import: milton-dyer ('Milton Dyer')
[678/1241] import: min ('Min')
[679/1241] import: min-droid ('Min-Droid')
[680/1241] import: mina ('Mina')
[681/1241] import: mindaro ('Mindaro')
[682/1241] import: ming ('Ming')
[683/1241] import: minipix ('MiniPix')
[684/1241] import: minipix-seven ('MiniPix Seven')
[685/1241] import: minos ('Minos')
[686/1241] import: misako ('Misako')
[687/1241] import: miss-demeanor ('Miss Demeanor')
[688/1241] import: mister-f ('Mister F')
[689/1241] import: mister-whiskers ('Mister Whiskers')
[690/1241] import: model-shop-owner ('Model Shop Owner')
[691/1241] import: moe ('Moe')
[692/1241] import: mogra ('Mogra')
[693/1241] import: mohawk ('Mohawk')
[694/1241] import: monkey-wretch ('Monkey Wretch')
[695/1241] import: monks ('Monks')
[696/1241] import: monster-insects ('Monster insects')
[697/1241] import: monster-lion ('Monster lion')
[698/1241] import: monster-pig ('Monster pig')
[699/1241] import: monster-skull ('Monster Skull')
[700/1241] import: monster-sushi ('Monster sushi')
[701/1241] import: monsters ('Monsters')
[702/1241] import: moody ('Moody')
[703/1241] import: mord ('Mord')
[704/1241] import: morro ('Morro')
[705/1241] import: motorcycle-mechanic ('Motorcycle Mechanic')
[706/1241] import: mountain-dragons ('Mountain Dragons')
[707/1241] import: mr-abel ('Mr. Abel')
[708/1241] import: mr-e ('Mr. E')
[709/1241] import: mr-fussly-fussly ('Mr. Fussly Fussly')
[710/1241] import: mr-pale ('Mr. Pale')
[711/1241] import: mr-righty-tighty ('Mr. Righty Tighty')
[712/1241] import: mr-wise ('Mr. Wise')
[713/1241] import: mrs-abel ('Mrs. Abel')
[714/1241] import: mrs-castillo ('Mrs. Castillo')
[715/1241] import: mrs-dyer ('Mrs. Dyer')
[716/1241] import: mrs-park ('Mrs. Park')
[717/1241] import: mrs-r ('Mrs. R')
[718/1241] import: mrs-uchida ('Mrs. Uchida')
[719/1241] import: ms-laudita ('Ms. Laudita')
[720/1241] import: mucoids ('Mucoids')
[721/1241] import: mud-monsters ('Mud monsters')
[722/1241] import: mud-newts ('Mud newts')
[723/1241] import: mud-chief ('Mud-Chief')
[724/1241] import: mud-tide-warrior ('Mud-Tide Warrior')
[725/1241] import: mud-tides ('Mud-Tides')
[726/1241] import: munce-sentries ('Munce Sentries')
[727/1241] import: munce-warriors ('Munce Warriors')
[728/1241] import: murt ('Murt')
[729/1241] import: murtessa ('Murtessa')
[730/1241] import: museum-curator ('Museum Curator')
[731/1241] import: mutation-monsters ('Mutation Monsters')
[732/1241] import: muzzle ('Muzzle')
[733/1241] import: mystake ('Mystake')
[734/1241] import: mystery-dust ('Mystery Dust')
[735/1241] import: n-pop-girl ('N-POP Girl')
[736/1241] import: nadakhan ('Nadakhan')
[737/1241] import: nails ('Nails')
[738/1241] import: nancy ('Nancy')
[739/1241] import: neido ('Neido')
[740/1241] import: nelson ('Nelson')
[741/1241] import: neuro ('Neuro')
[742/1241] import: new-ninja ('New Ninja')
[743/1241] import: newbie-gamer ('Newbie Gamer')
[744/1241] import: news-reporter ('News Reporter')
[745/1241] import: niall ('Niall')
[746/1241] import: night-hunter ('Night Hunter')
[747/1241] import: night-terrors ('Night Terrors')
[748/1241] import: night-watchman ('Night Watchman')
[749/1241] import: nightmare-creatures ('Nightmare creatures')
[750/1241] import: nightmare-king ('Nightmare King')
[751/1241] import: nightstryk ('Nightstryk')
[752/1241] import: nimbus ('Nimbus')
[753/1241] import: nindroid-army ('Nindroid Army')
[754/1241] import: nindroid-drones ('Nindroid Drones')
[755/1241] import: nindroid-sentries ('Nindroid Sentries')
[756/1241] import: nindroid-warriors ('Nindroid Warriors')
[757/1241] import: nindroids ('Nindroids')
[758/1241] import: nineko ('Nineko')
[759/1241] import: ninja ('Ninja')
[760/1241] import: ninja-replacements ('Ninja Replacements')
[761/1241] import: ninjafaninfinity ('NinjaFanInfinity')
[762/1241] import: ninjago-setsminifigures ('Ninjago (sets)/Minifigures')
[763/1241] import: ninjago-city-council ('Ninjago City Council')
[764/1241] import: ninjago-citys-former-mayor ("Ninjago City's former mayor")
[765/1241] import: ninjago-citys-mayor-the-lego-ninjago-movie ("Ninjago City's mayor (The LEGO Ninjago Movie)")
[766/1241] import: ninjago-police ('Ninjago Police')
[767/1241] import: ninjago-soldiers ('Ninjago soldiers')
[768/1241] import: ninjago-wildlife ('Ninjago Wildlife')
[769/1241] import: nitro ('Nitro')
[770/1241] import: nived-family ('Nived family')
[771/1241] import: no-eyed-pete ('No-Eyed Pete')
[772/1241] import: noble ('Noble')
[773/1241] import: nobu ('Nobu')
[774/1241] import: nobu-spinjitzu-smash ('Nobu (Spinjitzu Smash!)')
[775/1241] import: nokt ('Nokt')
[776/1241] import: nomis ('Nomis')
[777/1241] import: noonan ('Noonan')
[778/1241] import: npcs ('NPCs')
[779/1241] import: nuckal ('Nuckal')
[780/1241] import: nya-the-lego-ninjago-movie ('Nya (The LEGO Ninjago Movie)')
[781/1241] import: nyad ('Nyad')
[782/1241] import: odoyle ("O'Doyle")
[783/1241] import: obachan ('Obachan')
[784/1241] import: obscuria ('Obscuria')
[785/1241] import: ocean-gang ('Ocean gang')
[786/1241] import: ocean-gang-leader ('Ocean gang leader')
[787/1241] import: octopus ('Octopus')
[788/1241] import: octopuses ('Octopuses')
[789/1241] import: okino ('Okino')
[790/1241] import: old-guard ('Old Guard')
[791/1241] import: old-lady-dragonians ('Old Lady Dragonians')
[792/1241] import: old-man-jiro ('Old Man Jiro')
[793/1241] import: olivia ('Olivia')
[794/1241] import: omar ('Omar')
[795/1241] import: oni ('Oni')
[796/1241] import: orange-ninja ('Orange Ninja')
[797/1241] import: order-of-felis ('Order of Felis')
[798/1241] import: order-of-the-sources ('Order of the Sources')
[799/1241] import: original-master-of-amber ('Original Master of Amber')
[800/1241] import: oroku ('Oroku')
[801/1241] import: otto-pilot ('Otto Pilot')
[802/1241] import: pixal ('P.I.X.A.L.')
[803/1241] import: pace-dragons ('Pace Dragons')
[804/1241] import: panda-suit-guy ('Panda Suit Guy')
[805/1241] import: paperboys ('Paperboys')
[806/1241] import: partygoer ('Partygoer')
[807/1241] import: pat ('Pat')
[808/1241] import: patriarch-of-the-northern-spiral ('Patriarch of the Northern Spiral')
[809/1241] import: patty-keys ('Patty Keys')
[810/1241] import: pebbles ('Pebbles')
[811/1241] import: penny-saunders ('Penny Saunders')
[812/1241] import: percy-shippelton ('Percy Shippelton')
[813/1241] import: peri ('Peri')
[814/1241] import: pet-dragon ('Pet dragon')
[815/1241] import: phantom-ninja ('Phantom Ninja')
[816/1241] import: phil ('Phil')
[817/1241] import: pilates-studio-owner ('Pilates Studio Owner')
[818/1241] import: pilly-wig ('Pilly-Wig')
[819/1241] import: pink-ninja ('Pink Ninja')
[820/1241] import: pitch ('Pitch')
[821/1241] import: plovar ('Plovar')
[822/1241] import: plundar ('Plundar')
[823/1241] import: pokee ('Pokee')
[824/1241] import: police-commissioner ('Police Commissioner')
[825/1241] import: police-officer ('Police Officer')
[826/1241] import: pontifex-magicus ('Pontifex Magicus')
[827/1241] import: postman ('Postman')
[828/1241] import: poulerik ('PoulErik')
[829/1241] import: powerlid ('Powerlid')
[830/1241] import: prentis ('Prentis')
[831/1241] import: prison-guards ('Prison guards')
[832/1241] import: private-puffer ('Private Puffer')
[833/1241] import: puffer ('Puffer')
[834/1241] import: puppets ('Puppets')
[835/1241] import: purple-bog-frogs ('Purple bog frogs')
[836/1241] import: pyro-destroyers ('Pyro Destroyers')
[837/1241] import: pyro-slayers ('Pyro Slayers')
[838/1241] import: pyro-vipers ('Pyro Vipers')
[839/1241] import: pyro-whippers ('Pyro Whippers')
[840/1241] import: pyrrhus ('Pyrrhus')
[841/1241] import: python-dynamite ('Python Dynamite')
[842/1241] import: quanish-the-elder ('Quanish the Elder')
[843/1241] import: quartet-of-villains ('Quartet of Villains')
[844/1241] import: quealiches ('Quealiches')
[845/1241] import: queen-of-monsters ('Queen of Monsters')
[846/1241] import: queen-of-the-monster-insects ('Queen of the monster insects')
[847/1241] import: rabbits ('Rabbits')
[848/1241] import: rachel-sparrow ('Rachel Sparrow')
[849/1241] import: radio-dj ('Radio DJ')
[850/1241] import: raggmunk ('Raggmunk')
[851/1241] import: ramirez ('Ramirez')
[852/1241] import: rapton ('Rapton')
[853/1241] import: ras ('Ras')
[854/1241] import: ras-master ("Ras' master")
[855/1241] import: rats ('Rats')
[856/1241] import: rattla ('Rattla')
[857/1241] import: ravtures ('Ravtures')
[858/1241] import: ray ('Ray')
[859/1241] import: ray-the-lego-ninjago-movie ('Ray (The LEGO Ninjago Movie)')
[860/1241] import: re-awakened ('Re-Awakened')
[861/1241] import: recon-nindroid ('Recon Nindroid')
[862/1241] import: red ('Red')
[863/1241] import: red-27 ('Red 27')
[864/1241] import: red-29 ('Red 29')
[865/1241] import: red-crows ('Red Crows')
[866/1241] import: red-vipers ('Red Vipers')
[867/1241] import: red-visors ('Red Visors')
[868/1241] import: reflectra ('Reflectra')
[869/1241] import: reginald-slitherbottom ('Reginald Slitherbottom')
[870/1241] import: renzo ('Renzo')
[871/1241] import: repo-man ('Repo Man')
[872/1241] import: restaurant-owner ('Restaurant Owner')
[873/1241] import: restaurant-worker ('Restaurant Worker')
[874/1241] import: retirement-general ('Retirement General')
[875/1241] import: rice-farmers ('Rice farmers')
[876/1241] import: richie ('Richie')
[877/1241] import: ripper-sharks ('Ripper Sharks')
[878/1241] import: ritchie ('Ritchie')
[879/1241] import: rivett ('Rivett')
[880/1241] import: riyu ('Riyu')
[881/1241] import: roake-fengxian ('Roake Fengxian')
[882/1241] import: robin-roberts-character ('Robin Roberts (character)')
[883/1241] import: robo-usher-3000 ('Robo Usher 3000')
[884/1241] import: robot-manager ('Robot Manager')
[885/1241] import: roby ('Roby')
[886/1241] import: rocky ('Rocky')
[887/1241] import: roderick-allen ('Roderick Allen')
[888/1241] import: rodrigo ('Rodrigo')
[889/1241] import: rogon ('Rogon')
[890/1241] import: roise ('Roise')
[891/1241] import: ronin ('Ronin')
[892/1241] import: rontu ('Rontu')
[893/1241] import: ross ('Ross')
[894/1241] import: rotten-rabbits ('Rotten Rabbits')
[895/1241] import: rowan-rockspine ('Rowan Rockspine')
  ERROR rowan-rockspine: No wiki overview page: 'Rowan Rockspine'
[896/1241] import: rox ('Rox')
[897/1241] import: royal-family-of-imperium ('Royal Family of Imperium')
[898/1241] import: royal-family-of-merlopia ('Royal Family of Merlopia')
[899/1241] import: royal-family-of-ninjago ('Royal Family of Ninjago')
[900/1241] import: royal-family-of-shintaro ('Royal Family of Shintaro')
[901/1241] import: royal-guards ('Royal Guards')
[902/1241] import: royal-house-of-djinjago ('Royal house of Djinjago')
[903/1241] import: rufus-mccallister ('Rufus McCallister')
[904/1241] import: rumble-keepers ('Rumble Keepers')
[905/1241] import: runde ('Runde')
[906/1241] import: runje ('Runje')
[907/1241] import: runme ('Runme')
[908/1241] import: rusty ('Rusty')
[909/1241] import: saeko ('Saeko')
[910/1241] import: sage ('Sage')
[911/1241] import: sage-master ('Sage Master')
[912/1241] import: sally ('Sally')
[913/1241] import: sally-student ('Sally (student)')
[914/1241] import: sallys-parents ("Sally's parents")
[915/1241] import: sally-bob ('Sally-Bob')
[916/1241] import: sam ('Sam')
[917/1241] import: sammy ('Sammy')
[918/1241] import: samukai ('Samukai')
[919/1241] import: samurai-warrior ('Samurai warrior')
[920/1241] import: sand-eels ('Sand eels')
[921/1241] import: sand-warriors ('Sand warriors')
[922/1241] import: santa-claus ('Santa Claus')
[923/1241] import: satsue ('Satsue')
[924/1241] import: sawyer ('Sawyer')
[925/1241] import: scar-the-skullbreaker ('Scar the Skullbreaker')
[926/1241] import: scoop ('Scoop')
[927/1241] import: scooter ('Scooter')
[928/1241] import: scott ('Scott')
[929/1241] import: scott-decoteau-character ('Scott Decoteau (character)')
[930/1241] import: scroll-worms ('Scroll-Worms')
[931/1241] import: sea-lions ('Sea lions')
[932/1241] import: seafoam-green ('Seafoam Green')
[933/1241] import: seagulls ('Seagulls')
[934/1241] import: security-bots-kreels-junkyard ("Security Bots (Kreel's Junkyard)")
[935/1241] import: security-bots-temple-city ('Security Bots (Temple City)')
[936/1241] import: security-guards-borg-industries ('Security guards (Borg Industries)')
[937/1241] import: security-guards-explorers-club ("Security guards (Explorer's Club)")
[938/1241] import: security-guards-ninjago-city ('Security guards (Ninjago City)')
[939/1241] import: seliel ('Seliel')
[940/1241] import: seliels-father ("Seliel's father")
[941/1241] import: selma ('Selma')
[942/1241] import: sentry-general ('Sentry General')
[943/1241] import: serpentine ('Serpentine')
[944/1241] import: serpentine-generals ('Serpentine generals')
[945/1241] import: seven-deadly-butterflies-of-shaolin ('Seven Deadly Butterflies of Shaolin')
[946/1241] import: severin-black ('Severin Black')
[947/1241] import: shade ('Shade')
[948/1241] import: shadow-army ('Shadow Army')
[949/1241] import: shadow-banshees ('Shadow Banshees')
[950/1241] import: shadow-dragons ('Shadow Dragons')
[951/1241] import: shadow-garmadon ('Shadow Garmadon')
[952/1241] import: shadow-minions ('Shadow Minions')
[953/1241] import: shadow-wu ('Shadow Wu')
[954/1241] import: shard ('Shard')
[955/1241] import: shark-army ('Shark Army')
[956/1241] import: shark-army-gunner ('Shark Army Gunner')
[957/1241] import: shark-army-thug ('Shark Army Thug')
[958/1241] import: sharkeesha ('Sharkeesha')
[959/1241] import: sharkizuki ('Sharkizuki')
[960/1241] import: sharks ('Sharks')
[961/1241] import: shen ('Shen')
[962/1241] import: shen-li ('Shen-Li')
[963/1241] import: shezada ('Shezada')
[964/1241] import: shifty ('Shifty')
[965/1241] import: shin ('Shin')
[966/1241] import: shintaran-ridgebacks ('Shintaran Ridgebacks')
[967/1241] import: ship-captain ('Ship Captain')
[968/1241] import: shohei ('Shohei')
[969/1241] import: shu ('Shu')
[970/1241] import: simon ('Simon')
[971/1241] import: sir-chomps-a-lot ('Sir Chomps-A-Lot')
[972/1241] import: skales ('Skales')
[973/1241] import: skales-jr ('Skales Jr.')
[974/1241] import: skalidor ('Skalidor')
[975/1241] import: skeleton-army-the-lego-ninjago-movie ('Skeleton Army (The LEGO Ninjago Movie)')
[976/1241] import: skeleton-figurehead ('Skeleton figurehead')
[977/1241] import: skids ('Skids')
[978/1241] import: skinnet ('Skinnet')
[979/1241] import: skip-vicious ('Skip Vicious')
[980/1241] import: skreemers ('Skreemers')
[981/1241] import: skulkin ('Skulkin')
[982/1241] import: skulkin-robots ('Skulkin robots')
[983/1241] import: sky-folk ('Sky Folk')
[984/1241] import: sky-pirates ('Sky Pirates')
[985/1241] import: skylor ('Skylor')
[986/1241] import: skylors-mother ("Skylor's mother")
[987/1241] import: slab ('Slab')
[988/1241] import: slackjaw ('Slackjaw')
[989/1241] import: sleven ('Sleven')
[990/1241] import: slithraa ('Slithraa')
[991/1241] import: slug-merchants ('Slug Merchants')
[992/1241] import: slugs ('Slugs')
[993/1241] import: sly-vipers ('Sly Vipers')
[994/1241] import: smith-daryll ('Smith Daryll')
[995/1241] import: smoke-creatures ('Smoke creatures')
[996/1241] import: smythe ('Smythe')
[997/1241] import: snake-army ('Snake Army')
[998/1241] import: snake-villain ('Snake villain')
[999/1241] import: snake-warriors ('Snake warriors')
[1000/1241] import: snakes ('Snakes')
[1001/1241] import: snappa ('Snappa')
[1002/1241] import: sneak ('Sneak')
[1003/1241] import: sneaky-snakes ('Sneaky Snakes')
[1004/1241] import: snickers ('Snickers')
[1005/1241] import: snike ('Snike')
[1006/1241] import: snivel ('Snivel')
[1007/1241] import: sono ('Sono')
[1008/1241] import: sons-of-garmadon ('Sons of Garmadon')
[1009/1241] import: soon ('Soon')
[1010/1241] import: sora ('Sora')
[1011/1241] import: soras-parents ("Sora's parents")
[1012/1241] import: sorla ('Sorla')
[1013/1241] import: soto ('Soto')
[1014/1241] import: soul-archer ('Soul Archer')
[1015/1241] import: source-dragon-acolytes ('Source Dragon acolytes')
[1016/1241] import: source-dragon-of-balance ('Source Dragon of Balance')
[1017/1241] import: source-dragon-of-energy ('Source Dragon of Energy')
[1018/1241] import: source-dragon-of-flow ('Source Dragon of Flow')
[1019/1241] import: source-dragon-of-focus ('Source Dragon of Focus')
[1020/1241] import: source-dragon-of-life ('Source Dragon of Life')
[1021/1241] import: source-dragon-of-motion ('Source Dragon of Motion')
[1022/1241] import: source-dragon-of-strength ('Source Dragon of Strength')
[1023/1241] import: source-dragons ('Source Dragons')
[1024/1241] import: sparky ('Sparky')
[1025/1241] import: spectral-dragonians ('Spectral Dragonians')
[1026/1241] import: sphinxes ('Sphinxes')
[1027/1241] import: spider-hacker ('Spider Hacker')
[1028/1241] import: spiders ('Spiders')
[1029/1241] import: spin-harmony ('Spin Harmony')
[1030/1241] import: spinjago-citizen ('Spinjago Citizen')
[1031/1241] import: spinjitzufordays99 ('SpinjitzuForDays99')
[1032/1241] import: spirit-dragons ('Spirit Dragons')
[1033/1241] import: spirit-of-the-temple ('Spirit of the Temple')
[1034/1241] import: spirits ('Spirits')
[1035/1241] import: spitta ('Spitta')
[1036/1241] import: spitz ('Spitz')
[1037/1241] import: spokes ('Spokes')
[1038/1241] import: spyder ('Spyder')
[1039/1241] import: spykor ('Spykor')
[1040/1241] import: sqiffy ('Sqiffy')
[1041/1241] import: squirrels ('Squirrels')
[1042/1241] import: ssssssss-underwood ('SsssSsss Underwood')
[1043/1241] import: starteeth ('Starteeth')
[1044/1241] import: steve ('Steve')
[1045/1241] import: stone-army ('Stone Army')
[1046/1241] import: stone-guardians ('Stone Guardians')
[1047/1241] import: stone-hawk ('Stone Hawk')
[1048/1241] import: stone-scouts ('Stone Scouts')
[1049/1241] import: stone-swordsmen ('Stone Swordsmen')
[1050/1241] import: stone-turtles ('Stone turtles')
[1051/1241] import: stone-warriors ('Stone Warriors')
[1052/1241] import: stormbringer ('Stormbringer')
[1053/1241] import: stormbringers-baby ("Stormbringer's baby")
[1054/1241] import: stranded-ninja ('Stranded ninja')
[1055/1241] import: strangle-weed ('Strangle Weed')
[1056/1241] import: street-vendor ('Street Vendor')
[1057/1241] import: strike ('Strike')
[1058/1241] import: stuart-the-mildly-wonderful ('Stuart the Mildly Wonderful')
[1059/1241] import: successful-samurai ('Successful Samurai')
[1060/1241] import: suetonius ('Suetonius')
[1061/1241] import: susan ('Susan')
[1062/1241] import: sushi-chef ('Sushi Chef')
[1063/1241] import: sushimi ('Sushimi')
[1064/1241] import: sushimi-chef ('Sushimi Chef')
[1065/1241] import: sushimis-sushi-chefs ("Sushimi's sushi chefs")
[1066/1241] import: suzie-wheeler ('Suzie Wheeler')
[1067/1241] import: swamp-rats ('Swamp rats')
[1068/1241] import: sweep ('Sweep')
[1069/1241] import: sweeper ('Sweeper')
[1070/1241] import: tai-d ('Tai-D')
[1071/1241] import: takanagi ('Takanagi')
[1072/1241] import: takuma ('Takuma')
[1073/1241] import: talon ('Talon')
[1074/1241] import: tanabrax ('Tanabrax')
[1075/1241] import: tannin ('Tannin')
[1076/1241] import: tarcila ('Tarcila')
[1077/1241] import: targle ('Targle')
[1078/1241] import: tea-vendor ('Tea Vendor')
[1079/1241] import: teal-ninja ('Teal Ninja')
[1080/1241] import: teelk ('Teelk')
[1081/1241] import: ten-speed ('Ten-Speed')
[1082/1241] import: tentacled-beasts ('Tentacled beasts')
[1083/1241] import: terri ('Terri')
[1084/1241] import: the-administrator ('The Administrator')
[1085/1241] import: the-beast ('The Beast')
[1086/1241] import: the-chroma ('The Chroma')
[1087/1241] import: the-fold-characters ('The Fold (characters)')
[1088/1241] import: the-grays ('The Grays')
[1089/1241] import: the-mechanic ('The Mechanic')
[1090/1241] import: the-milk-man ('The Milk Man')
[1091/1241] import: the-needles ('The Needles')
[1092/1241] import: the-ninjagos ('The Ninjagos')
[1093/1241] import: the-omega ('The Omega')
[1094/1241] import: the-overlord ('The Overlord')
[1095/1241] import: the-preeminent ('The Preeminent')
[1096/1241] import: the-resistance-crystalized ('The Resistance (Crystalized)')
[1097/1241] import: the-resistance-hunted ('The Resistance (Hunted)')
[1098/1241] import: the-resistance-imperium ('The Resistance (Imperium)')
[1099/1241] import: the-resistance-never-realm ('The Resistance (Never-Realm)')
[1100/1241] import: the-rolling-bones ('The Rolling Bones')
[1101/1241] import: the-royal-blacksmiths ('The Royal Blacksmiths')
[1102/1241] import: the-wu ('The Wu')
[1103/1241] import: thunder-dragon ('Thunder Dragon')
[1104/1241] import: thunder-keepers ('Thunder Keepers')
[1105/1241] import: thunderfang ('Thunderfang')
[1106/1241] import: tide-folk ('Tide-Folk')
[1107/1241] import: tiger-widows ('Tiger Widows')
[1108/1241] import: tigers ('Tigers')
[1109/1241] import: time-ninja ('Time Ninja')
[1110/1241] import: time-twins ('Time Twins')
[1111/1241] import: tito ('Tito')
[1112/1241] import: tommy ('Tommy')
[1113/1241] import: tommy-student ('Tommy (student)')
[1114/1241] import: tommy-the-lego-ninjago-movie ('Tommy (The LEGO Ninjago Movie)')
[1115/1241] import: tommy-andreasen-character ('Tommy Andreasen (character)')
[1116/1241] import: tony ('Tony')
[1117/1241] import: tope-epot ('Tope-Epot')
[1118/1241] import: toque ('Toque')
[1119/1241] import: torben ('Torben')
[1120/1241] import: torex ('Torex')
[1121/1241] import: tour-guide ('Tour Guide')
[1122/1241] import: tourist-kid ('Tourist Kid')
[1123/1241] import: tourist-kids-parents ("Tourist Kid's parents")
[1124/1241] import: tox ('Tox')
[1125/1241] import: toxic-vipers ('Toxic Vipers')
[1126/1241] import: training-dummy ('Training dummy')
[1127/1241] import: translucent-blue-viper ('Translucent Blue Viper')
[1128/1241] import: translucent-orange-viper ('Translucent Orange Viper')
[1129/1241] import: translucent-purple-vipers ('Translucent Purple Vipers')
[1130/1241] import: treble-makers ('Treble Makers')
[1131/1241] import: treehorn-queen ('Treehorn queen')
[1132/1241] import: treehorns ('Treehorns')
[1133/1241] import: treg ('Treg')
[1134/1241] import: trexxs ('Trexxs')
[1135/1241] import: trimaar ('Trimaar')
[1136/1241] import: trimaars-ancestor ("Trimaar's ancestor")
[1137/1241] import: tween-lloyd ('Tween Lloyd')
[1138/1241] import: twitchy-tim ('Twitchy Tim')
[1139/1241] import: two-moon-village-commandos ('Two Moon Village Commandos')
[1140/1241] import: two-moon-villagers ('Two Moon villagers')
[1141/1241] import: tyr ('Tyr')
[1142/1241] import: uchida ('Uchida')
[1143/1241] import: ultra-dragon ('Ultra Dragon')
[1144/1241] import: ultra-violet ('Ultra Violet')
[1145/1241] import: ulysses-trustable ('Ulysses Trustable')
[1146/1241] import: ume ('Ume')
[1147/1241] import: unagami ('Unagami')
[1148/1241] import: unagamis-army ("Unagami's army")
[1149/1241] import: undead-mino ('Undead Mino')
[1150/1241] import: underhill ('Underhill')
[1151/1241] import: unknown-elemental-master-geckle ('Unknown Elemental Master (Geckle)')
[1152/1241] import: unknown-elemental-master-greenbone-warrior ('Unknown Elemental Master (Greenbone Warrior)')
[1153/1241] import: unknown-elemental-master-hypnobrai ('Unknown Elemental Master (Hypnobrai)')
[1154/1241] import: upply ('Upply')
[1155/1241] import: urd-leatherwing ('Urd Leatherwing')
[1156/1241] import: uthaug ('Uthaug')
[1157/1241] import: vangelis ('Vangelis')
[1158/1241] import: vania ('Vania')
[1159/1241] import: vastodectrus-venemous ('Vastodectrus Venemous')
[1160/1241] import: vengestone-brutes ('Vengestone Brutes')
[1161/1241] import: vengestone-guards ('Vengestone Guards')
[1162/1241] import: vengestone-seller ('Vengestone seller')
[1163/1241] import: vengestone-warriors ('Vengestone Warriors')
[1164/1241] import: venomari ('Venomari')
[1165/1241] import: vermillion ('Vermillion')
[1166/1241] import: vermin ('Vermin')
[1167/1241] import: vex ('Vex')
[1168/1241] import: vinny-folson ('Vinny Folson')
[1169/1241] import: violet ('Violet')
[1170/1241] import: viper-flyers ('Viper Flyers')
[1171/1241] import: vipers ('Vipers')
[1172/1241] import: vlad-tutu ('Vlad Tutu')
[1173/1241] import: wail ('Wail')
[1174/1241] import: wallopers ('Wallopers')
[1175/1241] import: warby ('Warby')
[1176/1241] import: warriors-of-felis ('Warriors of Felis')
[1177/1241] import: water-dragon-core ('Water Dragon (Core)')
[1178/1241] import: water-dragons-dragons-rising ('Water Dragons (Dragons Rising)')
[1179/1241] import: water-tides ('Water-Tides')
[1180/1241] import: whack-rats ('Whack Rats')
[1181/1241] import: whales ('Whales')
[1182/1241] import: whiplash ('Whiplash')
[1183/1241] import: whoosh ('Whoosh')
  ERROR whoosh: No wiki overview page: 'Whoosh'
[1184/1241] import: wild-bill-ticktock ('Wild Bill TickTock')
[1185/1241] import: will ('Will')
[1186/1241] import: william-toughbutt ('William Toughbutt')
[1187/1241] import: wind-dragons ('Wind Dragons')
[1188/1241] import: winged-monkeys ('Winged monkeys')
[1189/1241] import: wisp ('Wisp')
[1190/1241] import: wizard-guard ('Wizard Guard')
[1191/1241] import: wizards ('Wizards')
[1192/1241] import: wojira ('Wojira')
[1193/1241] import: wolf-clan ('Wolf Clan')
[1194/1241] import: wolf-mask-general ('Wolf Mask General')
[1195/1241] import: wolf-mask-guards ('Wolf Mask Guards')
[1196/1241] import: wolf-mask-warriors ('Wolf Mask Warriors')
[1197/1241] import: wolf-warriors ('Wolf warriors')
[1198/1241] import: wolves ('Wolves')
[1199/1241] import: wooo ('Wooo')
[1200/1241] import: workshop-mechanic ('Workshop Mechanic')
[1201/1241] import: wrayth ('Wrayth')
[1202/1241] import: writers-of-destiny ('Writers of Destiny')
[1203/1241] import: wu-the-lego-ninjago-movie ('Wu (The LEGO Ninjago Movie)')
[1204/1241] import: wu-and-garmadons-parents ("Wu and Garmadon's parents")
[1205/1241] import: wus-academy-students ("Wu's Academy students")
[1206/1241] import: wus-chicken ("Wu's chicken")
[1207/1241] import: wus-dog ("Wu's dog")
[1208/1241] import: wyldfyre ('Wyldfyre')
[1209/1241] import: wyldfyres-family ("Wyldfyre's family")
[1210/1241] import: wylie ('Wylie')
[1211/1241] import: wyplash ('Wyplash')
[1212/1241] import: xerot ('Xerot')
[1213/1241] import: yaks ('Yaks')
[1214/1241] import: yana ('Yana')
[1215/1241] import: yang ('Yang')
[1216/1241] import: yangs-students ("Yang's students")
[1217/1241] import: yello-beez ('Yello Beez')
[1218/1241] import: yellow-ninja ('Yellow Ninja')
[1219/1241] import: yeti ('Yeti')
[1220/1241] import: yinyang-dragons ('YinYang Dragons')
[1221/1241] import: yokai ('Yokai')
[1222/1241] import: young-lloyd ('Young Lloyd')
[1223/1241] import: z-blob ('Z-Blob')
[1224/1241] import: zaiden-kane ('Zaiden Kane')
[1225/1241] import: zane-the-lego-movie ('Zane (The LEGO Movie)')
[1226/1241] import: zane-the-lego-ninjago-movie ('Zane (The LEGO Ninjago Movie)')
[1227/1241] import: zanes-mino ("Zane's Mino")
[1228/1241] import: zant-tanz ('Zant-Tanz')
[1229/1241] import: zanth ('Zanth')
[1230/1241] import: zarkar ('Zarkar')
[1231/1241] import: zarkt ('Zarkt')
[1232/1241] import: zeatrix ('Zeatrix')
[1233/1241] import: zian ('Zian')
[1234/1241] import: zilvar ('Zilvar')
[1235/1241] import: zippy ('Zippy')
[1236/1241] import: zippys-uncle ("Zippy's uncle")
[1237/1241] import: zoey ('Zoey')
[1238/1241] import: zoltar ('Zoltar')
[1239/1241] import: zugu ('Zugu')
[1240/1241] import: zur ('Zur')
[1241/1241] import: zuri ('Zuri')
Done. imported=1237 skipped=0 failed=4 (of 1241 processed; 1241 in file).
Wrote /Users/evan/Downloads/ninjago site/assets/data/site_routes.json — 13740 paths, 7479 title keys (6239 from wiki_pages.json).
Wrote /Users/evan/Downloads/ninjago site/assets/data/wiki_search_index.json — 5792 wiki + 1241 character entr(y/ies) (search enrich=on).
Wrote /Users/evan/Downloads/ninjago site/assets/data/sets_index.json — 39 groups, 1254 sets (mirrored only)
Wrote /Users/evan/Downloads/ninjago site/assets/data/weapons_index.json — 27 groups, 553 weapons (mirrored only)
Wrote /Users/evan/Downloads/ninjago site/assets/data/media_index.json — 3 groups, 130 items (mirrored only)
Wrote /Users/evan/Downloads/ninjago site/assets/data/episodes_index.json — 35 season groups, 359 episodes
Wrote /Users/evan/Downloads/ninjago site/assets/data/episodes_index.json — 35 season groups, 359 episodes
Wrote /Users/evan/Downloads/ninjago site/assets/data/sets_index.json — 39 groups, 1254 sets (mirrored only)
Wrote /Users/evan/Downloads/ninjago site/assets/data/weapons_index.json — 27 groups, 553 weapons (mirrored only)
Wrote /Users/evan/Downloads/ninjago site/assets/data/media_index.json — 3 groups, 130 items (mirrored only)
Loaded 1241 character manifest rows; 13740 wiki paths map to local pages (characters + site_routes).
WROTE: fandom→local 17547, /characters#→/characters/ 0 (17547 total) in 220 file(s); scanned 7505 html.
=== Full wiki sync finished Fri Jun  5 14:35:37 PDT 2026 ===
